{"type":"FeatureCollection","name":"Carabobo_Municipios","features":[{"type":"Feature","properties":{"name":"Puerto Cabello","admin_level":"6","osm_id":2689581},"geometry":{"type":"MultiPolygon","coordinates":[[[[-67.85681,10.4869],[-67.85727,10.48687],[-67.85797,10.48697],[-67.85839,10.48702],[-67.85882,10.48703],[-67.85938,10.48702],[-67.85996,10.48698],[-67.86112,10.48675],[-67.86158,10.4866],[-67.8619,10.48664],[-67.86308,10.48662],[-67.86311,10.48661],[-67.86395,10.48667],[-67.86513,10.48658],[-67.86628,10.48633],[-67.86739,10.48593],[-67.86843,10.48537],[-67.86877,10.48512],[-67.86888,10.48519],[-67.86997,10.48565],[-67.87111,10.48595],[-67.87228,10.48609],[-67.87298,10.48613],[-67.87307,10.48613],[-67.87425,10.4861],[-67.87464,10.48603],[-67.87483,10.48603],[-67.87583,10.4861],[-67.87701,10.48602],[-67.87816,10.48579],[-67.87927,10.48539],[-67.88032,10.48485],[-67.88067,10.48463],[-67.88152,10.48403],[-67.88238,10.48324],[-67.8828,10.48274],[-67.88297,10.48282],[-67.88301,10.48285],[-67.88307,10.48287],[-67.88377,10.4832],[-67.8849,10.48355],[-67.88505,10.48359],[-67.88619,10.48378],[-67.88737,10.48381],[-67.88854,10.48368],[-67.88968,10.4834],[-67.89078,10.48295],[-67.89133,10.48263],[-67.89137,10.48261],[-67.89141,10.48259],[-67.89179,10.48236],[-67.89217,10.48207],[-67.89235,10.48195],[-67.89239,10.48191],[-67.89255,10.48211],[-67.89337,10.48295],[-67.89431,10.48366],[-67.89533,10.48424],[-67.89643,10.48467],[-67.8971,10.48483],[-67.89727,10.48488],[-67.89743,10.48491],[-67.89758,10.48495],[-67.89775,10.48497],[-67.89786,10.48499],[-67.89844,10.48505],[-67.8987,10.48506],[-67.89875,10.48506],[-67.89883,10.48506],[-67.89962,10.48506],[-67.90079,10.48491],[-67.90193,10.4846],[-67.90248,10.48436],[-67.90274,10.48425],[-67.90282,10.48421],[-67.90301,10.48413],[-67.90329,10.48396],[-67.90378,10.48371],[-67.90417,10.48343],[-67.90427,10.48337],[-67.90453,10.48318],[-67.90465,10.48309],[-67.90474,10.48302],[-67.90518,10.48263],[-67.90554,10.48225],[-67.90559,10.4822],[-67.90561,10.48217],[-67.90598,10.48178],[-67.90644,10.48112],[-67.90663,10.48103],[-67.90752,10.48044],[-67.90768,10.48038],[-67.90871,10.47981],[-67.90965,10.4791],[-67.91048,10.47827],[-67.91105,10.47761],[-67.91135,10.47725],[-67.91189,10.47701],[-67.9129,10.47641],[-67.91323,10.47618],[-67.91396,10.47561],[-67.91478,10.47478],[-67.91549,10.47385],[-67.91605,10.47282],[-67.91647,10.47173],[-67.91651,10.47154],[-67.91701,10.47105],[-67.9173,10.47074],[-67.91803,10.46982],[-67.91831,10.46942],[-67.91877,10.46867],[-67.91912,10.46803],[-67.91986,10.46784],[-67.92095,10.46739],[-67.92197,10.4668],[-67.92243,10.46644],[-67.92238,10.46727],[-67.92249,10.46843],[-67.92275,10.46957],[-67.92317,10.47066],[-67.92347,10.4713],[-67.92367,10.47237],[-67.92419,10.47435],[-67.92426,10.47461],[-67.92466,10.4757],[-67.92522,10.47673],[-67.92592,10.47767],[-67.92674,10.47851],[-67.92767,10.47923],[-67.9287,10.47981],[-67.92979,10.48024],[-67.93094,10.48052],[-67.93211,10.48064],[-67.93329,10.48059],[-67.93401,10.48052],[-67.9341,10.48051],[-67.93432,10.48046],[-67.93403,10.48129],[-67.93386,10.48185],[-67.93363,10.48299],[-67.93356,10.48416],[-67.9336,10.48486],[-67.93363,10.48518],[-67.93371,10.48576],[-67.93378,10.48608],[-67.93376,10.48622],[-67.93368,10.48679],[-67.93364,10.48779],[-67.93365,10.48837],[-67.93368,10.48895],[-67.93387,10.4901],[-67.93401,10.49063],[-67.93414,10.49106],[-67.93433,10.49161],[-67.93482,10.49267],[-67.93492,10.49283],[-67.93504,10.49304],[-67.93535,10.49353],[-67.93608,10.49445],[-67.93693,10.49526],[-67.93728,10.49554],[-67.93745,10.49566],[-67.9375,10.49572],[-67.93792,10.49613],[-67.93884,10.49686],[-67.93925,10.4971],[-67.9398,10.49756],[-67.93996,10.49767],[-67.94046,10.498],[-67.94096,10.49832],[-67.94119,10.49843],[-67.94142,10.49864],[-67.94241,10.49928],[-67.94348,10.49978],[-67.94364,10.49984],[-67.94402,10.49997],[-67.94458,10.50015],[-67.9446,10.50016],[-67.94485,10.50027],[-67.94507,10.50036],[-67.94576,10.50061],[-67.94605,10.50071],[-67.94619,10.50077],[-67.94658,10.50093],[-67.94682,10.50102],[-67.94738,10.50121],[-67.94829,10.50142],[-67.94874,10.5015],[-67.94932,10.50158],[-67.95009,10.50163],[-67.95069,10.50164],[-67.95128,10.50163],[-67.95245,10.50149],[-67.95265,10.50144],[-67.95318,10.50137],[-67.9535,10.50129],[-67.95351,10.5013],[-67.95382,10.50167],[-67.95389,10.50177],[-67.95411,10.50202],[-67.9542,10.50213],[-67.95428,10.50221],[-67.9547,10.50262],[-67.9551,10.50294],[-67.95514,10.50298],[-67.95518,10.50301],[-67.95562,10.50335],[-67.95587,10.5035],[-67.95605,10.50365],[-67.9563,10.50383],[-67.95635,10.50386],[-67.95642,10.50391],[-67.95702,10.50432],[-67.95807,10.50485],[-67.95843,10.50497],[-67.95849,10.505],[-67.95875,10.50509],[-67.95894,10.50516],[-67.95905,10.50519],[-67.95913,10.50521],[-67.95919,10.50523],[-67.95921,10.50523],[-67.95962,10.50533],[-67.96033,10.50544],[-67.96035,10.50544],[-67.96036,10.50545],[-67.96078,10.50551],[-67.9611,10.50553],[-67.96169,10.50556],[-67.96239,10.50554],[-67.96261,10.50553],[-67.96263,10.50552],[-67.96262,10.5061],[-67.96261,10.50618],[-67.96262,10.5064],[-67.96261,10.5066],[-67.96262,10.50677],[-67.96267,10.50735],[-67.96275,10.50777],[-67.96276,10.50788],[-67.9628,10.50802],[-67.96289,10.5085],[-67.963,10.50884],[-67.96304,10.50901],[-67.9632,10.50944],[-67.96322,10.50951],[-67.96324,10.50956],[-67.96325,10.50957],[-67.96327,10.5096],[-67.96327,10.50962],[-67.96349,10.51009],[-67.9637,10.51046],[-67.96379,10.51065],[-67.96388,10.51077],[-67.96407,10.5111],[-67.96415,10.5112],[-67.96429,10.51147],[-67.96435,10.51159],[-67.9644,10.51167],[-67.96447,10.5118],[-67.96459,10.51199],[-67.96466,10.51209],[-67.965,10.51256],[-67.96516,10.51274],[-67.96516,10.51275],[-67.96518,10.51276],[-67.96578,10.51344],[-67.96594,10.51358],[-67.9661,10.51378],[-67.96694,10.5146],[-67.96725,10.51483],[-67.96753,10.51508],[-67.96799,10.51545],[-67.96811,10.51553],[-67.96844,10.5158],[-67.96868,10.51596],[-67.96918,10.51628],[-67.96972,10.51658],[-67.96987,10.51665],[-67.97035,10.51692],[-67.97085,10.51713],[-67.97094,10.51717],[-67.97121,10.51728],[-67.97139,10.51735],[-67.97144,10.51738],[-67.97146,10.51738],[-67.97176,10.5175],[-67.97214,10.51762],[-67.97254,10.51774],[-67.97311,10.51789],[-67.9737,10.51798],[-67.97432,10.51809],[-67.9746,10.51813],[-67.97519,10.51818],[-67.97584,10.5182],[-67.976,10.5182],[-67.97659,10.51817],[-67.97702,10.51811],[-67.97702,10.51811],[-67.97706,10.5181],[-67.97744,10.51805],[-67.97761,10.51802],[-67.97818,10.51789],[-67.97845,10.51782],[-67.97856,10.51779],[-67.97912,10.5176],[-67.97927,10.51753],[-67.97939,10.51751],[-67.97981,10.51734],[-67.98006,10.51726],[-67.98039,10.5171],[-67.98048,10.51707],[-67.98055,10.51704],[-67.98059,10.51701],[-67.98111,10.51674],[-67.98135,10.51657],[-67.9815,10.51649],[-67.98167,10.51636],[-67.9818,10.51627],[-67.98189,10.51621],[-67.98196,10.51616],[-67.98209,10.51608],[-67.98226,10.51594],[-67.98236,10.51585],[-67.9828,10.51546],[-67.98285,10.51542],[-67.98301,10.51526],[-67.98342,10.51483],[-67.98374,10.51443],[-67.98397,10.51417],[-67.98462,10.51319],[-67.98513,10.51214],[-67.98548,10.51103],[-67.9855,10.51096],[-67.98551,10.5109],[-67.98554,10.51081],[-67.98556,10.5107],[-67.98558,10.51061],[-67.98561,10.5105],[-67.98566,10.51028],[-67.98568,10.51018],[-67.98574,10.50984],[-67.98579,10.50925],[-67.98581,10.50913],[-67.98581,10.50907],[-67.98584,10.50868],[-67.98578,10.50751],[-67.98571,10.50717],[-67.98571,10.50707],[-67.98569,10.50696],[-67.98564,10.50668],[-67.98562,10.50661],[-67.98561,10.50655],[-67.98557,10.50627],[-67.98543,10.50573],[-67.98542,10.50567],[-67.98533,10.50535],[-67.98531,10.50527],[-67.98528,10.50516],[-67.98527,10.50514],[-67.98527,10.50514],[-67.98523,10.50502],[-67.98522,10.50499],[-67.98507,10.50455],[-67.98492,10.50424],[-67.98489,10.50418],[-67.98487,10.50414],[-67.98483,10.50402],[-67.98463,10.50364],[-67.98456,10.5035],[-67.98451,10.5034],[-67.98427,10.503],[-67.98424,10.50295],[-67.98421,10.50291],[-67.98388,10.50243],[-67.98382,10.50235],[-67.98376,10.50226],[-67.98357,10.502],[-67.9835,10.50191],[-67.98335,10.50173],[-67.98316,10.50149],[-67.98292,10.50124],[-67.98289,10.5012],[-67.98264,10.50096],[-67.98234,10.50065],[-67.98224,10.50057],[-67.98203,10.50039],[-67.98194,10.50032],[-67.98184,10.50024],[-67.98174,10.50016],[-67.98172,10.50013],[-67.98125,10.49968],[-67.9812,10.49963],[-67.98118,10.4996],[-67.98117,10.4996],[-67.98098,10.49936],[-67.98091,10.49928],[-67.98082,10.49919],[-67.97994,10.49841],[-67.97971,10.49826],[-67.97969,10.49824],[-67.97964,10.4982],[-67.97958,10.49816],[-67.97908,10.49783],[-67.97897,10.49774],[-67.97885,10.49768],[-67.97877,10.49762],[-67.97978,10.49774],[-67.98063,10.49779],[-67.98158,10.4981],[-67.98205,10.49823],[-67.98213,10.49845],[-67.98262,10.49951],[-67.98325,10.5005],[-67.98369,10.50109],[-67.9842,10.50171],[-67.98505,10.50252],[-67.98536,10.50278],[-67.98565,10.50303],[-67.98579,10.50315],[-67.98675,10.50383],[-67.98779,10.50437],[-67.98889,10.50484],[-67.98909,10.50493],[-67.99021,10.50529],[-67.99137,10.5055],[-67.99196,10.50556],[-67.99258,10.50561],[-67.9932,10.50563],[-67.99359,10.50563],[-67.99476,10.50554],[-67.99592,10.50528],[-67.99702,10.50487],[-67.99744,10.50468],[-67.99789,10.50446],[-67.99889,10.50384],[-67.9998,10.50309],[-68.00058,10.50222],[-68.00124,10.50125],[-68.00176,10.5002],[-68.00187,10.49993],[-68.00219,10.49898],[-68.00226,10.49863],[-68.00346,10.49817],[-68.00484,10.49871],[-68.00576,10.49901],[-68.00692,10.49923],[-68.0081,10.49929],[-68.00927,10.49919],[-68.01042,10.49893],[-68.01162,10.49857],[-68.01232,10.49832],[-68.01338,10.49781],[-68.01436,10.49715],[-68.01523,10.49637],[-68.01599,10.49547],[-68.01661,10.49448],[-68.01709,10.49341],[-68.01759,10.49205],[-68.01764,10.49193],[-68.01785,10.49113],[-68.01807,10.49081],[-68.01859,10.48976],[-68.01896,10.48865],[-68.01946,10.48671],[-68.01964,10.4858],[-68.01972,10.48463],[-68.01963,10.48349],[-68.01973,10.4835],[-68.02046,10.4835],[-68.02067,10.48348],[-68.02163,10.48338],[-68.02242,10.48319],[-68.0228,10.48329],[-68.02448,10.48395],[-68.02603,10.48462],[-68.02664,10.48485],[-68.02719,10.48514],[-68.02684,10.48616],[-68.02662,10.48731],[-68.02657,10.48848],[-68.02668,10.48964],[-68.02695,10.49078],[-68.02738,10.49186],[-68.02796,10.49288],[-68.02867,10.49381],[-68.02951,10.49463],[-68.03046,10.49533],[-68.03149,10.49589],[-68.03161,10.49593],[-68.03171,10.49636],[-68.03213,10.49745],[-68.0327,10.49847],[-68.03278,10.49858],[-68.03285,10.4987],[-68.03291,10.49881],[-68.03324,10.49929],[-68.03335,10.49941],[-68.03354,10.49972],[-68.03383,10.50007],[-68.0339,10.50016],[-68.03412,10.50042],[-68.03421,10.50052],[-68.03429,10.5006],[-68.03449,10.50081],[-68.03457,10.50089],[-68.03466,10.50097],[-68.03471,10.50101],[-68.03472,10.50102],[-68.03501,10.50128],[-68.03595,10.50198],[-68.03698,10.50255],[-68.03741,10.50273],[-68.03752,10.50277],[-68.03807,10.50297],[-68.03851,10.50308],[-68.03861,10.50311],[-68.03899,10.5032],[-68.03907,10.50322],[-68.03914,10.50323],[-68.03921,10.50324],[-68.0398,10.50334],[-68.04031,10.50337],[-68.04041,10.50338],[-68.04069,10.50339],[-68.04086,10.50341],[-68.041,10.50341],[-68.04111,10.50341],[-68.04122,10.50341],[-68.04136,10.50341],[-68.04195,10.50338],[-68.04311,10.50322],[-68.04349,10.50313],[-68.0436,10.50311],[-68.04416,10.50294],[-68.04462,10.50275],[-68.04478,10.5027],[-68.04511,10.50255],[-68.04522,10.5025],[-68.04532,10.50246],[-68.04584,10.50218],[-68.04619,10.50194],[-68.04627,10.50189],[-68.04632,10.50185],[-68.04641,10.5018],[-68.0465,10.50173],[-68.04651,10.50173],[-68.04659,10.50167],[-68.04662,10.50165],[-68.04675,10.50156],[-68.04681,10.50152],[-68.04682,10.50151],[-68.04699,10.50139],[-68.04787,10.50062],[-68.04833,10.50009],[-68.04859,10.50018],[-68.0486,10.50019],[-68.04918,10.5006],[-68.05022,10.50116],[-68.05132,10.50158],[-68.05148,10.50161],[-68.05167,10.50185],[-68.05251,10.50267],[-68.05341,10.50333],[-68.05359,10.50347],[-68.05391,10.50369],[-68.05434,10.50397],[-68.05436,10.50398],[-68.05488,10.50437],[-68.0559,10.50496],[-68.057,10.50539],[-68.05742,10.50553],[-68.05769,10.50561],[-68.05814,10.5057],[-68.0582,10.50572],[-68.05935,10.50598],[-68.06006,10.50608],[-68.06019,10.5061],[-68.06137,10.50618],[-68.06254,10.50609],[-68.06269,10.50606],[-68.06377,10.50593],[-68.06403,10.50587],[-68.06416,10.50586],[-68.06495,10.50573],[-68.06609,10.5054],[-68.06653,10.50524],[-68.06661,10.50521],[-68.06703,10.50506],[-68.06781,10.5055],[-68.0689,10.50593],[-68.0692,10.50601],[-68.06987,10.50627],[-68.07101,10.50655],[-68.07219,10.50667],[-68.07337,10.50662],[-68.07386,10.50657],[-68.07455,10.50647],[-68.07569,10.50617],[-68.07637,10.50594],[-68.07707,10.50567],[-68.0777,10.50539],[-68.07878,10.50494],[-68.0789,10.50489],[-68.07994,10.50434],[-68.0809,10.50366],[-68.08134,10.50324],[-68.08139,10.5032],[-68.08195,10.50274],[-68.08274,10.50192],[-68.08379,10.50236],[-68.08419,10.50252],[-68.08533,10.50284],[-68.08616,10.50302],[-68.08618,10.50302],[-68.08735,10.50318],[-68.08853,10.50318],[-68.08924,10.50313],[-68.08972,10.50308],[-68.09088,10.50285],[-68.09199,10.50246],[-68.09304,10.50192],[-68.09352,10.50163],[-68.0937,10.50152],[-68.09465,10.50082],[-68.09548,10.49999],[-68.09584,10.49958],[-68.09598,10.49943],[-68.09649,10.49872],[-68.09754,10.49851],[-68.09866,10.49813],[-68.09971,10.49759],[-68.10004,10.49736],[-68.10015,10.4973],[-68.1005,10.49704],[-68.10067,10.49692],[-68.10076,10.49685],[-68.10108,10.49658],[-68.10124,10.49641],[-68.10133,10.49633],[-68.1018,10.49584],[-68.1019,10.49574],[-68.10193,10.4957],[-68.10212,10.49547],[-68.10242,10.49503],[-68.10259,10.49479],[-68.10264,10.4947],[-68.10278,10.4945],[-68.10309,10.49386],[-68.10314,10.49376],[-68.10316,10.49373],[-68.10329,10.49345],[-68.10364,10.49239],[-68.10463,10.49127],[-68.10541,10.49089],[-68.10579,10.49067],[-68.1064,10.49029],[-68.10725,10.48961],[-68.11194,10.49202],[-68.11291,10.49262],[-68.11279,10.49346],[-68.11278,10.49463],[-68.11294,10.49579],[-68.11326,10.49691],[-68.11374,10.49798],[-68.11436,10.49897],[-68.11511,10.49987],[-68.11599,10.50065],[-68.11696,10.50131],[-68.11758,10.50161],[-68.11761,10.50163],[-68.11866,10.50216],[-68.11978,10.50254],[-68.11998,10.50258],[-68.12033,10.50343],[-68.12092,10.50445],[-68.12126,10.50488],[-68.12135,10.50502],[-68.12156,10.50527],[-68.12164,10.50537],[-68.12173,10.50546],[-68.12214,10.50589],[-68.12246,10.50616],[-68.12249,10.50618],[-68.12252,10.5062],[-68.12304,10.50664],[-68.12404,10.50727],[-68.12512,10.50774],[-68.12625,10.50807],[-68.12742,10.50823],[-68.1286,10.50823],[-68.12977,10.50807],[-68.13091,10.50775],[-68.1316,10.50745],[-68.13205,10.50731],[-68.13312,10.50681],[-68.1341,10.50617],[-68.13499,10.50541],[-68.13525,10.50515],[-68.13552,10.50487],[-68.13625,10.50395],[-68.13684,10.50294],[-68.13685,10.5029],[-68.13708,10.50264],[-68.13714,10.50257],[-68.13717,10.50253],[-68.13741,10.50218],[-68.1375,10.50208],[-68.13774,10.50171],[-68.13784,10.50157],[-68.13789,10.50148],[-68.13809,10.50111],[-68.1381,10.50111],[-68.1381,10.5011],[-68.13811,10.50108],[-68.13815,10.50101],[-68.13836,10.50052],[-68.13846,10.50033],[-68.13856,10.50008],[-68.13858,10.50004],[-68.1386,10.49998],[-68.13868,10.49973],[-68.1387,10.49968],[-68.13879,10.49938],[-68.13884,10.49922],[-68.13886,10.49915],[-68.13891,10.49889],[-68.13396,10.49235],[-68.13806,10.48776],[-68.13845,10.48776],[-68.13863,10.48774],[-68.13873,10.48772],[-68.13885,10.48767],[-68.13889,10.4876],[-68.13895,10.48738],[-68.13899,10.48716],[-68.13901,10.48708],[-68.13903,10.487],[-68.13907,10.48692],[-68.13908,10.48681],[-68.13909,10.48669],[-68.13911,10.48659],[-68.13915,10.48653],[-68.13921,10.4865],[-68.13926,10.48652],[-68.13932,10.48658],[-68.13938,10.48675],[-68.13944,10.48693],[-68.13949,10.48702],[-68.13954,10.48706],[-68.13959,10.48705],[-68.13966,10.48702],[-68.13975,10.48695],[-68.13996,10.48679],[-68.14004,10.48674],[-68.14009,10.48669],[-68.14015,10.48662],[-68.14018,10.4865],[-68.14023,10.48626],[-68.14025,10.48613],[-68.14029,10.48603],[-68.14038,10.48593],[-68.14051,10.48588],[-68.14065,10.48585],[-68.14102,10.48586],[-68.14114,10.48586],[-68.14124,10.48585],[-68.14132,10.4858],[-68.1414,10.48572],[-68.14144,10.4856],[-68.14146,10.48546],[-68.14145,10.48537],[-68.1414,10.4853],[-68.14133,10.48527],[-68.14124,10.48527],[-68.14116,10.48528],[-68.1411,10.48528],[-68.14104,10.48525],[-68.141,10.48518],[-68.14099,10.48511],[-68.141,10.48499],[-68.14105,10.48486],[-68.14114,10.48466],[-68.14123,10.48456],[-68.14131,10.48449],[-68.1415,10.48441],[-68.14173,10.48436],[-68.14201,10.48434],[-68.14246,10.48441],[-68.1427,10.48447],[-68.14286,10.48451],[-68.14297,10.4845],[-68.14312,10.48444],[-68.14323,10.48431],[-68.14332,10.484],[-68.14338,10.48373],[-68.14342,10.48348],[-68.1434,10.48328],[-68.14333,10.48312],[-68.14319,10.48289],[-68.1431,10.48261],[-68.14308,10.48245],[-68.14305,10.48216],[-68.14309,10.48132],[-68.14312,10.48052],[-68.14316,10.47971],[-68.14319,10.47937],[-68.1432,10.47907],[-68.14316,10.47883],[-68.14326,10.47871],[-68.14322,10.47861],[-68.14318,10.47842],[-68.14305,10.478],[-68.14284,10.47764],[-68.14261,10.47733],[-68.14242,10.47716],[-68.14224,10.47702],[-68.14212,10.47693],[-68.14193,10.47668],[-68.14187,10.47636],[-68.1418,10.47582],[-68.14177,10.47543],[-68.14176,10.47524],[-68.1418,10.47501],[-68.14188,10.47466],[-68.14194,10.47428],[-68.14197,10.47391],[-68.14202,10.47351],[-68.14205,10.4733],[-68.14212,10.47311],[-68.14229,10.47291],[-68.14257,10.47274],[-68.14288,10.47261],[-68.14364,10.4723],[-68.1444,10.47204],[-68.14533,10.47184],[-68.14604,10.47176],[-68.14723,10.4717],[-68.14785,10.47171],[-68.14827,10.47183],[-68.14857,10.472],[-68.14878,10.4722],[-68.14909,10.47256],[-68.14929,10.47281],[-68.14947,10.47305],[-68.15009,10.47361],[-68.15033,10.47376],[-68.15051,10.47379],[-68.15068,10.47378],[-68.15085,10.4737],[-68.15097,10.47356],[-68.15103,10.47343],[-68.15105,10.47321],[-68.15102,10.47301],[-68.15095,10.47277],[-68.15084,10.47257],[-68.15068,10.47232],[-68.15038,10.47201],[-68.15019,10.47184],[-68.1501,10.47168],[-68.15007,10.47157],[-68.15008,10.47143],[-68.15012,10.47129],[-68.15022,10.47113],[-68.15057,10.47071],[-68.15068,10.47057],[-68.1507,10.47052],[-68.1507,10.4704],[-68.15063,10.47027],[-68.15049,10.47016],[-68.15025,10.47004],[-68.15002,10.46987],[-68.14982,10.46965],[-68.14965,10.46936],[-68.14943,10.46893],[-68.14927,10.46877],[-68.14913,10.46868],[-68.14898,10.46864],[-68.1488,10.46865],[-68.14866,10.4687],[-68.14847,10.46879],[-68.1483,10.46885],[-68.14812,10.46889],[-68.14788,10.46891],[-68.14771,10.46889],[-68.14758,10.46884],[-68.14748,10.46876],[-68.14744,10.46865],[-68.14742,10.4685],[-68.14742,10.46839],[-68.14747,10.46809],[-68.14759,10.46787],[-68.14783,10.46745],[-68.1479,10.46724],[-68.14795,10.46704],[-68.14795,10.46679],[-68.14789,10.46627],[-68.14781,10.46598],[-68.14775,10.46576],[-68.14765,10.46557],[-68.14744,10.46538],[-68.1472,10.46524],[-68.14695,10.46509],[-68.14654,10.46479],[-68.146,10.46439],[-68.14578,10.46421],[-68.1456,10.46399],[-68.14548,10.4638],[-68.14539,10.46355],[-68.14534,10.46327],[-68.14532,10.46297],[-68.14536,10.46274],[-68.14545,10.46253],[-68.14559,10.46232],[-68.14577,10.46214],[-68.14613,10.46192],[-68.14636,10.46175],[-68.14655,10.46156],[-68.14668,10.46142],[-68.14678,10.46134],[-68.14693,10.46128],[-68.14706,10.46127],[-68.1472,10.46129],[-68.14739,10.46139],[-68.1477,10.4616],[-68.14786,10.46172],[-68.14803,10.46183],[-68.14818,10.46187],[-68.14846,10.46185],[-68.14878,10.46178],[-68.14904,10.4617],[-68.14928,10.46154],[-68.14939,10.46137],[-68.14943,10.46117],[-68.14941,10.461],[-68.1493,10.4608],[-68.14915,10.46067],[-68.1489,10.46053],[-68.14848,10.46039],[-68.14774,10.46014],[-68.14742,10.46004],[-68.1472,10.45989],[-68.14706,10.45971],[-68.14694,10.45954],[-68.1469,10.45937],[-68.14686,10.45913],[-68.14689,10.45896],[-68.14694,10.45884],[-68.14703,10.4587],[-68.14718,10.4586],[-68.14735,10.45854],[-68.14759,10.45855],[-68.14805,10.45862],[-68.14872,10.45862],[-68.1491,10.45864],[-68.1494,10.4587],[-68.14982,10.45874],[-68.1503,10.45874],[-68.15106,10.45874],[-68.15155,10.4587],[-68.15205,10.4586],[-68.15381,10.45813],[-68.15412,10.45806],[-68.15432,10.45796],[-68.15445,10.45785],[-68.15457,10.45764],[-68.15459,10.45744],[-68.15452,10.45729],[-68.15438,10.45711],[-68.15428,10.457],[-68.15418,10.45685],[-68.15408,10.45659],[-68.15402,10.45636],[-68.15399,10.45614],[-68.15405,10.45596],[-68.15419,10.45583],[-68.15436,10.45578],[-68.15476,10.45571],[-68.15526,10.45565],[-68.15549,10.45559],[-68.15567,10.4555],[-68.15591,10.45535],[-68.15612,10.45514],[-68.15633,10.45493],[-68.15644,10.45476],[-68.15648,10.45461],[-68.15648,10.45444],[-68.15644,10.4542],[-68.15638,10.45403],[-68.1563,10.45391],[-68.15607,10.45378],[-68.15568,10.45362],[-68.15538,10.45348],[-68.15497,10.45325],[-68.15482,10.45317],[-68.15471,10.45306],[-68.15463,10.45292],[-68.15458,10.45279],[-68.15458,10.45263],[-68.15461,10.4525],[-68.15473,10.4523],[-68.15485,10.45213],[-68.15498,10.45191],[-68.15516,10.45172],[-68.15547,10.45151],[-68.15636,10.45095],[-68.1566,10.45083],[-68.15671,10.45076],[-68.15677,10.45069],[-68.15677,10.45057],[-68.15672,10.45037],[-68.15667,10.45019],[-68.1566,10.45002],[-68.15645,10.44982],[-68.15625,10.44967],[-68.15586,10.44942],[-68.15568,10.44929],[-68.15546,10.44917],[-68.15522,10.44907],[-68.15501,10.449],[-68.15483,10.44893],[-68.15462,10.44883],[-68.15434,10.44868],[-68.15413,10.44852],[-68.15403,10.44841],[-68.15392,10.44825],[-68.15386,10.44811],[-68.15382,10.44795],[-68.1538,10.44781],[-68.1538,10.44764],[-68.15384,10.44747],[-68.15395,10.4473],[-68.15424,10.44693],[-68.15458,10.44642],[-68.1549,10.44589],[-68.15517,10.44549],[-68.15528,10.44525],[-68.15546,10.44461],[-68.15558,10.44414],[-68.15564,10.44376],[-68.15563,10.44357],[-68.15563,10.44346],[-68.15559,10.44329],[-68.15555,10.44315],[-68.15545,10.44293],[-68.15529,10.44267],[-68.15518,10.44238],[-68.15508,10.44199],[-68.15499,10.44154],[-68.15495,10.44137],[-68.15489,10.4412],[-68.15479,10.44104],[-68.15468,10.44087],[-68.15457,10.44073],[-68.15435,10.44057],[-68.15421,10.44049],[-68.15413,10.4404],[-68.15406,10.44024],[-68.15396,10.43988],[-68.15391,10.43942],[-68.15392,10.43924],[-68.15394,10.43903],[-68.15399,10.43878],[-68.15409,10.43846],[-68.15423,10.43803],[-68.15427,10.43782],[-68.1543,10.4372],[-68.15429,10.43684],[-68.15422,10.43644],[-68.1542,10.43605],[-68.1542,10.43538],[-68.15415,10.4348],[-68.15411,10.43429],[-68.15407,10.43411],[-68.154,10.43392],[-68.15389,10.43372],[-68.15357,10.43336],[-68.1533,10.43299],[-68.15321,10.43283],[-68.15318,10.43267],[-68.15318,10.43245],[-68.15323,10.43213],[-68.1532,10.43186],[-68.15317,10.43156],[-68.15295,10.43106],[-68.15289,10.43085],[-68.15285,10.4307],[-68.15287,10.43052],[-68.15291,10.43031],[-68.15301,10.43008],[-68.1532,10.42968],[-68.15328,10.42948],[-68.15335,10.42929],[-68.15334,10.42907],[-68.15327,10.42887],[-68.15313,10.42864],[-68.15295,10.42841],[-68.15272,10.42821],[-68.15246,10.42795],[-68.1523,10.42767],[-68.1522,10.42731],[-68.15218,10.42707],[-68.15223,10.42694],[-68.15239,10.42682],[-68.1526,10.42672],[-68.15282,10.42669],[-68.15311,10.42669],[-68.15374,10.42679],[-68.15401,10.42679],[-68.15426,10.42672],[-68.1544,10.42659],[-68.15452,10.42642],[-68.15458,10.42619],[-68.15453,10.42597],[-68.15442,10.42586],[-68.15421,10.42572],[-68.15395,10.42562],[-68.15375,10.4256],[-68.1536,10.42562],[-68.15335,10.42569],[-68.15302,10.42575],[-68.15284,10.42575],[-68.15264,10.42572],[-68.15253,10.42565],[-68.15245,10.42546],[-68.15241,10.42525],[-68.1524,10.42501],[-68.15245,10.42475],[-68.15261,10.42444],[-68.15282,10.42412],[-68.1529,10.42398],[-68.15295,10.42381],[-68.15291,10.42366],[-68.15284,10.42353],[-68.15281,10.42336],[-68.15283,10.42322],[-68.15291,10.42308],[-68.15303,10.42298],[-68.15382,10.42248],[-68.15434,10.42208],[-68.15448,10.42202],[-68.15496,10.4219],[-68.15546,10.4218],[-68.15559,10.42182],[-68.15568,10.42189],[-68.15578,10.42202],[-68.15579,10.42219],[-68.15579,10.42232],[-68.15571,10.42252],[-68.15554,10.42284],[-68.15541,10.42304],[-68.15538,10.42322],[-68.15542,10.42343],[-68.15551,10.42356],[-68.15565,10.42364],[-68.15588,10.42364],[-68.15606,10.4236],[-68.15628,10.42344],[-68.15647,10.42319],[-68.15684,10.42241],[-68.15691,10.42219],[-68.15696,10.42198],[-68.15699,10.42175],[-68.15706,10.42153],[-68.15715,10.42133],[-68.15738,10.42095],[-68.15783,10.42011],[-68.15807,10.41972],[-68.15818,10.41953],[-68.15821,10.41932],[-68.15819,10.41911],[-68.15811,10.4189],[-68.15803,10.41869],[-68.15801,10.41848],[-68.15803,10.41826],[-68.15812,10.41806],[-68.15825,10.41788],[-68.15842,10.41777],[-68.15885,10.41771],[-68.15906,10.4177],[-68.15927,10.41772],[-68.15947,10.41778],[-68.15969,10.41785],[-68.1599,10.41793],[-68.16011,10.41801],[-68.16032,10.418],[-68.16049,10.41788],[-68.16061,10.4177],[-68.16065,10.41749],[-68.16064,10.41727],[-68.16064,10.41705],[-68.16062,10.41684],[-68.16049,10.41666],[-68.1603,10.41654],[-68.16009,10.41643],[-68.15983,10.41622],[-68.15968,10.41606],[-68.15964,10.41584],[-68.15964,10.41562],[-68.15966,10.41541],[-68.15966,10.4152],[-68.15961,10.41499],[-68.15954,10.41478],[-68.15956,10.41456],[-68.15962,10.41436],[-68.15974,10.41418],[-68.16,10.4138],[-68.16033,10.41341],[-68.16069,10.41314],[-68.16087,10.413],[-68.16106,10.41286],[-68.16143,10.41261],[-68.16163,10.41247],[-68.16183,10.41233],[-68.16196,10.41216],[-68.16209,10.41196],[-68.16226,10.41166],[-68.16239,10.41121],[-68.16245,10.411],[-68.16251,10.41075],[-68.16254,10.41065],[-68.16262,10.41045],[-68.16263,10.41034],[-68.16263,10.41023],[-68.1626,10.41012],[-68.16252,10.41003],[-68.16242,10.40996],[-68.16231,10.4099],[-68.16219,10.40985],[-68.16207,10.40982],[-68.16182,10.40974],[-68.16171,10.40971],[-68.16151,10.4096],[-68.16121,10.40947],[-68.1611,10.40944],[-68.161,10.40938],[-68.1609,10.40932],[-68.16081,10.40925],[-68.16072,10.40917],[-68.16063,10.40909],[-68.16052,10.40902],[-68.16041,10.409],[-68.1603,10.40903],[-68.16019,10.40908],[-68.16012,10.40918],[-68.16008,10.40928],[-68.16004,10.40938],[-68.15994,10.40946],[-68.15983,10.40945],[-68.15973,10.40938],[-68.15966,10.4093],[-68.15961,10.4092],[-68.1596,10.40908],[-68.15961,10.40898],[-68.15965,10.40887],[-68.15971,10.40876],[-68.15977,10.40867],[-68.15995,10.40852],[-68.16015,10.4084],[-68.16026,10.40836],[-68.16037,10.40833],[-68.16049,10.4083],[-68.1606,10.40827],[-68.16071,10.40821],[-68.1609,10.40806],[-68.16097,10.40798],[-68.16103,10.40785],[-68.16109,10.40762],[-68.16109,10.4074],[-68.16099,10.40721],[-68.16083,10.40705],[-68.16063,10.40698],[-68.16039,10.40691],[-68.16017,10.40681],[-68.15994,10.40674],[-68.15973,10.4067],[-68.15947,10.40663],[-68.15923,10.40659],[-68.15904,10.40648],[-68.15814,10.40594],[-68.15794,10.40581],[-68.15773,10.40567],[-68.15763,10.40546],[-68.15762,10.40524],[-68.15767,10.40503],[-68.15777,10.40483],[-68.15792,10.40466],[-68.15803,10.40448],[-68.15804,10.40426],[-68.15798,10.40405],[-68.15788,10.40383],[-68.15772,10.40366],[-68.15755,10.40351],[-68.15737,10.40336],[-68.15721,10.40329],[-68.15686,10.40298],[-68.15669,10.40282],[-68.15657,10.40263],[-68.15652,10.40242],[-68.15655,10.40223],[-68.15664,10.40202],[-68.15684,10.40164],[-68.15688,10.40142],[-68.15687,10.40119],[-68.15681,10.40097],[-68.15675,10.40074],[-68.15675,10.40051],[-68.15682,10.40028],[-68.15693,10.40009],[-68.15707,10.39992],[-68.15725,10.39978],[-68.15744,10.39966],[-68.15782,10.39939],[-68.15822,10.39918],[-68.15843,10.3991],[-68.15861,10.39899],[-68.15873,10.39878],[-68.15879,10.39856],[-68.15892,10.39837],[-68.15907,10.3982],[-68.15925,10.39805],[-68.15938,10.39787],[-68.15938,10.39766],[-68.15931,10.39745],[-68.15915,10.39729],[-68.15895,10.39718],[-68.15872,10.39719],[-68.15825,10.39707],[-68.15805,10.39697],[-68.1579,10.3968],[-68.15777,10.39662],[-68.15766,10.39642],[-68.15759,10.39621],[-68.15758,10.39606],[-68.15754,10.39583],[-68.15753,10.39562],[-68.15756,10.3954],[-68.15761,10.39519],[-68.15786,10.39483],[-68.15815,10.3945],[-68.15843,10.39416],[-68.15855,10.39397],[-68.15866,10.39378],[-68.15876,10.39359],[-68.15889,10.3934],[-68.15919,10.39279],[-68.15939,10.39186],[-68.15934,10.39142],[-68.15928,10.39118],[-68.15918,10.39098],[-68.15908,10.39078],[-68.15893,10.39049],[-68.15888,10.39026],[-68.15884,10.39003],[-68.15887,10.38961],[-68.15886,10.38938],[-68.1588,10.38916],[-68.15868,10.38898],[-68.15849,10.38884],[-68.15835,10.38865],[-68.15825,10.38846],[-68.15821,10.38825],[-68.15822,10.38804],[-68.1583,10.38781],[-68.15839,10.38756],[-68.15853,10.38734],[-68.15866,10.38716],[-68.15883,10.38703],[-68.15903,10.38693],[-68.15919,10.38678],[-68.15921,10.38656],[-68.15916,10.38635],[-68.1591,10.38613],[-68.159,10.38593],[-68.15885,10.38576],[-68.15863,10.38565],[-68.15841,10.38565],[-68.15819,10.3856],[-68.15797,10.38553],[-68.15782,10.38535],[-68.15777,10.38512],[-68.15786,10.38492],[-68.15801,10.38474],[-68.15819,10.38462],[-68.15838,10.38447],[-68.15842,10.38426],[-68.15848,10.38384],[-68.15856,10.38363],[-68.15865,10.38343],[-68.1588,10.38325],[-68.15893,10.38306],[-68.159,10.38286],[-68.15897,10.38265],[-68.15889,10.38244],[-68.15884,10.38221],[-68.15863,10.38164],[-68.1584,10.38124],[-68.15821,10.38111],[-68.15799,10.38105],[-68.15778,10.38096],[-68.15773,10.38075],[-68.15777,10.38054],[-68.15788,10.38035],[-68.15801,10.38018],[-68.15812,10.37999],[-68.15835,10.37949],[-68.15849,10.37928],[-68.15878,10.37893],[-68.159,10.37854],[-68.15909,10.37835],[-68.15914,10.37813],[-68.1591,10.37792],[-68.15901,10.3777],[-68.15887,10.37752],[-68.15869,10.37723],[-68.15863,10.37702],[-68.15863,10.37681],[-68.15869,10.37657],[-68.15889,10.37617],[-68.15894,10.37596],[-68.15909,10.3753],[-68.15921,10.37509],[-68.1593,10.37488],[-68.15941,10.3747],[-68.15952,10.37448],[-68.15966,10.3743],[-68.15974,10.37409],[-68.15972,10.37386],[-68.15964,10.37363],[-68.15943,10.37324],[-68.15934,10.37303],[-68.15925,10.37281],[-68.15908,10.37221],[-68.15906,10.372],[-68.15914,10.37177],[-68.15942,10.37143],[-68.15962,10.37126],[-68.15991,10.37094],[-68.16003,10.37073],[-68.16006,10.3705],[-68.16003,10.37029],[-68.15991,10.36986],[-68.15975,10.36969],[-68.15944,10.36937],[-68.15927,10.36922],[-68.15906,10.36911],[-68.1589,10.36895],[-68.15885,10.36874],[-68.15891,10.36854],[-68.15908,10.36841],[-68.15928,10.36833],[-68.15946,10.36821],[-68.1596,10.36803],[-68.15963,10.36781],[-68.15961,10.3676],[-68.15951,10.36739],[-68.1591,10.36681],[-68.15897,10.36659],[-68.1588,10.36642],[-68.15834,10.36604],[-68.15814,10.3659],[-68.1579,10.3658],[-68.15769,10.36575],[-68.15747,10.36569],[-68.15674,10.36525],[-68.15678,10.36506],[-68.15682,10.36496],[-68.15686,10.36485],[-68.15692,10.36476],[-68.15705,10.36456],[-68.15722,10.3644],[-68.15731,10.36435],[-68.15741,10.36428],[-68.15749,10.36419],[-68.15754,10.3641],[-68.15758,10.36399],[-68.15764,10.36377],[-68.1577,10.36367],[-68.15788,10.36353],[-68.15795,10.36345],[-68.158,10.36335],[-68.15801,10.36323],[-68.158,10.36311],[-68.15804,10.36301],[-68.15808,10.36289],[-68.15814,10.3628],[-68.15819,10.36268],[-68.15825,10.36244],[-68.15822,10.36217],[-68.15818,10.36194],[-68.15818,10.36183],[-68.15821,10.36173],[-68.15827,10.36164],[-68.15835,10.36156],[-68.15843,10.3615],[-68.15865,10.36112],[-68.15872,10.36101],[-68.1588,10.36091],[-68.1589,10.36082],[-68.15899,10.36075],[-68.1591,10.36068],[-68.15919,10.36061],[-68.1593,10.36054],[-68.15937,10.36045],[-68.15955,10.36029],[-68.15963,10.36021],[-68.15972,10.36014],[-68.15983,10.36008],[-68.15993,10.36005],[-68.16018,10.35985],[-68.16028,10.35979],[-68.16035,10.35972],[-68.16041,10.35961],[-68.16042,10.35951],[-68.1604,10.3594],[-68.16033,10.3593],[-68.16026,10.35906],[-68.16026,10.35895],[-68.16027,10.35885],[-68.16028,10.35873],[-68.16028,10.35863],[-68.16021,10.35842],[-68.1602,10.35825],[-68.1602,10.35812],[-68.16023,10.358],[-68.16028,10.35791],[-68.16037,10.35784],[-68.16047,10.35777],[-68.16057,10.35773],[-68.16069,10.35772],[-68.16079,10.35768],[-68.16088,10.35759],[-68.16095,10.35749],[-68.16101,10.35741],[-68.16115,10.35722],[-68.16124,10.35715],[-68.16171,10.3567],[-68.16185,10.35652],[-68.16193,10.3563],[-68.16198,10.35609],[-68.16202,10.35587],[-68.1621,10.35564],[-68.16218,10.35542],[-68.16229,10.35523],[-68.16242,10.35485],[-68.16254,10.3544],[-68.16265,10.35418],[-68.16273,10.35397],[-68.16282,10.35378],[-68.16289,10.35356],[-68.16299,10.35334],[-68.16305,10.35311],[-68.16317,10.35292],[-68.16349,10.35238],[-68.16375,10.35217],[-68.16394,10.35203],[-68.16414,10.35194],[-68.16433,10.35183],[-68.16457,10.35175],[-68.16501,10.35162],[-68.16521,10.35153],[-68.16556,10.35129],[-68.16598,10.35108],[-68.16615,10.35095],[-68.16653,10.3504],[-68.16669,10.35024],[-68.16686,10.35012],[-68.16705,10.35002],[-68.16724,10.34988],[-68.16737,10.3497],[-68.16747,10.34951],[-68.16752,10.34928],[-68.1676,10.34906],[-68.16766,10.34883],[-68.16799,10.34836],[-68.16813,10.34813],[-68.16825,10.34794],[-68.16852,10.3476],[-68.16888,10.34737],[-68.16903,10.3472],[-68.16916,10.34702],[-68.16924,10.34682],[-68.16931,10.34656],[-68.16935,10.34635],[-68.1694,10.34614],[-68.16949,10.34593],[-68.16969,10.34555],[-68.16984,10.34537],[-68.16993,10.34516],[-68.16997,10.34494],[-68.16997,10.34448],[-68.16998,10.34427],[-68.17003,10.34405],[-68.17009,10.34384],[-68.17019,10.34365],[-68.17039,10.3433],[-68.17102,10.34235],[-68.17113,10.34212],[-68.17116,10.34202],[-68.17121,10.34181],[-68.17125,10.34171],[-68.17139,10.34152],[-68.17147,10.34144],[-68.17178,10.34102],[-68.17188,10.34094],[-68.1721,10.34084],[-68.17221,10.34084],[-68.17233,10.34084],[-68.17243,10.34083],[-68.17253,10.34079],[-68.17263,10.34073],[-68.17272,10.34068],[-68.17282,10.34061],[-68.17306,10.34038],[-68.17325,10.34025],[-68.17334,10.3402],[-68.17346,10.34017],[-68.17357,10.34016],[-68.17366,10.34011],[-68.17376,10.34005],[-68.17384,10.33998],[-68.17391,10.33989],[-68.17397,10.3398],[-68.17404,10.3397],[-68.17409,10.3396],[-68.17411,10.33949],[-68.17416,10.3394],[-68.17419,10.33928],[-68.17425,10.33916],[-68.17431,10.33907],[-68.1744,10.33901],[-68.1745,10.33895],[-68.17461,10.33892],[-68.1747,10.33886],[-68.17477,10.33878],[-68.17482,10.33868],[-68.17485,10.33858],[-68.17486,10.33836],[-68.17489,10.33826],[-68.17496,10.33817],[-68.17517,10.33804],[-68.17528,10.33798],[-68.17538,10.33796],[-68.17548,10.33792],[-68.17565,10.33779],[-68.17574,10.3377],[-68.17583,10.33764],[-68.17592,10.33757],[-68.17598,10.33748],[-68.17608,10.33715],[-68.1761,10.33704],[-68.17614,10.33694],[-68.1762,10.33683],[-68.17627,10.33673],[-68.17653,10.3362],[-68.17662,10.33599],[-68.17665,10.33581],[-68.17665,10.3357],[-68.17666,10.33559],[-68.17672,10.33548],[-68.17678,10.33539],[-68.17684,10.3353],[-68.17699,10.33512],[-68.17704,10.33502],[-68.17703,10.3349],[-68.17701,10.33478],[-68.17701,10.33468],[-68.17703,10.33457],[-68.17707,10.33447],[-68.1772,10.33429],[-68.17733,10.33407],[-68.17739,10.33397],[-68.17742,10.33386],[-68.17742,10.33375],[-68.1774,10.33364],[-68.17738,10.33351],[-68.17737,10.3334],[-68.17734,10.33329],[-68.1773,10.33319],[-68.17721,10.3331],[-68.17713,10.33302],[-68.17708,10.33293],[-68.17703,10.33271],[-68.17703,10.33259],[-68.17702,10.33249],[-68.17704,10.33215],[-68.17706,10.33202],[-68.17717,10.33181],[-68.17723,10.33172],[-68.17727,10.33162],[-68.1774,10.33143],[-68.17748,10.33134],[-68.17757,10.33127],[-68.17771,10.33107],[-68.17777,10.33098],[-68.17782,10.33087],[-68.17787,10.33078],[-68.17794,10.33068],[-68.17798,10.33057],[-68.17799,10.33047],[-68.17799,10.33036],[-68.17794,10.33024],[-68.1779,10.3301],[-68.17788,10.32999],[-68.17777,10.32979],[-68.17771,10.32969],[-68.17768,10.32959],[-68.17768,10.32947],[-68.17769,10.32936],[-68.17772,10.32925],[-68.17776,10.32914],[-68.17784,10.32884],[-68.17787,10.32874],[-68.17797,10.32842],[-68.17797,10.32831],[-68.17792,10.32821],[-68.17789,10.32804],[-68.1779,10.32793],[-68.17793,10.32783],[-68.17795,10.32772],[-68.17796,10.32762],[-68.17793,10.32751],[-68.1779,10.32741],[-68.17783,10.32731],[-68.17779,10.32721],[-68.17779,10.32709],[-68.17784,10.32687],[-68.17783,10.32676],[-68.17781,10.32665],[-68.17772,10.32649],[-68.17764,10.32636],[-68.17756,10.32619],[-68.17752,10.32607],[-68.17747,10.32597],[-68.17741,10.32588],[-68.17673,10.32486],[-68.17599,10.32486],[-68.17514,10.32471],[-68.17494,10.32466],[-68.17474,10.32462],[-68.17452,10.32454],[-68.17418,10.32435],[-68.17397,10.32427],[-68.17373,10.32427],[-68.17346,10.32433],[-68.17316,10.32441],[-68.17294,10.32446],[-68.17279,10.32449],[-68.17263,10.32452],[-68.1724,10.3245],[-68.17226,10.32445],[-68.17202,10.3243],[-68.17158,10.32403],[-68.17137,10.32389],[-68.17122,10.32382],[-68.17102,10.32382],[-68.17083,10.32387],[-68.17053,10.32399],[-68.17031,10.32405],[-68.17005,10.32405],[-68.16989,10.32398],[-68.16973,10.32382],[-68.16962,10.32367],[-68.16949,10.32349],[-68.16923,10.32329],[-68.169,10.32321],[-68.16878,10.32317],[-68.16858,10.32318],[-68.16825,10.32322],[-68.16743,10.32324],[-68.16719,10.32326],[-68.16702,10.32326],[-68.16688,10.32321],[-68.16676,10.32313],[-68.16668,10.32299],[-68.16658,10.32277],[-68.16646,10.32262],[-68.1663,10.32252],[-68.1661,10.32247],[-68.16592,10.3224],[-68.16576,10.32233],[-68.16556,10.3223],[-68.16531,10.32228],[-68.16513,10.32225],[-68.16496,10.32218],[-68.16479,10.32206],[-68.16457,10.32192],[-68.16387,10.32152],[-68.16296,10.32115],[-68.16211,10.32085],[-68.16115,10.32061],[-68.16062,10.32046],[-68.16011,10.32036],[-68.15949,10.32029],[-68.15904,10.32028],[-68.15864,10.32029],[-68.15781,10.32029],[-68.15737,10.32024],[-68.15687,10.32012],[-68.1565,10.32004],[-68.15604,10.31999],[-68.15563,10.32001],[-68.1551,10.32002],[-68.15446,10.32001],[-68.15429,10.31999],[-68.15388,10.31992],[-68.15299,10.31966],[-68.15287,10.31983],[-68.15277,10.31988],[-68.15267,10.31994],[-68.15259,10.32001],[-68.15247,10.32005],[-68.15238,10.32007],[-68.15215,10.32001],[-68.15205,10.31996],[-68.15194,10.31991],[-68.15185,10.31985],[-68.15167,10.31973],[-68.15158,10.31968],[-68.15148,10.31962],[-68.15136,10.31958],[-68.15124,10.31956],[-68.15092,10.31955],[-68.15082,10.31953],[-68.15071,10.31949],[-68.15048,10.31944],[-68.15037,10.31944],[-68.15026,10.31945],[-68.15016,10.31947],[-68.15005,10.31951],[-68.14996,10.31957],[-68.14988,10.31965],[-68.14978,10.31971],[-68.14968,10.31976],[-68.14958,10.3198],[-68.14947,10.31986],[-68.14936,10.31989],[-68.14925,10.31988],[-68.1489,10.31991],[-68.14876,10.31991],[-68.14865,10.31994],[-68.14842,10.31998],[-68.14833,10.32004],[-68.14823,10.32009],[-68.14804,10.32021],[-68.14793,10.32023],[-68.14782,10.32023],[-68.14773,10.32019],[-68.1475,10.32013],[-68.1474,10.32011],[-68.14728,10.32009],[-68.14716,10.3201],[-68.14705,10.32013],[-68.14694,10.32017],[-68.1468,10.32022],[-68.1467,10.32026],[-68.1466,10.32027],[-68.14654,10.32027],[-68.14648,10.32027],[-68.14643,10.32027],[-68.14637,10.32025],[-68.14631,10.32025],[-68.14626,10.32025],[-68.14622,10.32028],[-68.1462,10.32034],[-68.14622,10.32039],[-68.14627,10.32042],[-68.14633,10.32044],[-68.14637,10.32048],[-68.14637,10.32054],[-68.14634,10.32059],[-68.1463,10.32063],[-68.14626,10.32068],[-68.14624,10.32074],[-68.14622,10.32079],[-68.14614,10.32087],[-68.14609,10.3209],[-68.14598,10.32093],[-68.14593,10.32093],[-68.14582,10.32099],[-68.14575,10.32109],[-68.14576,10.32121],[-68.1458,10.32131],[-68.14581,10.32143],[-68.14578,10.32153],[-68.14572,10.32162],[-68.14562,10.32165],[-68.14552,10.32166],[-68.14541,10.32165],[-68.1453,10.32163],[-68.14518,10.32162],[-68.14508,10.32162],[-68.14497,10.32163],[-68.14466,10.32179],[-68.14456,10.32183],[-68.14445,10.32189],[-68.14427,10.322],[-68.1442,10.32209],[-68.14416,10.32219],[-68.14416,10.32231],[-68.14415,10.32243],[-68.14411,10.32253],[-68.14403,10.32261],[-68.14393,10.32265],[-68.14382,10.32265],[-68.14371,10.32267],[-68.14361,10.32271],[-68.14352,10.32278],[-68.14345,10.32287],[-68.14341,10.32297],[-68.14339,10.32308],[-68.14338,10.32318],[-68.14337,10.32328],[-68.14333,10.32333],[-68.14328,10.32335],[-68.14322,10.32336],[-68.14316,10.32337],[-68.14311,10.32339],[-68.14306,10.32342],[-68.14303,10.32347],[-68.14302,10.32353],[-68.14301,10.32358],[-68.14305,10.32369],[-68.14306,10.32374],[-68.14305,10.32379],[-68.14304,10.32385],[-68.14304,10.3239],[-68.14305,10.32396],[-68.14308,10.32401],[-68.14316,10.32406],[-68.14322,10.32408],[-68.14327,10.32412],[-68.1433,10.32417],[-68.14332,10.32422],[-68.14333,10.32428],[-68.1433,10.32434],[-68.14325,10.32435],[-68.14319,10.32436],[-68.14313,10.32437],[-68.14308,10.32436],[-68.14304,10.32434],[-68.14299,10.32431],[-68.14293,10.32429],[-68.14288,10.32428],[-68.14282,10.32428],[-68.14271,10.32431],[-68.14254,10.32438],[-68.14245,10.32442],[-68.1424,10.32443],[-68.14234,10.32444],[-68.14228,10.32443],[-68.14223,10.32442],[-68.14218,10.3244],[-68.14213,10.32437],[-68.14207,10.32435],[-68.14202,10.32434],[-68.14196,10.32434],[-68.14191,10.32435],[-68.14186,10.32437],[-68.14181,10.32441],[-68.14177,10.32445],[-68.14173,10.32449],[-68.1417,10.32454],[-68.14166,10.32459],[-68.14156,10.32466],[-68.14142,10.32474],[-68.14136,10.32477],[-68.14131,10.32478],[-68.14106,10.32481],[-68.14083,10.32481],[-68.14072,10.32481],[-68.14061,10.32478],[-68.1403,10.32468],[-68.14007,10.32466],[-68.13995,10.32467],[-68.13984,10.32471],[-68.13973,10.32474],[-68.13963,10.32478],[-68.13954,10.32484],[-68.13943,10.32487],[-68.13931,10.32489],[-68.1392,10.3249],[-68.13908,10.3249],[-68.13897,10.32489],[-68.1389,10.32486],[-68.13877,10.32484],[-68.13854,10.32477],[-68.13835,10.32468],[-68.13824,10.32466],[-68.13812,10.32466],[-68.13803,10.3247],[-68.13795,10.32479],[-68.13787,10.32486],[-68.13779,10.32492],[-68.13757,10.32499],[-68.13746,10.325],[-68.13726,10.32495],[-68.13715,10.32496],[-68.13704,10.32498],[-68.13693,10.32503],[-68.13678,10.32512],[-68.13669,10.32517],[-68.1366,10.32524],[-68.13653,10.32533],[-68.13652,10.32543],[-68.13653,10.32554],[-68.13648,10.32564],[-68.13641,10.32572],[-68.13632,10.32579],[-68.1362,10.32582],[-68.1361,10.32583],[-68.13599,10.32586],[-68.13582,10.32598],[-68.13573,10.32606],[-68.13565,10.32614],[-68.1356,10.32626],[-68.13557,10.32637],[-68.1355,10.32645],[-68.13539,10.3265],[-68.13518,10.32659],[-68.13507,10.32662],[-68.13496,10.32663],[-68.13469,10.32662],[-68.13457,10.32659],[-68.13446,10.32655],[-68.13436,10.3265],[-68.13424,10.32649],[-68.13411,10.3265],[-68.134,10.32652],[-68.1339,10.32655],[-68.13378,10.32655],[-68.13367,10.32649],[-68.13359,10.32643],[-68.13352,10.32633],[-68.13343,10.32625],[-68.13332,10.3262],[-68.13311,10.32613],[-68.13299,10.32614],[-68.13288,10.32616],[-68.13278,10.3262],[-68.13267,10.3262],[-68.13256,10.32617],[-68.13246,10.3261],[-68.13239,10.32602],[-68.13232,10.32591],[-68.13224,10.32582],[-68.13217,10.32566],[-68.13211,10.32557],[-68.13204,10.32546],[-68.13197,10.32539],[-68.13186,10.32536],[-68.13176,10.32532],[-68.1317,10.32523],[-68.13167,10.32512],[-68.13161,10.32503],[-68.13154,10.32494],[-68.13146,10.32487],[-68.13136,10.32483],[-68.13119,10.32481],[-68.13108,10.32482],[-68.13096,10.32478],[-68.13087,10.32473],[-68.13078,10.32467],[-68.1306,10.32453],[-68.13051,10.32448],[-68.1304,10.32445],[-68.13029,10.32442],[-68.13017,10.32441],[-68.13006,10.32441],[-68.12984,10.32446],[-68.12973,10.32446],[-68.12961,10.32448],[-68.12949,10.3245],[-68.12937,10.3245],[-68.12926,10.32449],[-68.12915,10.32446],[-68.12907,10.3244],[-68.12884,10.32428],[-68.12856,10.32398],[-68.12844,10.32381],[-68.12838,10.32371],[-68.12832,10.32362],[-68.12828,10.32353],[-68.12819,10.32346],[-68.1281,10.32342],[-68.12798,10.32341],[-68.12787,10.32341],[-68.12775,10.32338],[-68.12766,10.32333],[-68.12759,10.32324],[-68.12753,10.32315],[-68.12746,10.32307],[-68.12715,10.32298],[-68.12705,10.32306],[-68.12696,10.32313],[-68.12686,10.32319],[-68.12667,10.3233],[-68.12655,10.32334],[-68.12633,10.32334],[-68.12623,10.32331],[-68.12603,10.32318],[-68.12594,10.32314],[-68.12585,10.32307],[-68.12576,10.323],[-68.12565,10.32296],[-68.12554,10.32295],[-68.12543,10.32298],[-68.12534,10.32307],[-68.12526,10.32313],[-68.1252,10.32323],[-68.12512,10.32331],[-68.12504,10.32338],[-68.12494,10.32343],[-68.12482,10.32346],[-68.12465,10.32348],[-68.12444,10.32343],[-68.12421,10.32335],[-68.12411,10.32334],[-68.124,10.32338],[-68.12391,10.32344],[-68.12381,10.32352],[-68.12372,10.32359],[-68.12364,10.32364],[-68.12353,10.32369],[-68.12331,10.32378],[-68.12316,10.32381],[-68.12304,10.32381],[-68.12276,10.32375],[-68.12265,10.32376],[-68.12254,10.32381],[-68.12245,10.32388],[-68.1224,10.32397],[-68.12232,10.32407],[-68.12223,10.32416],[-68.12213,10.32422],[-68.12194,10.32435],[-68.12183,10.32439],[-68.12173,10.32442],[-68.12161,10.32443],[-68.12151,10.32442],[-68.12139,10.32442],[-68.12129,10.32446],[-68.12119,10.32453],[-68.12113,10.32462],[-68.12112,10.32474],[-68.12113,10.32485],[-68.12111,10.32497],[-68.12107,10.32508],[-68.12101,10.32517],[-68.12088,10.32529],[-68.12078,10.32535],[-68.12069,10.32542],[-68.12059,10.32547],[-68.12042,10.3256],[-68.12028,10.32577],[-68.12016,10.32595],[-68.12009,10.32603],[-68.11999,10.32608],[-68.11989,10.3261],[-68.11961,10.32612],[-68.11936,10.32613],[-68.11924,10.32616],[-68.11914,10.32621],[-68.11905,10.32629],[-68.11897,10.32637],[-68.11891,10.32646],[-68.11883,10.32656],[-68.11874,10.3266],[-68.11863,10.32664],[-68.11853,10.32669],[-68.11844,10.32677],[-68.11838,10.32686],[-68.11829,10.32693],[-68.11817,10.32697],[-68.11796,10.32703],[-68.11785,10.32703],[-68.11774,10.32702],[-68.11764,10.32699],[-68.11752,10.32699],[-68.11733,10.32712],[-68.11705,10.32733],[-68.11696,10.32739],[-68.11686,10.32742],[-68.11675,10.32742],[-68.11665,10.32739],[-68.11654,10.32737],[-68.11644,10.3274],[-68.11634,10.32745],[-68.11619,10.32761],[-68.11611,10.32768],[-68.11601,10.32773],[-68.11592,10.3278],[-68.11584,10.32789],[-68.11555,10.32826],[-68.11549,10.3284],[-68.11544,10.3285],[-68.11523,10.32887],[-68.11519,10.32898],[-68.11514,10.3292],[-68.1151,10.3293],[-68.11505,10.32939],[-68.11496,10.32947],[-68.11486,10.32954],[-68.11476,10.3296],[-68.11451,10.32972],[-68.11441,10.32978],[-68.11422,10.32987],[-68.11402,10.32999],[-68.11386,10.33013],[-68.11379,10.33021],[-68.11374,10.33031],[-68.11371,10.33042],[-68.11367,10.33053],[-68.11359,10.33063],[-68.11346,10.33074],[-68.11327,10.33087],[-68.11317,10.33092],[-68.11295,10.33093],[-68.11285,10.33096],[-68.11273,10.331],[-68.11263,10.33105],[-68.11246,10.33119],[-68.11236,10.33125],[-68.11228,10.33132],[-68.11219,10.33139],[-68.11206,10.33155],[-68.112,10.33164],[-68.11195,10.33174],[-68.11192,10.33185],[-68.11191,10.33196],[-68.11192,10.33207],[-68.11193,10.33218],[-68.11189,10.33251],[-68.11183,10.33274],[-68.11178,10.33283],[-68.11169,10.33291],[-68.11159,10.33296],[-68.11126,10.33304],[-68.11116,10.33308],[-68.11107,10.33314],[-68.11097,10.33321],[-68.11088,10.33328],[-68.1108,10.33336],[-68.11072,10.3335],[-68.11066,10.3336],[-68.11062,10.3337],[-68.11056,10.33392],[-68.11051,10.33402],[-68.11043,10.33409],[-68.11023,10.33422],[-68.11013,10.33427],[-68.11003,10.33428],[-68.10968,10.33428],[-68.10957,10.33429],[-68.10946,10.33429],[-68.10933,10.33432],[-68.1091,10.33441],[-68.10901,10.33447],[-68.10892,10.33455],[-68.10884,10.33466],[-68.10879,10.33475],[-68.10875,10.33486],[-68.10872,10.33497],[-68.10866,10.3353],[-68.10864,10.33541],[-68.10864,10.33565],[-68.10859,10.33589],[-68.10856,10.336],[-68.10846,10.33629],[-68.10833,10.33654],[-68.10828,10.33675],[-68.10821,10.33698],[-68.10817,10.33708],[-68.1081,10.33719],[-68.10802,10.33727],[-68.10795,10.33741],[-68.10791,10.33753],[-68.10791,10.33764],[-68.10794,10.33776],[-68.10804,10.33782],[-68.10813,10.33789],[-68.10817,10.33798],[-68.10816,10.33809],[-68.10811,10.33819],[-68.10802,10.33827],[-68.10792,10.33831],[-68.10782,10.33835],[-68.1077,10.33837],[-68.1076,10.33834],[-68.10749,10.33828],[-68.10728,10.33819],[-68.10716,10.33817],[-68.10704,10.3382],[-68.10695,10.33826],[-68.10682,10.33838],[-68.10676,10.33841],[-68.1067,10.33845],[-68.10665,10.33849],[-68.10661,10.33854],[-68.10659,10.3386],[-68.10659,10.33878],[-68.10658,10.33884],[-68.10655,10.33889],[-68.10647,10.33901],[-68.10635,10.33914],[-68.10632,10.3392],[-68.10631,10.33931],[-68.10629,10.33936],[-68.10625,10.33941],[-68.1061,10.33951],[-68.10607,10.33955],[-68.106,10.33966],[-68.10598,10.33971],[-68.10588,10.33981],[-68.10584,10.33985],[-68.10578,10.33988],[-68.10573,10.3399],[-68.10556,10.33995],[-68.1055,10.33998],[-68.10526,10.34012],[-68.10515,10.34023],[-68.10504,10.34031],[-68.105,10.34036],[-68.10497,10.34042],[-68.10497,10.34054],[-68.10499,10.3406],[-68.10502,10.34065],[-68.10506,10.3407],[-68.10514,10.34078],[-68.10521,10.34088],[-68.10528,10.34103],[-68.10537,10.34117],[-68.10537,10.34123],[-68.10536,10.34133],[-68.10534,10.34139],[-68.10532,10.34144],[-68.10522,10.34159],[-68.10507,10.34174],[-68.10504,10.34179],[-68.10502,10.3419],[-68.10503,10.34195],[-68.10506,10.34206],[-68.10506,10.34217],[-68.10502,10.34228],[-68.10497,10.34248],[-68.10492,10.34257],[-68.1048,10.34276],[-68.10477,10.34279],[-68.10466,10.3429],[-68.10458,10.34298],[-68.10445,10.34316],[-68.10436,10.34327],[-68.10425,10.34333],[-68.10415,10.34338],[-68.10404,10.34341],[-68.1039,10.34343],[-68.10378,10.34343],[-68.1036,10.34343],[-68.10341,10.34339],[-68.10224,10.3425],[-68.10165,10.34209],[-68.10147,10.34192],[-68.10123,10.34165],[-68.10101,10.34132],[-68.10084,10.34103],[-68.10055,10.3404],[-68.09926,10.34065],[-68.09872,10.34074],[-68.09801,10.34079],[-68.09725,10.34084],[-68.0964,10.34093],[-68.09563,10.34107],[-68.09513,10.34118],[-68.09485,10.34122],[-68.09439,10.34123],[-68.09407,10.34121],[-68.09367,10.34115],[-68.09335,10.34107],[-68.09303,10.34096],[-68.09276,10.34088],[-68.09245,10.34083],[-68.09216,10.34079],[-68.09186,10.34078],[-68.09163,10.34078],[-68.09134,10.34077],[-68.09118,10.34077],[-68.09092,10.34075],[-68.09076,10.34069],[-68.09057,10.34063],[-68.09036,10.34049],[-68.09015,10.34026],[-68.09002,10.34007],[-68.08991,10.33989],[-68.08974,10.33968],[-68.08953,10.3395],[-68.08936,10.3394],[-68.08912,10.33921],[-68.08893,10.33901],[-68.08875,10.33876],[-68.08857,10.33857],[-68.08827,10.33834],[-68.088,10.33822],[-68.08769,10.33818],[-68.08723,10.33814],[-68.08667,10.33764],[-68.08627,10.33711],[-68.08603,10.33681],[-68.08569,10.33652],[-68.08542,10.3364],[-68.0851,10.33638],[-68.08473,10.33637],[-68.08435,10.33637],[-68.08397,10.33635],[-68.08344,10.33619],[-68.08308,10.33605],[-68.08219,10.33583],[-68.08063,10.33553],[-68.0803,10.33521],[-68.08015,10.33496],[-68.08012,10.33477],[-68.08012,10.33457],[-68.0802,10.33419],[-68.08083,10.333],[-68.08097,10.33256],[-68.08101,10.33226],[-68.0811,10.3318],[-68.08023,10.33041],[-68.07981,10.32975],[-68.07808,10.32857],[-68.07718,10.32797],[-68.07671,10.32758],[-68.07622,10.32716],[-68.07577,10.32678],[-68.07529,10.32616],[-68.07501,10.32572],[-68.07467,10.32522],[-68.07444,10.32496],[-68.07418,10.32465],[-68.07378,10.32432],[-68.07349,10.32418],[-68.07288,10.32382],[-68.0725,10.32349],[-68.07209,10.32314],[-68.07178,10.32277],[-68.07143,10.3224],[-68.07078,10.32247],[-68.07042,10.32259],[-68.07014,10.32279],[-68.06989,10.32304],[-68.06965,10.32337],[-68.06939,10.32382],[-68.06913,10.32423],[-68.06891,10.32456],[-68.06856,10.32481],[-68.06819,10.325],[-68.06773,10.32512],[-68.06737,10.32514],[-68.0671,10.32505],[-68.06678,10.32488],[-68.06639,10.32464],[-68.06605,10.32454],[-68.06552,10.32443],[-68.06487,10.32427],[-68.06435,10.32427],[-68.06371,10.32427],[-68.06222,10.32442],[-68.0615,10.32506],[-68.06095,10.32546],[-68.06065,10.32565],[-68.06026,10.32579],[-68.05969,10.32595],[-68.05919,10.32604],[-68.05873,10.32604],[-68.05799,10.32591],[-68.05737,10.32585],[-68.05668,10.3259],[-68.05615,10.3259],[-68.05559,10.32584],[-68.05509,10.32571],[-68.05453,10.32547],[-68.0531,10.32489],[-68.05287,10.3256],[-68.05266,10.32625],[-68.05242,10.32713],[-68.05212,10.32798],[-68.05182,10.32868],[-68.05155,10.32932],[-68.05129,10.33008],[-68.05104,10.33084],[-68.05094,10.33133],[-68.05082,10.33184],[-68.05068,10.3323],[-68.05048,10.33267],[-68.0501,10.33323],[-68.04909,10.33456],[-68.04882,10.33513],[-68.04809,10.33508],[-68.04757,10.33494],[-68.04705,10.33468],[-68.04681,10.3345],[-68.04655,10.33431],[-68.04621,10.33408],[-68.04588,10.33384],[-68.04555,10.33357],[-68.04523,10.33319],[-68.045,10.33294],[-68.04462,10.33261],[-68.04403,10.33224],[-68.04355,10.33201],[-68.04316,10.33191],[-68.04274,10.33185],[-68.04221,10.33185],[-68.04145,10.33191],[-68.04036,10.332],[-68.03977,10.33134],[-68.03951,10.33107],[-68.03922,10.33077],[-68.03897,10.3305],[-68.03816,10.32974],[-68.03779,10.32927],[-68.03667,10.32799],[-68.03506,10.32832],[-68.03448,10.32869],[-68.03394,10.32909],[-68.03299,10.32914],[-68.03216,10.32905],[-68.03164,10.3289],[-68.03087,10.32873],[-68.03025,10.3287],[-68.02963,10.32884],[-68.02909,10.329],[-68.02871,10.32922],[-68.02802,10.32978],[-68.02755,10.33012],[-68.02722,10.33032],[-68.02678,10.33051],[-68.02568,10.33079],[-68.02519,10.33097],[-68.02488,10.33111],[-68.02462,10.33128],[-68.02395,10.33175],[-68.02292,10.33157],[-68.02216,10.33139],[-68.02127,10.33179],[-68.02084,10.33194],[-68.02046,10.33203],[-68.02008,10.33202],[-68.01979,10.33197],[-68.01945,10.33194],[-68.01913,10.33196],[-68.01884,10.33206],[-68.01867,10.33218],[-68.01841,10.33249],[-68.01812,10.33283],[-68.01782,10.33308],[-68.01735,10.33348],[-68.01665,10.334],[-68.01553,10.33383],[-68.01513,10.33372],[-68.01489,10.33356],[-68.0143,10.3332],[-68.0132,10.33392],[-68.01277,10.33415],[-68.01234,10.33426],[-68.01194,10.33432],[-68.01158,10.33438],[-68.01127,10.3345],[-68.01098,10.33466],[-68.01038,10.33503],[-68.01015,10.33525],[-68.00999,10.33551],[-68.00988,10.33581],[-68.00973,10.3362],[-68.0095,10.33656],[-68.00919,10.33685],[-68.00884,10.33716],[-68.00862,10.33748],[-68.0085,10.33768],[-68.00828,10.33827],[-68.00814,10.33864],[-68.00799,10.33903],[-68.00785,10.33927],[-68.00769,10.33953],[-68.00739,10.33998],[-68.0071,10.34041],[-68.00651,10.34112],[-68.00601,10.34097],[-68.00559,10.34077],[-68.00514,10.34046],[-68.00445,10.33979],[-68.00383,10.33931],[-68.00348,10.33904],[-68.00237,10.33818],[-68.0024,10.33762],[-68.00236,10.33731],[-68.00225,10.33694],[-68.0021,10.33657],[-68.00141,10.33605],[-68.00119,10.33582],[-68.00105,10.3356],[-68.00071,10.33506],[-68.00034,10.33451],[-67.99989,10.33388],[-67.99974,10.33357],[-67.99951,10.33307],[-67.99889,10.33287],[-67.99852,10.33275],[-67.99816,10.33256],[-67.99788,10.33235],[-67.99775,10.33222],[-67.99728,10.33189],[-67.997,10.33169],[-67.99663,10.33142],[-67.99634,10.33126],[-67.996,10.33117],[-67.99581,10.33114],[-67.99497,10.33107],[-67.99357,10.33093],[-67.9929,10.3309],[-67.99254,10.33091],[-67.9921,10.33161],[-67.99152,10.33261],[-67.99132,10.333],[-67.99112,10.33327],[-67.99085,10.33351],[-67.99026,10.33394],[-67.98977,10.33425],[-67.98919,10.33456],[-67.9886,10.33491],[-67.98832,10.33509],[-67.98805,10.33529],[-67.98775,10.33563],[-67.98668,10.33586],[-67.9862,10.33602],[-67.98595,10.33615],[-67.98557,10.33621],[-67.98536,10.33619],[-67.98481,10.33612],[-67.98414,10.33598],[-67.98336,10.33675],[-67.98292,10.33674],[-67.98262,10.33673],[-67.98238,10.33667],[-67.98211,10.33657],[-67.98173,10.33638],[-67.98141,10.3362],[-67.98096,10.33608],[-67.98061,10.33601],[-67.98018,10.33597],[-67.9797,10.33596],[-67.97882,10.3366],[-67.97831,10.33703],[-67.97796,10.33729],[-67.97764,10.33753],[-67.97732,10.33776],[-67.97696,10.3379],[-67.97665,10.338],[-67.97615,10.33805],[-67.97475,10.33808],[-67.97332,10.33746],[-67.97263,10.3372],[-67.97215,10.33707],[-67.97166,10.33698],[-67.9713,10.33697],[-67.97088,10.33697],[-67.96971,10.33571],[-67.96946,10.33543],[-67.96905,10.3351],[-67.96825,10.33468],[-67.9676,10.33445],[-67.96689,10.33464],[-67.96645,10.33478],[-67.96609,10.33496],[-67.96572,10.33515],[-67.96546,10.33535],[-67.96528,10.33559],[-67.96488,10.33633],[-67.96462,10.33677],[-67.96434,10.33714],[-67.96405,10.33739],[-67.9638,10.33758],[-67.96348,10.33775],[-67.9632,10.33785],[-67.96263,10.33796],[-67.9613,10.33819],[-67.96062,10.33835],[-67.96028,10.33839],[-67.95986,10.33843],[-67.95947,10.33839],[-67.95921,10.33831],[-67.95895,10.33824],[-67.95859,10.33802],[-67.95839,10.33789],[-67.95813,10.33771],[-67.95774,10.33747],[-67.95743,10.33729],[-67.95712,10.33712],[-67.95661,10.33692],[-67.95616,10.33678],[-67.95583,10.33666],[-67.9555,10.33647],[-67.95523,10.33626],[-67.95488,10.33607],[-67.95417,10.33575],[-67.95341,10.33545],[-67.9529,10.33527],[-67.95229,10.33505],[-67.95171,10.33487],[-67.95126,10.33473],[-67.95024,10.3347],[-67.94983,10.33474],[-67.94952,10.33477],[-67.94919,10.33486],[-67.94891,10.33501],[-67.94847,10.3354],[-67.94808,10.33577],[-67.94776,10.33606],[-67.94741,10.3363],[-67.9468,10.33672],[-67.94637,10.33696],[-67.94608,10.33713],[-67.94562,10.33811],[-67.94539,10.33879],[-67.94518,10.33926],[-67.94499,10.33961],[-67.94487,10.33992],[-67.94482,10.34019],[-67.94479,10.34053],[-67.94476,10.34106],[-67.94475,10.34144],[-67.94473,10.34208],[-67.94475,10.34266],[-67.94475,10.34372],[-67.94466,10.34425],[-67.94452,10.34479],[-67.94448,10.34505],[-67.9445,10.34528],[-67.94454,10.3456],[-67.94458,10.34602],[-67.94458,10.34652],[-67.94459,10.34725],[-67.94389,10.34817],[-67.94308,10.3493],[-67.94252,10.34997],[-67.94225,10.35023],[-67.942,10.35056],[-67.9419,10.3508],[-67.94182,10.35109],[-67.94185,10.35139],[-67.94188,10.35201],[-67.94183,10.35257],[-67.94188,10.35339],[-67.94181,10.35401],[-67.94165,10.35482],[-67.94156,10.35552],[-67.94144,10.35636],[-67.94086,10.35719],[-67.94049,10.35762],[-67.94012,10.35799],[-67.93984,10.35831],[-67.93957,10.35867],[-67.93936,10.35902],[-67.93903,10.35962],[-67.93881,10.36033],[-67.93859,10.36093],[-67.93834,10.36161],[-67.93769,10.36179],[-67.93681,10.36151],[-67.93632,10.36126],[-67.93562,10.36103],[-67.93498,10.36092],[-67.9343,10.36086],[-67.93375,10.36087],[-67.93265,10.36096],[-67.93182,10.36087],[-67.93128,10.36084],[-67.93087,10.36088],[-67.93047,10.361],[-67.93005,10.36112],[-67.92967,10.36121],[-67.92931,10.36121],[-67.92904,10.3612],[-67.92851,10.36113],[-67.92764,10.36175],[-67.92701,10.36207],[-67.92651,10.36226],[-67.92599,10.36249],[-67.92562,10.36267],[-67.92522,10.3628],[-67.92486,10.36286],[-67.92451,10.3629],[-67.9242,10.3629],[-67.92386,10.36288],[-67.92342,10.3628],[-67.92298,10.36266],[-67.92271,10.36261],[-67.92243,10.36257],[-67.92173,10.36303],[-67.92127,10.36328],[-67.9208,10.36344],[-67.92035,10.36352],[-67.91986,10.36351],[-67.91966,10.36308],[-67.91954,10.36289],[-67.91937,10.36275],[-67.91906,10.36264],[-67.91867,10.36262],[-67.91822,10.36265],[-67.9178,10.36267],[-67.91729,10.3627],[-67.91645,10.36281],[-67.91579,10.36295],[-67.91514,10.36312],[-67.91448,10.3633],[-67.91353,10.36365],[-67.91304,10.36343],[-67.91264,10.36333],[-67.91226,10.36329],[-67.91171,10.36329],[-67.91118,10.36328],[-67.91065,10.36319],[-67.91031,10.36312],[-67.90987,10.36304],[-67.90933,10.36294],[-67.90851,10.36294],[-67.90688,10.36389],[-67.90617,10.36421],[-67.90543,10.36443],[-67.90475,10.3646],[-67.90431,10.36522],[-67.90389,10.36574],[-67.90368,10.36597],[-67.90339,10.36632],[-67.90293,10.36673],[-67.90247,10.36707],[-67.90193,10.36734],[-67.90141,10.36751],[-67.89974,10.36784],[-67.89861,10.3681],[-67.8975,10.36844],[-67.89674,10.36878],[-67.89616,10.36903],[-67.89448,10.3693],[-67.89353,10.36945],[-67.89274,10.36971],[-67.89212,10.36998],[-67.89027,10.36999],[-67.8894,10.37008],[-67.8885,10.37019],[-67.8878,10.37025],[-67.8868,10.37017],[-67.88532,10.37075],[-67.88458,10.37106],[-67.88394,10.37127],[-67.8835,10.37142],[-67.88313,10.37162],[-67.88277,10.37186],[-67.88161,10.37258],[-67.88128,10.374],[-67.8812,10.37477],[-67.88116,10.37555],[-67.8812,10.37601],[-67.88123,10.37632],[-67.88123,10.37665],[-67.88113,10.37699],[-67.88103,10.37727],[-67.88085,10.3779],[-67.88072,10.37838],[-67.88072,10.37876],[-67.88077,10.37905],[-67.8808,10.37932],[-67.88071,10.37971],[-67.88061,10.38001],[-67.88044,10.38026],[-67.88024,10.38054],[-67.88011,10.38081],[-67.87999,10.38107],[-67.87992,10.38149],[-67.87973,10.38207],[-67.87956,10.38233],[-67.87944,10.38257],[-67.87925,10.38293],[-67.87912,10.38334],[-67.87909,10.38374],[-67.87906,10.38413],[-67.87901,10.38447],[-67.8788,10.38494],[-67.8786,10.38539],[-67.87827,10.38629],[-67.87806,10.38699],[-67.87797,10.38741],[-67.87791,10.38778],[-67.8779,10.3882],[-67.878,10.38868],[-67.87817,10.38944],[-67.87822,10.38984],[-67.87825,10.3903],[-67.87816,10.39069],[-67.87794,10.39161],[-67.87755,10.39195],[-67.87732,10.39222],[-67.87711,10.39253],[-67.87699,10.39283],[-67.87689,10.39317],[-67.87682,10.39348],[-67.87682,10.39375],[-67.87686,10.39402],[-67.87706,10.39465],[-67.87728,10.39518],[-67.87738,10.39553],[-67.87746,10.39588],[-67.87748,10.39619],[-67.87755,10.3967],[-67.87757,10.39729],[-67.87754,10.39776],[-67.87752,10.39833],[-67.87748,10.39868],[-67.87739,10.39905],[-67.8772,10.3995],[-67.87708,10.39988],[-67.87697,10.40043],[-67.87694,10.40081],[-67.87697,10.40128],[-67.877,10.40167],[-67.87696,10.40217],[-67.87703,10.40292],[-67.87714,10.4036],[-67.87718,10.40432],[-67.87716,10.40493],[-67.8771,10.4063],[-67.87703,10.40676],[-67.87702,10.40721],[-67.87708,10.40761],[-67.87716,10.40803],[-67.87729,10.40834],[-67.87804,10.40944],[-67.8783,10.40986],[-67.87855,10.41025],[-67.8787,10.41071],[-67.87878,10.41118],[-67.87884,10.41148],[-67.87881,10.41176],[-67.87876,10.412],[-67.87859,10.41236],[-67.87848,10.41272],[-67.87846,10.41302],[-67.87855,10.41347],[-67.87871,10.41391],[-67.87894,10.41438],[-67.87915,10.41491],[-67.87937,10.4161],[-67.87939,10.41649],[-67.87937,10.41705],[-67.87933,10.41823],[-67.87922,10.41938],[-67.87912,10.42059],[-67.87896,10.42142],[-67.87874,10.42302],[-67.87865,10.42389],[-67.8786,10.42469],[-67.87863,10.42557],[-67.87855,10.42648],[-67.87851,10.4275],[-67.87832,10.42851],[-67.87829,10.4291],[-67.87832,10.42968],[-67.87842,10.43005],[-67.87852,10.43033],[-67.87857,10.43066],[-67.87844,10.4311],[-67.87833,10.43165],[-67.87815,10.43239],[-67.878,10.43282],[-67.87778,10.43345],[-67.87746,10.43423],[-67.87701,10.43506],[-67.87689,10.43539],[-67.87675,10.43578],[-67.87664,10.43637],[-67.87659,10.43737],[-67.8766,10.43821],[-67.87665,10.43881],[-67.87675,10.43922],[-67.87712,10.4398],[-67.87748,10.44019],[-67.87769,10.44043],[-67.87786,10.44065],[-67.87805,10.44097],[-67.87816,10.44122],[-67.87829,10.44165],[-67.87858,10.44253],[-67.87864,10.44289],[-67.87865,10.44326],[-67.87856,10.44363],[-67.87847,10.44398],[-67.87845,10.44429],[-67.87848,10.44456],[-67.87855,10.44481],[-67.87874,10.44511],[-67.87858,10.44535],[-67.87845,10.44561],[-67.87831,10.44585],[-67.87819,10.44603],[-67.87813,10.44618],[-67.8781,10.44633],[-67.87809,10.44654],[-67.87809,10.44678],[-67.8781,10.44698],[-67.87807,10.44722],[-67.87795,10.44749],[-67.87781,10.44769],[-67.87764,10.44785],[-67.87733,10.4481],[-67.87687,10.44833],[-67.87654,10.44846],[-67.87602,10.44865],[-67.87569,10.44889],[-67.87541,10.44928],[-67.87523,10.44967],[-67.87513,10.44999],[-67.87497,10.45055],[-67.87491,10.4509],[-67.87482,10.45155],[-67.87467,10.4521],[-67.87437,10.45293],[-67.87413,10.45338],[-67.87398,10.45362],[-67.87388,10.45393],[-67.87382,10.45427],[-67.87381,10.45452],[-67.87376,10.45478],[-67.87363,10.45505],[-67.87349,10.45523],[-67.87323,10.45554],[-67.87308,10.45578],[-67.873,10.45605],[-67.87298,10.45637],[-67.87302,10.4568],[-67.87291,10.45763],[-67.87289,10.45837],[-67.87284,10.45895],[-67.87279,10.45937],[-67.87269,10.46054],[-67.87188,10.46081],[-67.87158,10.46094],[-67.87138,10.46104],[-67.87128,10.46113],[-67.87113,10.46138],[-67.87105,10.46176],[-67.87082,10.4624],[-67.87069,10.46259],[-67.87058,10.4627],[-67.87047,10.4628],[-67.87035,10.46291],[-67.87018,10.46307],[-67.87004,10.46325],[-67.86996,10.46344],[-67.8699,10.46366],[-67.86986,10.46391],[-67.8698,10.46409],[-67.86974,10.46423],[-67.86955,10.46453],[-67.86852,10.46449],[-67.86821,10.46443],[-67.86796,10.46439],[-67.86781,10.46439],[-67.86765,10.46446],[-67.86743,10.46462],[-67.86726,10.46474],[-67.86707,10.46489],[-67.86699,10.46498],[-67.86689,10.46511],[-67.86682,10.46527],[-67.86673,10.46546],[-67.8666,10.46565],[-67.86646,10.46586],[-67.86638,10.46598],[-67.86631,10.46607],[-67.86622,10.46625],[-67.86615,10.46636],[-67.86608,10.46645],[-67.86596,10.46651],[-67.86577,10.46657],[-67.86558,10.46659],[-67.86527,10.46658],[-67.86502,10.46654],[-67.86464,10.46643],[-67.86394,10.46622],[-67.86363,10.46612],[-67.86288,10.46627],[-67.86269,10.46664],[-67.8626,10.46694],[-67.86249,10.46725],[-67.86244,10.46751],[-67.8624,10.46801],[-67.86234,10.46826],[-67.86228,10.46842],[-67.86212,10.46857],[-67.8618,10.46879],[-67.86147,10.469],[-67.86091,10.4693],[-67.86136,10.47055],[-67.86144,10.47081],[-67.86149,10.4711],[-67.86145,10.47142],[-67.86141,10.4717],[-67.86137,10.47192],[-67.86138,10.47217],[-67.86136,10.47237],[-67.86127,10.47275],[-67.86115,10.47297],[-67.86107,10.47311],[-67.861,10.47327],[-67.86095,10.47341],[-67.86092,10.47354],[-67.86091,10.47373],[-67.86087,10.4741],[-67.86084,10.47437],[-67.86082,10.47458],[-67.86082,10.47482],[-67.86076,10.47556],[-67.86071,10.47591],[-67.86059,10.47636],[-67.86013,10.47671],[-67.85985,10.4769],[-67.85967,10.47701],[-67.85953,10.4771],[-67.85932,10.47719],[-67.85913,10.47729],[-67.859,10.47737],[-67.85886,10.4775],[-67.85877,10.47768],[-67.85876,10.47777],[-67.85873,10.47824],[-67.85802,10.47819],[-67.85778,10.47816],[-67.85762,10.47815],[-67.85743,10.47817],[-67.85727,10.47821],[-67.85709,10.47831],[-67.85681,10.4785],[-67.85681,10.4869]]],[[[-67.99968,10.51584],[-67.99993,10.51739],[-67.99995,10.51752],[-68.00023,10.51866],[-68.00068,10.51974],[-68.00127,10.52075],[-68.00199,10.52167],[-68.00284,10.52248],[-68.0038,10.52317],[-68.00484,10.52372],[-68.00595,10.52412],[-68.0071,10.52436],[-68.00828,10.52444],[-68.00906,10.52444],[-68.00935,10.52444],[-68.01053,10.52431],[-68.01167,10.52403],[-68.01277,10.52359],[-68.01379,10.52301],[-68.01472,10.52229],[-68.01554,10.52145],[-68.01623,10.52051],[-68.01679,10.51948],[-68.01719,10.51838],[-68.01744,10.51724],[-68.01752,10.51607],[-68.01752,10.51581],[-68.01751,10.51552],[-68.01739,10.51436],[-68.0171,10.51322],[-68.01666,10.51214],[-68.01607,10.51113],[-68.01535,10.51021],[-68.01514,10.51001],[-68.01504,10.50987],[-68.01478,10.50948],[-68.01471,10.50939],[-68.01464,10.5093],[-68.01432,10.50895],[-68.014,10.50859],[-68.01392,10.50852],[-68.01385,10.50844],[-68.01348,10.50814],[-68.01311,10.50783],[-68.01302,10.50777],[-68.01293,10.5077],[-68.01252,10.50745],[-68.01212,10.50719],[-68.01202,10.50715],[-68.01193,10.50709],[-68.01149,10.5069],[-68.01105,10.5067],[-68.01095,10.50667],[-68.01084,10.50663],[-68.01038,10.5065],[-68.00992,10.50636],[-68.00981,10.50634],[-68.00971,10.50631],[-68.00923,10.50625],[-68.00876,10.50618],[-68.00865,10.50618],[-68.00854,10.50616],[-68.00806,10.50617],[-68.00758,10.50616],[-68.00747,10.50617],[-68.00736,10.50618],[-68.00688,10.50625],[-68.00641,10.5063],[-68.0063,10.50633],[-68.00619,10.50635],[-68.00573,10.50648],[-68.00527,10.50661],[-68.00517,10.50665],[-68.00506,10.50668],[-68.00462,10.50688],[-68.00418,10.50707],[-68.00409,10.50712],[-68.00398,10.50717],[-68.00358,10.50742],[-68.00317,10.50767],[-68.00308,10.50774],[-68.00299,10.5078],[-68.00263,10.50811],[-68.00225,10.5084],[-68.00218,10.50848],[-68.00209,10.50856],[-68.00178,10.50891],[-68.00145,10.50926],[-68.00139,10.50935],[-68.00131,10.50943],[-68.00105,10.50983],[-68.00077,10.51022],[-68.00072,10.51031],[-68.00066,10.51041],[-68.00046,10.51083],[-68.00024,10.51126],[-68.0002,10.51136],[-68.00016,10.51146],[-68.00001,10.51191],[-67.99986,10.51236],[-67.99983,10.51247],[-67.9998,10.51258],[-67.99972,10.51304],[-67.99963,10.51351],[-67.99963,10.51362],[-67.99961,10.51373],[-67.9996,10.5142],[-67.99957,10.51468],[-67.99958,10.51479],[-67.99958,10.5149],[-67.99963,10.51537],[-67.99968,10.51584]]],[[[-68.09928,10.51026],[-68.09968,10.51155],[-68.09973,10.51174],[-68.10018,10.51282],[-68.10077,10.51383],[-68.10149,10.51475],[-68.10234,10.51556],[-68.1033,10.51625],[-68.10434,10.5168],[-68.10545,10.5172],[-68.1066,10.51744],[-68.10778,10.51752],[-68.1083,10.51752],[-68.10859,10.51752],[-68.10977,10.51739],[-68.11091,10.51711],[-68.11201,10.51667],[-68.11303,10.51609],[-68.11396,10.51537],[-68.11478,10.51453],[-68.11547,10.51359],[-68.11603,10.51256],[-68.11643,10.51146],[-68.11668,10.51032],[-68.11676,10.50915],[-68.11676,10.50863],[-68.11675,10.50834],[-68.11663,10.50718],[-68.11634,10.50604],[-68.11634,10.50603],[-68.11632,10.50592],[-68.1162,10.50537],[-68.1162,10.50535],[-68.11619,10.50533],[-68.116,10.5048],[-68.11581,10.50427],[-68.1158,10.50425],[-68.1158,10.50423],[-68.11553,10.50373],[-68.11527,10.50323],[-68.11526,10.50322],[-68.11525,10.5032],[-68.11491,10.50274],[-68.11458,10.50228],[-68.11457,10.50227],[-68.11456,10.50225],[-68.11416,10.50184],[-68.11377,10.50143],[-68.11375,10.50142],[-68.11374,10.50141],[-68.11329,10.50106],[-68.11285,10.50071],[-68.11283,10.5007],[-68.11281,10.50068],[-68.11232,10.5004],[-68.11183,10.50011],[-68.11181,10.5001],[-68.1118,10.50009],[-68.11127,10.49988],[-68.11074,10.49966],[-68.11072,10.49966],[-68.1107,10.49965],[-68.11015,10.49951],[-68.1096,10.49937],[-68.10958,10.49937],[-68.10956,10.49936],[-68.10899,10.4993],[-68.10843,10.49924],[-68.10841,10.49924],[-68.10839,10.49924],[-68.10782,10.49925],[-68.10725,10.49927],[-68.10723,10.49927],[-68.10721,10.49927],[-68.10664,10.49937],[-68.10608,10.49946],[-68.10606,10.49946],[-68.10604,10.49947],[-68.1055,10.49964],[-68.10496,10.49981],[-68.10494,10.49982],[-68.10492,10.49982],[-68.10426,10.50008],[-68.10359,10.50038],[-68.10258,10.50097],[-68.10166,10.5017],[-68.10085,10.50255],[-68.10017,10.50351],[-68.09962,10.50454],[-68.09923,10.50564],[-68.099,10.50679],[-68.09893,10.50796],[-68.09903,10.50912],[-68.09928,10.51026]]]]}},{"type":"Feature","properties":{"name":"Juan José Mora","admin_level":"6","osm_id":9997544},"geometry":{"type":"Polygon","coordinates":[[[-68.24648,10.58064],[-68.24643,10.58068],[-68.24627,10.58082],[-68.24614,10.58094],[-68.24603,10.58104],[-68.24594,10.58114],[-68.24587,10.58122],[-68.24574,10.58134],[-68.24562,10.58145],[-68.24552,10.58152],[-68.24544,10.58158],[-68.24537,10.58165],[-68.24524,10.58182],[-68.24507,10.58204],[-68.24501,10.58211],[-68.24494,10.58218],[-68.24485,10.58226],[-68.24479,10.58232],[-68.24469,10.58242],[-68.24458,10.58255],[-68.2445,10.58264],[-68.24439,10.58273],[-68.24431,10.5828],[-68.24425,10.58284],[-68.24418,10.58288],[-68.24402,10.58295],[-68.24382,10.58303],[-68.24369,10.58307],[-68.24354,10.5831],[-68.24328,10.58316],[-68.24311,10.58319],[-68.24298,10.58322],[-68.24287,10.58327],[-68.24275,10.58332],[-68.24263,10.58336],[-68.24253,10.58338],[-68.24241,10.5834],[-68.24228,10.58339],[-68.24183,10.58342],[-68.24171,10.58346],[-68.24155,10.58352],[-68.24143,10.58356],[-68.24116,10.58359],[-68.24094,10.5836],[-68.2408,10.58358],[-68.24069,10.58353],[-68.2406,10.58344],[-68.24054,10.58335],[-68.24052,10.58325],[-68.24047,10.58308],[-68.2404,10.58294],[-68.24027,10.58277],[-68.24016,10.58266],[-68.23997,10.58257],[-68.23985,10.58258],[-68.23974,10.5826],[-68.23956,10.58266],[-68.23951,10.5827],[-68.23858,10.58337],[-68.2327,10.58759],[-68.22973,10.58381],[-68.22665,10.57999],[-68.22625,10.57943],[-68.22547,10.57861],[-68.2248,10.57765],[-68.22464,10.57736],[-68.22449,10.5772],[-68.22376,10.57629],[-68.22315,10.57529],[-68.22315,10.57528],[-68.22309,10.57518],[-68.21521,10.5652],[-68.20368,10.55122],[-68.20302,10.55068],[-68.20223,10.54981],[-68.20158,10.54886],[-68.20144,10.54872],[-68.20067,10.54784],[-68.20047,10.54752],[-68.20005,10.54712],[-68.199,10.54675],[-68.19795,10.5462],[-68.197,10.54552],[-68.19614,10.54472],[-68.19608,10.54465],[-68.19574,10.54433],[-68.195,10.54342],[-68.1944,10.54242],[-68.19412,10.54182],[-68.19392,10.54134],[-68.19358,10.54035],[-68.19294,10.53956],[-68.19286,10.53942],[-68.19231,10.53886],[-68.19155,10.53797],[-68.1912,10.53743],[-68.1908,10.53704],[-68.19002,10.53617],[-68.18994,10.53606],[-68.18953,10.53568],[-68.18879,10.53477],[-68.18848,10.53426],[-68.18506,10.53038],[-68.18503,10.53037],[-68.1841,10.52966],[-68.18327,10.52882],[-68.18257,10.52788],[-68.18249,10.52775],[-68.18239,10.52758],[-68.1812,10.52624],[-68.17693,10.52186],[-68.17624,10.52151],[-68.17527,10.52084],[-68.1744,10.52005],[-68.17386,10.51939],[-68.17382,10.51935],[-68.17307,10.51845],[-68.17303,10.51838],[-68.17246,10.51834],[-68.17131,10.51807],[-68.17021,10.51766],[-68.16917,10.51709],[-68.16823,10.51639],[-68.16739,10.51557],[-68.16668,10.51464],[-68.16611,10.51362],[-68.16568,10.51253],[-68.16542,10.51144],[-68.1654,10.51133],[-68.16539,10.51118],[-68.16398,10.50987],[-68.16307,10.50912],[-68.16288,10.50932],[-68.16278,10.50958],[-68.16275,10.50964],[-68.16269,10.50976],[-68.16265,10.50988],[-68.16253,10.5101],[-68.16242,10.51033],[-68.16236,10.51043],[-68.16223,10.51069],[-68.16215,10.51079],[-68.16212,10.51086],[-68.1621,10.51091],[-68.16204,10.51102],[-68.16199,10.51113],[-68.16189,10.51128],[-68.16173,10.51157],[-68.16154,10.51186],[-68.1615,10.51192],[-68.16143,10.51202],[-68.16136,10.51212],[-68.1612,10.51231],[-68.16104,10.51252],[-68.161,10.51256],[-68.16084,10.5128],[-68.16061,10.51306],[-68.16057,10.51311],[-68.16048,10.5132],[-68.1604,10.51329],[-68.16023,10.51346],[-68.16004,10.51365],[-68.15995,10.51372],[-68.15992,10.51375],[-68.1599,10.51377],[-68.15989,10.51378],[-68.15985,10.51383],[-68.15971,10.51395],[-68.15948,10.5142],[-68.15922,10.51442],[-68.15916,10.51447],[-68.15906,10.51454],[-68.15897,10.51462],[-68.15877,10.51476],[-68.15862,10.51487],[-68.15846,10.51501],[-68.15818,10.51521],[-68.15812,10.51525],[-68.15801,10.51531],[-68.15791,10.51538],[-68.1577,10.5155],[-68.15746,10.51564],[-68.15735,10.51569],[-68.1571,10.51583],[-68.15698,10.51588],[-68.15691,10.51592],[-68.15687,10.51594],[-68.15676,10.516],[-68.15665,10.51607],[-68.15648,10.51614],[-68.15619,10.5163],[-68.15588,10.51644],[-68.15581,10.51646],[-68.15569,10.5165],[-68.15558,10.51656],[-68.15533,10.51663],[-68.15508,10.51672],[-68.15497,10.51674],[-68.15469,10.51683],[-68.15457,10.51686],[-68.15445,10.51689],[-68.15399,10.51696],[-68.15397,10.51696],[-68.15393,10.51697],[-68.15392,10.51697],[-68.15353,10.51704],[-68.15341,10.51705],[-68.15328,10.51707],[-68.15282,10.51707],[-68.15235,10.51709],[-68.15223,10.51708],[-68.1521,10.51708],[-68.15164,10.51702],[-68.15118,10.51698],[-68.15106,10.51695],[-68.15093,10.51693],[-68.15048,10.51681],[-68.15003,10.5167],[-68.14991,10.51666],[-68.14979,10.51662],[-68.14937,10.51644],[-68.14894,10.51627],[-68.14882,10.51621],[-68.14871,10.51616],[-68.14831,10.51592],[-68.14791,10.5157],[-68.14781,10.51562],[-68.1477,10.51555],[-68.14734,10.51526],[-68.14697,10.51498],[-68.14688,10.51489],[-68.14679,10.51481],[-68.14654,10.51455],[-68.14653,10.51454],[-68.14651,10.51452],[-68.14647,10.51448],[-68.14615,10.51415],[-68.14607,10.51405],[-68.14599,10.51395],[-68.14581,10.5137],[-68.14576,10.51365],[-68.14569,10.51353],[-68.14545,10.51321],[-68.14539,10.5131],[-68.14531,10.51299],[-68.1452,10.51278],[-68.14513,10.51266],[-68.14504,10.51246],[-68.14489,10.51218],[-68.14484,10.51206],[-68.14479,10.51195],[-68.14477,10.51191],[-68.14472,10.51175],[-68.14464,10.5116],[-68.14455,10.51129],[-68.14448,10.51109],[-68.14445,10.51099],[-68.14439,10.5108],[-68.14436,10.51064],[-68.14431,10.51048],[-68.14425,10.51008],[-68.14422,10.50995],[-68.14422,10.5099],[-68.14417,10.50965],[-68.14416,10.50949],[-68.14414,10.50932],[-68.14414,10.5089],[-68.14412,10.50849],[-68.14413,10.50832],[-68.14413,10.50816],[-68.14419,10.50774],[-68.14423,10.50732],[-68.14427,10.50716],[-68.14429,10.507],[-68.14439,10.50665],[-68.14413,10.50647],[-68.14327,10.50568],[-68.14325,10.50566],[-68.14313,10.50553],[-68.14295,10.50531],[-68.14281,10.50518],[-68.14269,10.50504],[-68.14263,10.50497],[-68.14231,10.50455],[-68.14209,10.50426],[-68.14207,10.50423],[-68.14192,10.50403],[-68.14135,10.50301],[-68.14093,10.50191],[-68.14067,10.50078],[-68.14064,10.50043],[-68.14026,10.5001],[-68.13991,10.49969],[-68.139,10.49897],[-68.13891,10.49889],[-68.13396,10.49235],[-68.13806,10.48776],[-68.13845,10.48776],[-68.13863,10.48774],[-68.13873,10.48772],[-68.13885,10.48767],[-68.13889,10.4876],[-68.13895,10.48738],[-68.13899,10.48716],[-68.13901,10.48708],[-68.13903,10.487],[-68.13907,10.48692],[-68.13908,10.48681],[-68.13909,10.48669],[-68.13911,10.48659],[-68.13915,10.48653],[-68.13921,10.4865],[-68.13926,10.48652],[-68.13932,10.48658],[-68.13938,10.48675],[-68.13944,10.48693],[-68.13949,10.48702],[-68.13954,10.48706],[-68.13959,10.48705],[-68.13966,10.48702],[-68.13975,10.48695],[-68.13996,10.48679],[-68.14004,10.48674],[-68.14009,10.48669],[-68.14015,10.48662],[-68.14018,10.4865],[-68.14023,10.48626],[-68.14025,10.48613],[-68.14029,10.48603],[-68.14038,10.48593],[-68.14051,10.48588],[-68.14065,10.48585],[-68.14102,10.48586],[-68.14114,10.48586],[-68.14124,10.48585],[-68.14132,10.4858],[-68.1414,10.48572],[-68.14144,10.4856],[-68.14146,10.48546],[-68.14145,10.48537],[-68.1414,10.4853],[-68.14133,10.48527],[-68.14124,10.48527],[-68.14116,10.48528],[-68.1411,10.48528],[-68.14104,10.48525],[-68.141,10.48518],[-68.14099,10.48511],[-68.141,10.48499],[-68.14105,10.48486],[-68.14114,10.48466],[-68.14123,10.48456],[-68.14131,10.48449],[-68.1415,10.48441],[-68.14173,10.48436],[-68.14201,10.48434],[-68.14246,10.48441],[-68.1427,10.48447],[-68.14286,10.48451],[-68.14297,10.4845],[-68.14312,10.48444],[-68.14323,10.48431],[-68.14332,10.484],[-68.14338,10.48373],[-68.14342,10.48348],[-68.1434,10.48328],[-68.14333,10.48312],[-68.14319,10.48289],[-68.1431,10.48261],[-68.14308,10.48245],[-68.14305,10.48216],[-68.14309,10.48132],[-68.14312,10.48052],[-68.14316,10.47971],[-68.14319,10.47937],[-68.1432,10.47907],[-68.14316,10.47883],[-68.14326,10.47871],[-68.14322,10.47861],[-68.14318,10.47842],[-68.14305,10.478],[-68.14284,10.47764],[-68.14261,10.47733],[-68.14242,10.47716],[-68.14224,10.47702],[-68.14212,10.47693],[-68.14193,10.47668],[-68.14187,10.47636],[-68.1418,10.47582],[-68.14177,10.47543],[-68.14176,10.47524],[-68.1418,10.47501],[-68.14188,10.47466],[-68.14194,10.47428],[-68.14197,10.47391],[-68.14202,10.47351],[-68.14205,10.4733],[-68.14212,10.47311],[-68.14229,10.47291],[-68.14257,10.47274],[-68.14288,10.47261],[-68.14364,10.4723],[-68.1444,10.47204],[-68.14533,10.47184],[-68.14604,10.47176],[-68.14723,10.4717],[-68.14785,10.47171],[-68.14827,10.47183],[-68.14857,10.472],[-68.14878,10.4722],[-68.14909,10.47256],[-68.14929,10.47281],[-68.14947,10.47305],[-68.15009,10.47361],[-68.15033,10.47376],[-68.15051,10.47379],[-68.15068,10.47378],[-68.15085,10.4737],[-68.15097,10.47356],[-68.15103,10.47343],[-68.15105,10.47321],[-68.15102,10.47301],[-68.15095,10.47277],[-68.15084,10.47257],[-68.15068,10.47232],[-68.15038,10.47201],[-68.15019,10.47184],[-68.1501,10.47168],[-68.15007,10.47157],[-68.15008,10.47143],[-68.15012,10.47129],[-68.15022,10.47113],[-68.15057,10.47071],[-68.15068,10.47057],[-68.1507,10.47052],[-68.1507,10.4704],[-68.15063,10.47027],[-68.15049,10.47016],[-68.15025,10.47004],[-68.15002,10.46987],[-68.14982,10.46965],[-68.14965,10.46936],[-68.14943,10.46893],[-68.14927,10.46877],[-68.14913,10.46868],[-68.14898,10.46864],[-68.1488,10.46865],[-68.14866,10.4687],[-68.14847,10.46879],[-68.1483,10.46885],[-68.14812,10.46889],[-68.14788,10.46891],[-68.14771,10.46889],[-68.14758,10.46884],[-68.14748,10.46876],[-68.14744,10.46865],[-68.14742,10.4685],[-68.14742,10.46839],[-68.14747,10.46809],[-68.14759,10.46787],[-68.14783,10.46745],[-68.1479,10.46724],[-68.14795,10.46704],[-68.14795,10.46679],[-68.14789,10.46627],[-68.14781,10.46598],[-68.14775,10.46576],[-68.14765,10.46557],[-68.14744,10.46538],[-68.1472,10.46524],[-68.14695,10.46509],[-68.14654,10.46479],[-68.146,10.46439],[-68.14578,10.46421],[-68.1456,10.46399],[-68.14548,10.4638],[-68.14539,10.46355],[-68.14534,10.46327],[-68.14532,10.46297],[-68.14536,10.46274],[-68.14545,10.46253],[-68.14559,10.46232],[-68.14577,10.46214],[-68.14613,10.46192],[-68.14636,10.46175],[-68.14655,10.46156],[-68.14668,10.46142],[-68.14678,10.46134],[-68.14693,10.46128],[-68.14706,10.46127],[-68.1472,10.46129],[-68.14739,10.46139],[-68.1477,10.4616],[-68.14786,10.46172],[-68.14803,10.46183],[-68.14818,10.46187],[-68.14846,10.46185],[-68.14878,10.46178],[-68.14904,10.4617],[-68.14928,10.46154],[-68.14939,10.46137],[-68.14943,10.46117],[-68.14941,10.461],[-68.1493,10.4608],[-68.14915,10.46067],[-68.1489,10.46053],[-68.14848,10.46039],[-68.14774,10.46014],[-68.14742,10.46004],[-68.1472,10.45989],[-68.14706,10.45971],[-68.14694,10.45954],[-68.1469,10.45937],[-68.14686,10.45913],[-68.14689,10.45896],[-68.14694,10.45884],[-68.14703,10.4587],[-68.14718,10.4586],[-68.14735,10.45854],[-68.14759,10.45855],[-68.14805,10.45862],[-68.14872,10.45862],[-68.1491,10.45864],[-68.1494,10.4587],[-68.14982,10.45874],[-68.1503,10.45874],[-68.15106,10.45874],[-68.15155,10.4587],[-68.15205,10.4586],[-68.15381,10.45813],[-68.15412,10.45806],[-68.15432,10.45796],[-68.15445,10.45785],[-68.15457,10.45764],[-68.15459,10.45744],[-68.15452,10.45729],[-68.15438,10.45711],[-68.15428,10.457],[-68.15418,10.45685],[-68.15408,10.45659],[-68.15402,10.45636],[-68.15399,10.45614],[-68.15405,10.45596],[-68.15419,10.45583],[-68.15436,10.45578],[-68.15476,10.45571],[-68.15526,10.45565],[-68.15549,10.45559],[-68.15567,10.4555],[-68.15591,10.45535],[-68.15612,10.45514],[-68.15633,10.45493],[-68.15644,10.45476],[-68.15648,10.45461],[-68.15648,10.45444],[-68.15644,10.4542],[-68.15638,10.45403],[-68.1563,10.45391],[-68.15607,10.45378],[-68.15568,10.45362],[-68.15538,10.45348],[-68.15497,10.45325],[-68.15482,10.45317],[-68.15471,10.45306],[-68.15463,10.45292],[-68.15458,10.45279],[-68.15458,10.45263],[-68.15461,10.4525],[-68.15473,10.4523],[-68.15485,10.45213],[-68.15498,10.45191],[-68.15516,10.45172],[-68.15547,10.45151],[-68.15636,10.45095],[-68.1566,10.45083],[-68.15671,10.45076],[-68.15677,10.45069],[-68.15677,10.45057],[-68.15672,10.45037],[-68.15667,10.45019],[-68.1566,10.45002],[-68.15645,10.44982],[-68.15625,10.44967],[-68.15586,10.44942],[-68.15568,10.44929],[-68.15546,10.44917],[-68.15522,10.44907],[-68.15501,10.449],[-68.15483,10.44893],[-68.15462,10.44883],[-68.15434,10.44868],[-68.15413,10.44852],[-68.15403,10.44841],[-68.15392,10.44825],[-68.15386,10.44811],[-68.15382,10.44795],[-68.1538,10.44781],[-68.1538,10.44764],[-68.15384,10.44747],[-68.15395,10.4473],[-68.15424,10.44693],[-68.15458,10.44642],[-68.1549,10.44589],[-68.15517,10.44549],[-68.15528,10.44525],[-68.15546,10.44461],[-68.15558,10.44414],[-68.15564,10.44376],[-68.15563,10.44357],[-68.15563,10.44346],[-68.15559,10.44329],[-68.15555,10.44315],[-68.15545,10.44293],[-68.15529,10.44267],[-68.15518,10.44238],[-68.15508,10.44199],[-68.15499,10.44154],[-68.15495,10.44137],[-68.15489,10.4412],[-68.15479,10.44104],[-68.15468,10.44087],[-68.15457,10.44073],[-68.15435,10.44057],[-68.15421,10.44049],[-68.15413,10.4404],[-68.15406,10.44024],[-68.15396,10.43988],[-68.15391,10.43942],[-68.15392,10.43924],[-68.15394,10.43903],[-68.15399,10.43878],[-68.15409,10.43846],[-68.15423,10.43803],[-68.15427,10.43782],[-68.1543,10.4372],[-68.15429,10.43684],[-68.15422,10.43644],[-68.1542,10.43605],[-68.1542,10.43538],[-68.15415,10.4348],[-68.15411,10.43429],[-68.15407,10.43411],[-68.154,10.43392],[-68.15389,10.43372],[-68.15357,10.43336],[-68.1533,10.43299],[-68.15321,10.43283],[-68.15318,10.43267],[-68.15318,10.43245],[-68.15323,10.43213],[-68.1532,10.43186],[-68.15317,10.43156],[-68.15295,10.43106],[-68.15289,10.43085],[-68.15285,10.4307],[-68.15287,10.43052],[-68.15291,10.43031],[-68.15301,10.43008],[-68.1532,10.42968],[-68.15328,10.42948],[-68.15335,10.42929],[-68.15334,10.42907],[-68.15327,10.42887],[-68.15313,10.42864],[-68.15295,10.42841],[-68.15272,10.42821],[-68.15246,10.42795],[-68.1523,10.42767],[-68.1522,10.42731],[-68.15218,10.42707],[-68.15223,10.42694],[-68.15239,10.42682],[-68.1526,10.42672],[-68.15282,10.42669],[-68.15311,10.42669],[-68.15374,10.42679],[-68.15401,10.42679],[-68.15426,10.42672],[-68.1544,10.42659],[-68.15452,10.42642],[-68.15458,10.42619],[-68.15453,10.42597],[-68.15442,10.42586],[-68.15421,10.42572],[-68.15395,10.42562],[-68.15375,10.4256],[-68.1536,10.42562],[-68.15335,10.42569],[-68.15302,10.42575],[-68.15284,10.42575],[-68.15264,10.42572],[-68.15253,10.42565],[-68.15245,10.42546],[-68.15241,10.42525],[-68.1524,10.42501],[-68.15245,10.42475],[-68.15261,10.42444],[-68.15282,10.42412],[-68.1529,10.42398],[-68.15295,10.42381],[-68.15291,10.42366],[-68.15284,10.42353],[-68.15281,10.42336],[-68.15283,10.42322],[-68.15291,10.42308],[-68.15303,10.42298],[-68.15382,10.42248],[-68.15434,10.42208],[-68.15448,10.42202],[-68.15496,10.4219],[-68.15546,10.4218],[-68.15559,10.42182],[-68.15568,10.42189],[-68.15578,10.42202],[-68.15579,10.42219],[-68.15579,10.42232],[-68.15571,10.42252],[-68.15554,10.42284],[-68.15541,10.42304],[-68.15538,10.42322],[-68.15542,10.42343],[-68.15551,10.42356],[-68.15565,10.42364],[-68.15588,10.42364],[-68.15606,10.4236],[-68.15628,10.42344],[-68.15647,10.42319],[-68.15684,10.42241],[-68.15691,10.42219],[-68.15696,10.42198],[-68.15699,10.42175],[-68.15706,10.42153],[-68.15715,10.42133],[-68.15738,10.42095],[-68.15783,10.42011],[-68.15807,10.41972],[-68.15818,10.41953],[-68.15821,10.41932],[-68.15819,10.41911],[-68.15811,10.4189],[-68.15803,10.41869],[-68.15801,10.41848],[-68.15803,10.41826],[-68.15812,10.41806],[-68.15825,10.41788],[-68.15842,10.41777],[-68.15885,10.41771],[-68.15906,10.4177],[-68.15927,10.41772],[-68.15947,10.41778],[-68.15969,10.41785],[-68.1599,10.41793],[-68.16011,10.41801],[-68.16032,10.418],[-68.16049,10.41788],[-68.16061,10.4177],[-68.16065,10.41749],[-68.16064,10.41727],[-68.16064,10.41705],[-68.16062,10.41684],[-68.16049,10.41666],[-68.1603,10.41654],[-68.16009,10.41643],[-68.15983,10.41622],[-68.15968,10.41606],[-68.15964,10.41584],[-68.15964,10.41562],[-68.15966,10.41541],[-68.15966,10.4152],[-68.15961,10.41499],[-68.15954,10.41478],[-68.15956,10.41456],[-68.15962,10.41436],[-68.15974,10.41418],[-68.16,10.4138],[-68.16033,10.41341],[-68.16069,10.41314],[-68.16087,10.413],[-68.16106,10.41286],[-68.16143,10.41261],[-68.16163,10.41247],[-68.16183,10.41233],[-68.16196,10.41216],[-68.16209,10.41196],[-68.16226,10.41166],[-68.16239,10.41121],[-68.16245,10.411],[-68.16251,10.41075],[-68.16254,10.41065],[-68.16262,10.41045],[-68.16263,10.41034],[-68.16263,10.41023],[-68.1626,10.41012],[-68.16252,10.41003],[-68.16242,10.40996],[-68.16231,10.4099],[-68.16219,10.40985],[-68.16207,10.40982],[-68.16182,10.40974],[-68.16171,10.40971],[-68.16151,10.4096],[-68.16121,10.40947],[-68.1611,10.40944],[-68.161,10.40938],[-68.1609,10.40932],[-68.16081,10.40925],[-68.16072,10.40917],[-68.16063,10.40909],[-68.16052,10.40902],[-68.16041,10.409],[-68.1603,10.40903],[-68.16019,10.40908],[-68.16012,10.40918],[-68.16008,10.40928],[-68.16004,10.40938],[-68.15994,10.40946],[-68.15983,10.40945],[-68.15973,10.40938],[-68.15966,10.4093],[-68.15961,10.4092],[-68.1596,10.40908],[-68.15961,10.40898],[-68.15965,10.40887],[-68.15971,10.40876],[-68.15977,10.40867],[-68.15995,10.40852],[-68.16015,10.4084],[-68.16026,10.40836],[-68.16037,10.40833],[-68.16049,10.4083],[-68.1606,10.40827],[-68.16071,10.40821],[-68.1609,10.40806],[-68.16097,10.40798],[-68.16103,10.40785],[-68.16109,10.40762],[-68.16109,10.4074],[-68.16099,10.40721],[-68.16083,10.40705],[-68.16063,10.40698],[-68.16039,10.40691],[-68.16017,10.40681],[-68.15994,10.40674],[-68.15973,10.4067],[-68.15947,10.40663],[-68.15923,10.40659],[-68.15904,10.40648],[-68.15814,10.40594],[-68.15794,10.40581],[-68.15773,10.40567],[-68.15763,10.40546],[-68.15762,10.40524],[-68.15767,10.40503],[-68.15777,10.40483],[-68.15792,10.40466],[-68.15803,10.40448],[-68.15804,10.40426],[-68.15798,10.40405],[-68.15788,10.40383],[-68.15772,10.40366],[-68.15755,10.40351],[-68.15737,10.40336],[-68.15721,10.40329],[-68.15686,10.40298],[-68.15669,10.40282],[-68.15657,10.40263],[-68.15652,10.40242],[-68.15655,10.40223],[-68.15664,10.40202],[-68.15684,10.40164],[-68.15688,10.40142],[-68.15687,10.40119],[-68.15681,10.40097],[-68.15675,10.40074],[-68.15675,10.40051],[-68.15682,10.40028],[-68.15693,10.40009],[-68.15707,10.39992],[-68.15725,10.39978],[-68.15744,10.39966],[-68.15782,10.39939],[-68.15822,10.39918],[-68.15843,10.3991],[-68.15861,10.39899],[-68.15873,10.39878],[-68.15879,10.39856],[-68.15892,10.39837],[-68.15907,10.3982],[-68.15925,10.39805],[-68.15938,10.39787],[-68.15938,10.39766],[-68.15931,10.39745],[-68.15915,10.39729],[-68.15895,10.39718],[-68.15872,10.39719],[-68.15825,10.39707],[-68.15805,10.39697],[-68.1579,10.3968],[-68.15777,10.39662],[-68.15766,10.39642],[-68.15759,10.39621],[-68.15758,10.39606],[-68.15754,10.39583],[-68.15753,10.39562],[-68.15756,10.3954],[-68.15761,10.39519],[-68.15786,10.39483],[-68.15815,10.3945],[-68.15843,10.39416],[-68.15855,10.39397],[-68.15866,10.39378],[-68.15876,10.39359],[-68.15889,10.3934],[-68.15919,10.39279],[-68.15939,10.39186],[-68.15934,10.39142],[-68.15928,10.39118],[-68.15918,10.39098],[-68.15908,10.39078],[-68.15893,10.39049],[-68.15888,10.39026],[-68.15884,10.39003],[-68.15887,10.38961],[-68.15886,10.38938],[-68.1588,10.38916],[-68.15868,10.38898],[-68.15849,10.38884],[-68.15835,10.38865],[-68.15825,10.38846],[-68.15821,10.38825],[-68.15822,10.38804],[-68.1583,10.38781],[-68.15839,10.38756],[-68.15853,10.38734],[-68.15866,10.38716],[-68.15883,10.38703],[-68.15903,10.38693],[-68.15919,10.38678],[-68.15921,10.38656],[-68.15916,10.38635],[-68.1591,10.38613],[-68.159,10.38593],[-68.15885,10.38576],[-68.15863,10.38565],[-68.15841,10.38565],[-68.15819,10.3856],[-68.15797,10.38553],[-68.15782,10.38535],[-68.15777,10.38512],[-68.15786,10.38492],[-68.15801,10.38474],[-68.15819,10.38462],[-68.15838,10.38447],[-68.15842,10.38426],[-68.15848,10.38384],[-68.15856,10.38363],[-68.15865,10.38343],[-68.1588,10.38325],[-68.15893,10.38306],[-68.159,10.38286],[-68.15897,10.38265],[-68.15889,10.38244],[-68.15884,10.38221],[-68.15863,10.38164],[-68.1584,10.38124],[-68.15821,10.38111],[-68.15799,10.38105],[-68.15778,10.38096],[-68.15773,10.38075],[-68.15777,10.38054],[-68.15788,10.38035],[-68.15801,10.38018],[-68.15812,10.37999],[-68.15835,10.37949],[-68.15849,10.37928],[-68.15878,10.37893],[-68.159,10.37854],[-68.15909,10.37835],[-68.15914,10.37813],[-68.1591,10.37792],[-68.15901,10.3777],[-68.15887,10.37752],[-68.15869,10.37723],[-68.15863,10.37702],[-68.15863,10.37681],[-68.15869,10.37657],[-68.15889,10.37617],[-68.15894,10.37596],[-68.15909,10.3753],[-68.15921,10.37509],[-68.1593,10.37488],[-68.15941,10.3747],[-68.15952,10.37448],[-68.15966,10.3743],[-68.15974,10.37409],[-68.15972,10.37386],[-68.15964,10.37363],[-68.15943,10.37324],[-68.15934,10.37303],[-68.15925,10.37281],[-68.15908,10.37221],[-68.15906,10.372],[-68.15914,10.37177],[-68.15942,10.37143],[-68.15962,10.37126],[-68.15991,10.37094],[-68.16003,10.37073],[-68.16006,10.3705],[-68.16003,10.37029],[-68.15991,10.36986],[-68.15975,10.36969],[-68.15944,10.36937],[-68.15927,10.36922],[-68.15906,10.36911],[-68.1589,10.36895],[-68.15885,10.36874],[-68.15891,10.36854],[-68.15908,10.36841],[-68.15928,10.36833],[-68.15946,10.36821],[-68.1596,10.36803],[-68.15963,10.36781],[-68.15961,10.3676],[-68.15951,10.36739],[-68.1591,10.36681],[-68.15897,10.36659],[-68.1588,10.36642],[-68.15834,10.36604],[-68.15814,10.3659],[-68.1579,10.3658],[-68.15769,10.36575],[-68.15747,10.36569],[-68.15674,10.36525],[-68.15678,10.36506],[-68.15682,10.36496],[-68.15686,10.36485],[-68.15692,10.36476],[-68.15705,10.36456],[-68.15722,10.3644],[-68.15731,10.36435],[-68.15741,10.36428],[-68.15749,10.36419],[-68.15754,10.3641],[-68.15758,10.36399],[-68.15764,10.36377],[-68.1577,10.36367],[-68.15788,10.36353],[-68.15795,10.36345],[-68.158,10.36335],[-68.15801,10.36323],[-68.158,10.36311],[-68.15804,10.36301],[-68.15808,10.36289],[-68.15814,10.3628],[-68.15819,10.36268],[-68.15825,10.36244],[-68.15822,10.36217],[-68.15818,10.36194],[-68.15818,10.36183],[-68.15821,10.36173],[-68.15827,10.36164],[-68.15835,10.36156],[-68.15843,10.3615],[-68.15865,10.36112],[-68.15872,10.36101],[-68.1588,10.36091],[-68.1589,10.36082],[-68.15899,10.36075],[-68.1591,10.36068],[-68.15919,10.36061],[-68.1593,10.36054],[-68.15937,10.36045],[-68.15955,10.36029],[-68.15963,10.36021],[-68.15972,10.36014],[-68.15983,10.36008],[-68.15993,10.36005],[-68.16018,10.35985],[-68.16028,10.35979],[-68.16035,10.35972],[-68.16041,10.35961],[-68.16042,10.35951],[-68.1604,10.3594],[-68.16033,10.3593],[-68.16026,10.35906],[-68.16026,10.35895],[-68.16027,10.35885],[-68.16028,10.35873],[-68.16028,10.35863],[-68.16021,10.35842],[-68.1602,10.35825],[-68.1602,10.35812],[-68.16023,10.358],[-68.16028,10.35791],[-68.16037,10.35784],[-68.16047,10.35777],[-68.16057,10.35773],[-68.16069,10.35772],[-68.16079,10.35768],[-68.16088,10.35759],[-68.16095,10.35749],[-68.16101,10.35741],[-68.16115,10.35722],[-68.16124,10.35715],[-68.16171,10.3567],[-68.16185,10.35652],[-68.16193,10.3563],[-68.16198,10.35609],[-68.16202,10.35587],[-68.1621,10.35564],[-68.16218,10.35542],[-68.16229,10.35523],[-68.16242,10.35485],[-68.16254,10.3544],[-68.16265,10.35418],[-68.16273,10.35397],[-68.16282,10.35378],[-68.16289,10.35356],[-68.16299,10.35334],[-68.16305,10.35311],[-68.16317,10.35292],[-68.16349,10.35238],[-68.16375,10.35217],[-68.16394,10.35203],[-68.16414,10.35194],[-68.16433,10.35183],[-68.16457,10.35175],[-68.16501,10.35162],[-68.16521,10.35153],[-68.16556,10.35129],[-68.16598,10.35108],[-68.16615,10.35095],[-68.16653,10.3504],[-68.16669,10.35024],[-68.16686,10.35012],[-68.16705,10.35002],[-68.16724,10.34988],[-68.16737,10.3497],[-68.16747,10.34951],[-68.16752,10.34928],[-68.1676,10.34906],[-68.16766,10.34883],[-68.16799,10.34836],[-68.16813,10.34813],[-68.16825,10.34794],[-68.16852,10.3476],[-68.16888,10.34737],[-68.16903,10.3472],[-68.16916,10.34702],[-68.16924,10.34682],[-68.16931,10.34656],[-68.16935,10.34635],[-68.1694,10.34614],[-68.16949,10.34593],[-68.16969,10.34555],[-68.16984,10.34537],[-68.16993,10.34516],[-68.16997,10.34494],[-68.16997,10.34448],[-68.16998,10.34427],[-68.17003,10.34405],[-68.17009,10.34384],[-68.17019,10.34365],[-68.17039,10.3433],[-68.17102,10.34235],[-68.17113,10.34212],[-68.17116,10.34202],[-68.17121,10.34181],[-68.17125,10.34171],[-68.17139,10.34152],[-68.17147,10.34144],[-68.17178,10.34102],[-68.17188,10.34094],[-68.1721,10.34084],[-68.17221,10.34084],[-68.17233,10.34084],[-68.17243,10.34083],[-68.17253,10.34079],[-68.17263,10.34073],[-68.17272,10.34068],[-68.17282,10.34061],[-68.17306,10.34038],[-68.17325,10.34025],[-68.17334,10.3402],[-68.17346,10.34017],[-68.17357,10.34016],[-68.17366,10.34011],[-68.17376,10.34005],[-68.17384,10.33998],[-68.17391,10.33989],[-68.17397,10.3398],[-68.17404,10.3397],[-68.17409,10.3396],[-68.17411,10.33949],[-68.17416,10.3394],[-68.17419,10.33928],[-68.17425,10.33916],[-68.17431,10.33907],[-68.1744,10.33901],[-68.1745,10.33895],[-68.17461,10.33892],[-68.1747,10.33886],[-68.17477,10.33878],[-68.17482,10.33868],[-68.17485,10.33858],[-68.17486,10.33836],[-68.17489,10.33826],[-68.17496,10.33817],[-68.17517,10.33804],[-68.17528,10.33798],[-68.17538,10.33796],[-68.17548,10.33792],[-68.17565,10.33779],[-68.17574,10.3377],[-68.17583,10.33764],[-68.17592,10.33757],[-68.17598,10.33748],[-68.17608,10.33715],[-68.1761,10.33704],[-68.17614,10.33694],[-68.1762,10.33683],[-68.17627,10.33673],[-68.17653,10.3362],[-68.17662,10.33599],[-68.17665,10.33581],[-68.17665,10.3357],[-68.17666,10.33559],[-68.17672,10.33548],[-68.17678,10.33539],[-68.17684,10.3353],[-68.17699,10.33512],[-68.17704,10.33502],[-68.17703,10.3349],[-68.17701,10.33478],[-68.17701,10.33468],[-68.17703,10.33457],[-68.17707,10.33447],[-68.1772,10.33429],[-68.17733,10.33407],[-68.17739,10.33397],[-68.17742,10.33386],[-68.17742,10.33375],[-68.1774,10.33364],[-68.17738,10.33351],[-68.17737,10.3334],[-68.17734,10.33329],[-68.1773,10.33319],[-68.17721,10.3331],[-68.17713,10.33302],[-68.17708,10.33293],[-68.17703,10.33271],[-68.17703,10.33259],[-68.17702,10.33249],[-68.17704,10.33215],[-68.17706,10.33202],[-68.17717,10.33181],[-68.17723,10.33172],[-68.17727,10.33162],[-68.1774,10.33143],[-68.17748,10.33134],[-68.17757,10.33127],[-68.17771,10.33107],[-68.17777,10.33098],[-68.17782,10.33087],[-68.17787,10.33078],[-68.17794,10.33068],[-68.17798,10.33057],[-68.17799,10.33047],[-68.17799,10.33036],[-68.17794,10.33024],[-68.1779,10.3301],[-68.17788,10.32999],[-68.17777,10.32979],[-68.17771,10.32969],[-68.17768,10.32959],[-68.17768,10.32947],[-68.17769,10.32936],[-68.17772,10.32925],[-68.17776,10.32914],[-68.17784,10.32884],[-68.17787,10.32874],[-68.17797,10.32842],[-68.17797,10.32831],[-68.17792,10.32821],[-68.17789,10.32804],[-68.1779,10.32793],[-68.17793,10.32783],[-68.17795,10.32772],[-68.17796,10.32762],[-68.17793,10.32751],[-68.1779,10.32741],[-68.17783,10.32731],[-68.17779,10.32721],[-68.17779,10.32709],[-68.17784,10.32687],[-68.17783,10.32676],[-68.17781,10.32665],[-68.17772,10.32649],[-68.17764,10.32636],[-68.17756,10.32619],[-68.17752,10.32607],[-68.17747,10.32597],[-68.17741,10.32588],[-68.17673,10.32486],[-68.17753,10.32375],[-68.17892,10.32345],[-68.17922,10.32336],[-68.17956,10.32315],[-68.1799,10.32287],[-68.18024,10.3225],[-68.18053,10.32205],[-68.18117,10.32097],[-68.18316,10.32032],[-68.18345,10.31967],[-68.18366,10.31931],[-68.18388,10.31909],[-68.18421,10.31884],[-68.18467,10.31856],[-68.18498,10.31835],[-68.1853,10.31814],[-68.18581,10.31775],[-68.18665,10.31702],[-68.1868,10.31572],[-68.18686,10.31546],[-68.18698,10.31526],[-68.18728,10.31497],[-68.18755,10.31477],[-68.18788,10.31457],[-68.18828,10.3143],[-68.1886,10.31404],[-68.189,10.31349],[-68.18938,10.31292],[-68.18976,10.3123],[-68.19022,10.3116],[-68.19045,10.31126],[-68.19069,10.31098],[-68.19107,10.31064],[-68.19141,10.31038],[-68.19183,10.30992],[-68.19221,10.30939],[-68.19259,10.30882],[-68.19294,10.30825],[-68.19325,10.30773],[-68.19364,10.30704],[-68.19397,10.30655],[-68.19423,10.30617],[-68.19453,10.30574],[-68.19479,10.30535],[-68.19512,10.30507],[-68.19567,10.30468],[-68.19619,10.30428],[-68.19705,10.30341],[-68.1975,10.30297],[-68.19794,10.30248],[-68.19816,10.30226],[-68.19837,10.30205],[-68.19857,10.30178],[-68.19876,10.30152],[-68.19894,10.30127],[-68.19916,10.30107],[-68.1995,10.30095],[-68.20123,10.30074],[-68.20226,10.29986],[-68.20286,10.29932],[-68.20375,10.29857],[-68.20414,10.29826],[-68.2044,10.29795],[-68.20455,10.29766],[-68.20469,10.29722],[-68.2048,10.29696],[-68.20506,10.29665],[-68.20521,10.29657],[-68.20556,10.29647],[-68.20597,10.29642],[-68.20662,10.29634],[-68.20746,10.29723],[-68.20793,10.29756],[-68.20845,10.298],[-68.20871,10.29824],[-68.20894,10.29856],[-68.20913,10.29887],[-68.20927,10.29924],[-68.20944,10.29965],[-68.20963,10.29996],[-68.20983,10.30027],[-68.21015,10.30049],[-68.21055,10.30069],[-68.21101,10.30084],[-68.21136,10.30099],[-68.21172,10.30117],[-68.21198,10.30132],[-68.21244,10.30155],[-68.21288,10.30171],[-68.21332,10.30189],[-68.21377,10.30205],[-68.21423,10.30225],[-68.21451,10.30242],[-68.21479,10.3027],[-68.21499,10.30303],[-68.21509,10.30332],[-68.21529,10.30392],[-68.2154,10.30413],[-68.21557,10.30437],[-68.21576,10.30461],[-68.21599,10.30488],[-68.21622,10.30526],[-68.21632,10.30578],[-68.21631,10.30615],[-68.21626,10.30657],[-68.21625,10.30707],[-68.2163,10.30744],[-68.21649,10.30776],[-68.2167,10.30793],[-68.21699,10.30813],[-68.21719,10.30841],[-68.21719,10.30878],[-68.21709,10.30917],[-68.21694,10.30968],[-68.21685,10.31002],[-68.2168,10.31021],[-68.21727,10.31044],[-68.21786,10.31076],[-68.21831,10.31102],[-68.21886,10.31132],[-68.21939,10.31162],[-68.22003,10.31189],[-68.22063,10.31201],[-68.22166,10.31222],[-68.22198,10.31267],[-68.22203,10.31309],[-68.22203,10.31339],[-68.22195,10.31378],[-68.22187,10.31403],[-68.22177,10.3143],[-68.22166,10.31463],[-68.22162,10.31512],[-68.22269,10.3152],[-68.22363,10.31528],[-68.22407,10.31533],[-68.22436,10.31551],[-68.22475,10.31574],[-68.22508,10.31592],[-68.22551,10.31621],[-68.226,10.31651],[-68.22647,10.31695],[-68.22675,10.31723],[-68.22728,10.31764],[-68.22821,10.31777],[-68.229,10.31784],[-68.22966,10.31794],[-68.23008,10.31806],[-68.23054,10.31814],[-68.2311,10.31817],[-68.23148,10.31824],[-68.23218,10.3185],[-68.23269,10.31881],[-68.23312,10.31912],[-68.23335,10.31939],[-68.23352,10.31966],[-68.23364,10.32006],[-68.23364,10.32029],[-68.23362,10.32104],[-68.23375,10.32153],[-68.23408,10.32227],[-68.23445,10.32291],[-68.2348,10.32344],[-68.23503,10.32387],[-68.23525,10.32424],[-68.23531,10.32458],[-68.23526,10.32504],[-68.23515,10.32538],[-68.23483,10.326],[-68.23545,10.32654],[-68.23562,10.32671],[-68.23579,10.32701],[-68.23586,10.32729],[-68.23583,10.32763],[-68.23577,10.32792],[-68.23573,10.32836],[-68.23584,10.32888],[-68.23607,10.3294],[-68.23631,10.32992],[-68.23643,10.33025],[-68.23651,10.33055],[-68.23661,10.33088],[-68.23677,10.33118],[-68.23702,10.33156],[-68.23734,10.3319],[-68.23767,10.33226],[-68.23792,10.33259],[-68.2381,10.33291],[-68.23829,10.33321],[-68.2388,10.33406],[-68.23928,10.33424],[-68.23981,10.33439],[-68.24028,10.33456],[-68.24074,10.33477],[-68.24118,10.335],[-68.24167,10.33525],[-68.24224,10.33563],[-68.24298,10.33609],[-68.24318,10.33696],[-68.24333,10.33743],[-68.24357,10.33803],[-68.244,10.33831],[-68.24439,10.33863],[-68.2447,10.33893],[-68.24503,10.33957],[-68.24517,10.34014],[-68.24518,10.34059],[-68.24512,10.34112],[-68.24509,10.34142],[-68.24513,10.34177],[-68.2453,10.34219],[-68.24562,10.3427],[-68.24598,10.34324],[-68.2466,10.34438],[-68.24734,10.34497],[-68.24771,10.34531],[-68.24799,10.34569],[-68.24826,10.34605],[-68.24857,10.34645],[-68.24908,10.34706],[-68.24944,10.34744],[-68.24987,10.34773],[-68.25046,10.34808],[-68.2511,10.34841],[-68.2515,10.34878],[-68.25169,10.34904],[-68.25204,10.34957],[-68.25227,10.34994],[-68.25257,10.35044],[-68.25291,10.35075],[-68.25335,10.35124],[-68.25377,10.3516],[-68.25415,10.35188],[-68.25445,10.35223],[-68.25466,10.3526],[-68.25497,10.35315],[-68.25549,10.35414],[-68.25585,10.35462],[-68.25632,10.35516],[-68.25648,10.35558],[-68.25668,10.35647],[-68.25685,10.35741],[-68.25745,10.35743],[-68.2579,10.35737],[-68.25841,10.35724],[-68.25889,10.35699],[-68.25948,10.35667],[-68.25999,10.35649],[-68.26037,10.35637],[-68.26076,10.35627],[-68.26109,10.35624],[-68.26145,10.35616],[-68.26175,10.35606],[-68.26203,10.3559],[-68.26219,10.35577],[-68.26248,10.35552],[-68.26302,10.35486],[-68.26402,10.35545],[-68.26424,10.35564],[-68.26446,10.35608],[-68.26482,10.35652],[-68.26504,10.35674],[-68.26541,10.35691],[-68.26584,10.35705],[-68.26615,10.35717],[-68.2665,10.35739],[-68.26675,10.35773],[-68.26711,10.35812],[-68.26736,10.35823],[-68.26773,10.35832],[-68.26797,10.35843],[-68.26818,10.35853],[-68.26849,10.35868],[-68.26882,10.3589],[-68.26911,10.3591],[-68.26927,10.35941],[-68.26933,10.35978],[-68.26933,10.36033],[-68.26881,10.36102],[-68.26933,10.3616],[-68.26973,10.362],[-68.27009,10.36237],[-68.27029,10.36268],[-68.27039,10.36306],[-68.27063,10.36459],[-68.27209,10.36466],[-68.27253,10.36466],[-68.27308,10.36467],[-68.27345,10.36473],[-68.27385,10.36486],[-68.27424,10.36499],[-68.27455,10.36511],[-68.27479,10.3653],[-68.27503,10.36559],[-68.27521,10.36591],[-68.27537,10.3661],[-68.27559,10.36627],[-68.27576,10.36636],[-68.27597,10.36645],[-68.27623,10.36644],[-68.27642,10.36636],[-68.27668,10.3663],[-68.27705,10.3663],[-68.27734,10.3663],[-68.27757,10.36636],[-68.27796,10.36649],[-68.27842,10.36674],[-68.27876,10.36701],[-68.27919,10.36719],[-68.27986,10.36739],[-68.28124,10.36795],[-68.28134,10.36827],[-68.28142,10.36853],[-68.28162,10.36883],[-68.28192,10.36907],[-68.28238,10.36935],[-68.28289,10.36957],[-68.28342,10.36976],[-68.28376,10.36996],[-68.28411,10.37015],[-68.28446,10.37025],[-68.28505,10.37035],[-68.28547,10.37044],[-68.28602,10.37066],[-68.28656,10.37101],[-68.28708,10.37132],[-68.28797,10.37183],[-68.28847,10.37255],[-68.28866,10.37299],[-68.28876,10.37342],[-68.28891,10.37405],[-68.28916,10.37532],[-68.2894,10.37589],[-68.28969,10.37629],[-68.28995,10.37661],[-68.2906,10.37724],[-68.29076,10.37758],[-68.29087,10.37794],[-68.29094,10.37831],[-68.29096,10.3787],[-68.29106,10.3791],[-68.29117,10.3794],[-68.29138,10.3799],[-68.29162,10.38045],[-68.29186,10.38106],[-68.2921,10.38149],[-68.29223,10.38201],[-68.29229,10.38249],[-68.29243,10.38303],[-68.2927,10.38354],[-68.29302,10.38409],[-68.29342,10.38499],[-68.29352,10.38621],[-68.29358,10.38678],[-68.2936,10.38709],[-68.29371,10.38757],[-68.29389,10.38802],[-68.29428,10.38852],[-68.29453,10.38893],[-68.29475,10.38932],[-68.29488,10.38971],[-68.29503,10.39013],[-68.29517,10.39043],[-68.29534,10.39072],[-68.29544,10.39096],[-68.29554,10.39123],[-68.29555,10.39166],[-68.2956,10.39201],[-68.29569,10.39225],[-68.29587,10.39249],[-68.29613,10.3928],[-68.29691,10.39306],[-68.2974,10.39308],[-68.29794,10.39317],[-68.29846,10.39335],[-68.29884,10.39375],[-68.29913,10.39423],[-68.2997,10.39474],[-68.29987,10.39493],[-68.30002,10.39514],[-68.30016,10.39523],[-68.30033,10.3953],[-68.3006,10.39537],[-68.30082,10.3954],[-68.30112,10.39547],[-68.30151,10.39561],[-68.30231,10.39591],[-68.30266,10.39602],[-68.3031,10.39611],[-68.30398,10.39633],[-68.30459,10.39659],[-68.30497,10.39682],[-68.30536,10.39705],[-68.30562,10.39717],[-68.30586,10.39724],[-68.30613,10.39735],[-68.3063,10.39746],[-68.30643,10.39755],[-68.30661,10.39769],[-68.30679,10.39786],[-68.30696,10.39805],[-68.30718,10.39837],[-68.30793,10.39937],[-68.30832,10.39994],[-68.30867,10.40054],[-68.30884,10.40077],[-68.309,10.40092],[-68.30922,10.40102],[-68.30957,10.40112],[-68.30975,10.40119],[-68.30987,10.40125],[-68.31002,10.40145],[-68.31028,10.40184],[-68.31069,10.4025],[-68.31107,10.40317],[-68.31116,10.40339],[-68.31117,10.40363],[-68.31113,10.40386],[-68.31107,10.40406],[-68.311,10.40432],[-68.3109,10.40464],[-68.31085,10.40488],[-68.31083,10.40502],[-68.31082,10.40524],[-68.31085,10.40564],[-68.31094,10.4069],[-68.31096,10.40729],[-68.31094,10.40744],[-68.31092,10.40762],[-68.31084,10.40791],[-68.31075,10.40831],[-68.31075,10.40858],[-68.31078,10.40893],[-68.3108,10.4092],[-68.31093,10.40921],[-68.31109,10.40929],[-68.31123,10.40932],[-68.31149,10.40939],[-68.31179,10.40944],[-68.31231,10.40954],[-68.31289,10.40958],[-68.31339,10.40955],[-68.3148,10.40955],[-68.3168,10.4096],[-68.31795,10.40992],[-68.3205,10.40967],[-68.3234,10.41017],[-68.32589,10.41097],[-68.32653,10.41118],[-68.32914,10.4121],[-68.33089,10.41226],[-68.33188,10.41301],[-68.33297,10.41482],[-68.33299,10.4158],[-68.33326,10.41631],[-68.33336,10.4167],[-68.33357,10.41705],[-68.3338,10.41746],[-68.33375,10.41797],[-68.33373,10.41822],[-68.33371,10.41844],[-68.33365,10.41855],[-68.33359,10.41868],[-68.33353,10.41894],[-68.3335,10.41915],[-68.33349,10.4195],[-68.33376,10.41976],[-68.3339,10.41995],[-68.33409,10.42019],[-68.33453,10.42136],[-68.33489,10.42159],[-68.33529,10.42188],[-68.33595,10.42222],[-68.33643,10.42248],[-68.33684,10.42267],[-68.33715,10.42279],[-68.33743,10.42294],[-68.33764,10.42314],[-68.33917,10.42281],[-68.33924,10.42237],[-68.33932,10.4221],[-68.33948,10.42179],[-68.33971,10.42143],[-68.33984,10.42122],[-68.34014,10.41994],[-68.34046,10.41975],[-68.34069,10.4196],[-68.34093,10.41938],[-68.34116,10.41916],[-68.34143,10.41879],[-68.34181,10.4183],[-68.3422,10.41778],[-68.34239,10.41751],[-68.3425,10.41739],[-68.34267,10.41723],[-68.34296,10.41706],[-68.34349,10.41667],[-68.34395,10.41631],[-68.34412,10.41596],[-68.3443,10.41567],[-68.34457,10.41533],[-68.34547,10.41436],[-68.34588,10.41387],[-68.34624,10.41345],[-68.3464,10.4132],[-68.34653,10.41306],[-68.34667,10.41294],[-68.34688,10.41284],[-68.34708,10.41272],[-68.34725,10.41253],[-68.3474,10.41227],[-68.34757,10.41201],[-68.34772,10.41187],[-68.34792,10.41175],[-68.34821,10.41166],[-68.34849,10.41154],[-68.34876,10.4114],[-68.34915,10.41113],[-68.34953,10.4101],[-68.34961,10.4099],[-68.34972,10.40979],[-68.34993,10.40967],[-68.35015,10.40954],[-68.3504,10.40932],[-68.35062,10.40908],[-68.35079,10.4088],[-68.35118,10.40828],[-68.35163,10.40766],[-68.35189,10.40721],[-68.352,10.40703],[-68.35211,10.40692],[-68.35222,10.40687],[-68.35241,10.40683],[-68.35271,10.40676],[-68.3529,10.40667],[-68.35317,10.40647],[-68.35334,10.40626],[-68.35347,10.40602],[-68.35358,10.40583],[-68.35369,10.40567],[-68.3539,10.40552],[-68.35409,10.40544],[-68.35434,10.40538],[-68.35461,10.40533],[-68.35487,10.40525],[-68.35552,10.40499],[-68.35625,10.40461],[-68.35598,10.40399],[-68.35634,10.40359],[-68.35642,10.40344],[-68.35648,10.4032],[-68.35649,10.40294],[-68.35647,10.40254],[-68.35647,10.40228],[-68.3565,10.40205],[-68.35658,10.40182],[-68.35669,10.40151],[-68.35691,10.40117],[-68.35715,10.40089],[-68.35739,10.40057],[-68.3576,10.40027],[-68.35773,10.4],[-68.35778,10.39972],[-68.35784,10.39937],[-68.35791,10.39909],[-68.35802,10.39877],[-68.3582,10.39852],[-68.35841,10.3983],[-68.35877,10.39802],[-68.35866,10.39731],[-68.35854,10.39677],[-68.35892,10.39661],[-68.35922,10.3964],[-68.35961,10.39608],[-68.36003,10.39573],[-68.36065,10.39515],[-68.36083,10.39461],[-68.36109,10.39432],[-68.36127,10.394],[-68.36149,10.39374],[-68.36169,10.39344],[-68.36188,10.39306],[-68.36225,10.39263],[-68.36259,10.39213],[-68.36314,10.39134],[-68.36339,10.39088],[-68.36377,10.39074],[-68.36411,10.39009],[-68.36454,10.38947],[-68.36475,10.38899],[-68.36513,10.38842],[-68.36528,10.3882],[-68.36536,10.38804],[-68.36552,10.3878],[-68.36587,10.38716],[-68.36632,10.38649],[-68.36638,10.38597],[-68.36662,10.38571],[-68.36686,10.38528],[-68.36713,10.38493],[-68.36733,10.38473],[-68.36755,10.38458],[-68.36763,10.38439],[-68.36779,10.38399],[-68.36792,10.3835],[-68.36787,10.38324],[-68.36797,10.38252],[-68.36825,10.38223],[-68.36851,10.38192],[-68.36876,10.38156],[-68.36886,10.38124],[-68.36891,10.38105],[-68.36901,10.38085],[-68.36913,10.38067],[-68.36938,10.38029],[-68.36983,10.37963],[-68.37006,10.37933],[-68.37028,10.3791],[-68.37042,10.37895],[-68.3708,10.3786],[-68.37128,10.37827],[-68.37227,10.37756],[-68.37283,10.37735],[-68.37312,10.37727],[-68.37368,10.37721],[-68.37408,10.37718],[-68.37437,10.37733],[-68.37456,10.37733],[-68.37494,10.37746],[-68.37561,10.37764],[-68.3761,10.37773],[-68.37639,10.37748],[-68.37677,10.37724],[-68.37685,10.3771],[-68.37704,10.37699],[-68.37723,10.37686],[-68.37748,10.37677],[-68.37772,10.37665],[-68.3781,10.3765],[-68.37868,10.37624],[-68.37975,10.37574],[-68.38061,10.37518],[-68.38124,10.37492],[-68.3814,10.37466],[-68.38172,10.37456],[-68.38192,10.37449],[-68.38216,10.37439],[-68.38255,10.37436],[-68.38282,10.37429],[-68.38354,10.37427],[-68.38404,10.37418],[-68.3851,10.37395],[-68.38661,10.37349],[-68.38797,10.37253],[-68.38855,10.37216],[-68.38894,10.37189],[-68.38923,10.37163],[-68.38945,10.37147],[-68.38984,10.3713],[-68.39036,10.37122],[-68.39087,10.37115],[-68.39135,10.37106],[-68.39187,10.37096],[-68.39234,10.37095],[-68.3929,10.37101],[-68.39436,10.37122],[-68.39492,10.37081],[-68.39522,10.37063],[-68.39561,10.37044],[-68.39623,10.37021],[-68.39669,10.3701],[-68.39813,10.36983],[-68.39828,10.37025],[-68.39834,10.37046],[-68.39834,10.37065],[-68.39834,10.3708],[-68.39834,10.37096],[-68.39832,10.37111],[-68.39832,10.37126],[-68.39834,10.37143],[-68.39839,10.37159],[-68.39848,10.37184],[-68.39868,10.37237],[-68.39894,10.37284],[-68.39914,10.37316],[-68.39949,10.37416],[-68.39968,10.37492],[-68.39972,10.37548],[-68.39972,10.37591],[-68.39967,10.37636],[-68.39944,10.37748],[-68.39894,10.37789],[-68.39868,10.3781],[-68.39846,10.37836],[-68.39836,10.37866],[-68.39833,10.37895],[-68.39838,10.3792],[-68.39853,10.37946],[-68.39879,10.37964],[-68.39926,10.37994],[-68.39992,10.38045],[-68.4003,10.38077],[-68.4005,10.38099],[-68.40066,10.38123],[-68.40072,10.38146],[-68.40072,10.38171],[-68.40069,10.38195],[-68.40066,10.38232],[-68.40068,10.38293],[-68.40074,10.38335],[-68.40092,10.38391],[-68.40128,10.38463],[-68.40142,10.38507],[-68.40157,10.38581],[-68.40146,10.38594],[-68.40132,10.38612],[-68.40109,10.38646],[-68.40093,10.38673],[-68.40081,10.38699],[-68.40071,10.3873],[-68.40066,10.38754],[-68.40061,10.38774],[-68.39993,10.38858],[-68.39963,10.38911],[-68.399,10.39041],[-68.3982,10.39162],[-68.39802,10.39194],[-68.39796,10.39208],[-68.3978,10.39231],[-68.39742,10.39276],[-68.39723,10.39302],[-68.39719,10.39313],[-68.39713,10.39329],[-68.3971,10.39349],[-68.39708,10.39366],[-68.3971,10.39397],[-68.39711,10.39439],[-68.3971,10.39449],[-68.39706,10.39461],[-68.39699,10.39473],[-68.39694,10.39486],[-68.39692,10.39501],[-68.39694,10.39513],[-68.39704,10.39529],[-68.3972,10.39556],[-68.39728,10.39572],[-68.39731,10.39591],[-68.39731,10.3961],[-68.39726,10.39642],[-68.39724,10.3967],[-68.39716,10.39696],[-68.39709,10.39715],[-68.39705,10.39724],[-68.39697,10.39733],[-68.39682,10.39747],[-68.39673,10.39763],[-68.39666,10.3978],[-68.3966,10.39803],[-68.39659,10.39831],[-68.39659,10.39858],[-68.39659,10.39891],[-68.39649,10.39976],[-68.39644,10.40077],[-68.39638,10.40128],[-68.39625,10.40168],[-68.39617,10.40214],[-68.39612,10.4024],[-68.39607,10.40275],[-68.39613,10.40394],[-68.39688,10.40454],[-68.39736,10.40487],[-68.39752,10.40497],[-68.39766,10.40501],[-68.39779,10.40504],[-68.39792,10.40509],[-68.39812,10.40528],[-68.39824,10.40547],[-68.39845,10.4058],[-68.39859,10.40601],[-68.39867,10.40614],[-68.39877,10.40637],[-68.39884,10.40666],[-68.39893,10.40688],[-68.39911,10.40721],[-68.39923,10.40741],[-68.39934,10.40752],[-68.39946,10.40769],[-68.39955,10.40799],[-68.39961,10.40819],[-68.39973,10.40839],[-68.39988,10.40855],[-68.40006,10.40869],[-68.40043,10.40898],[-68.39991,10.41017],[-68.39992,10.41037],[-68.39995,10.41047],[-68.39997,10.4107],[-68.39994,10.41081],[-68.3999,10.41092],[-68.39982,10.41112],[-68.39978,10.41123],[-68.39974,10.41146],[-68.39974,10.41173],[-68.39977,10.41183],[-68.39982,10.41194],[-68.39984,10.41205],[-68.39985,10.41216],[-68.39983,10.41226],[-68.39979,10.41236],[-68.39973,10.41245],[-68.39961,10.41265],[-68.39957,10.41275],[-68.39954,10.41286],[-68.39955,10.41309],[-68.39958,10.4132],[-68.39975,10.41349],[-68.39981,10.41358],[-68.39987,10.41367],[-68.4,10.4139],[-68.40006,10.414],[-68.40012,10.41409],[-68.40025,10.41427],[-68.40041,10.41445],[-68.40057,10.4146],[-68.40072,10.41481],[-68.40086,10.41509],[-68.40092,10.41519],[-68.40096,10.41529],[-68.401,10.41539],[-68.40102,10.41561],[-68.40101,10.41572],[-68.40099,10.41593],[-68.40099,10.41606],[-68.40101,10.41618],[-68.40105,10.41628],[-68.40108,10.41641],[-68.40115,10.4166],[-68.40119,10.41671],[-68.40125,10.41681],[-68.40149,10.41722],[-68.40153,10.41734],[-68.40158,10.41745],[-68.40161,10.41757],[-68.40164,10.41782],[-68.40169,10.41804],[-68.40172,10.41815],[-68.40175,10.41826],[-68.40176,10.41836],[-68.40176,10.41857],[-68.40174,10.41868],[-68.40169,10.41878],[-68.4016,10.41885],[-68.4014,10.41898],[-68.40128,10.41907],[-68.4012,10.41915],[-68.40114,10.41924],[-68.40102,10.41945],[-68.40099,10.41955],[-68.40096,10.41966],[-68.40096,10.41977],[-68.40086,10.42022],[-68.40081,10.42053],[-68.40081,10.42065],[-68.40081,10.42076],[-68.40084,10.42087],[-68.40089,10.42098],[-68.401,10.42119],[-68.40104,10.4213],[-68.40108,10.42143],[-68.40109,10.42155],[-68.40109,10.42167],[-68.4011,10.42178],[-68.4011,10.42198],[-68.40111,10.42208],[-68.40111,10.4224],[-68.40108,10.42252],[-68.40104,10.42274],[-68.40105,10.42297],[-68.40109,10.42309],[-68.40115,10.42318],[-68.40121,10.42325],[-68.40141,10.42336],[-68.40149,10.42344],[-68.40157,10.42354],[-68.40161,10.42365],[-68.40163,10.42375],[-68.40164,10.42386],[-68.40158,10.42396],[-68.40149,10.42401],[-68.4013,10.42411],[-68.4012,10.42419],[-68.40103,10.42433],[-68.40094,10.42439],[-68.40078,10.42456],[-68.40068,10.4247],[-68.40062,10.42482],[-68.40062,10.42505],[-68.40063,10.42515],[-68.40066,10.42527],[-68.40066,10.42539],[-68.40066,10.42564],[-68.40064,10.42574],[-68.40058,10.42584],[-68.40052,10.42593],[-68.40049,10.42603],[-68.40046,10.42614],[-68.40044,10.42625],[-68.40041,10.42637],[-68.40032,10.42654],[-68.40018,10.42669],[-68.4001,10.42677],[-68.40002,10.42684],[-68.39993,10.42691],[-68.39985,10.42698],[-68.39967,10.42727],[-68.39963,10.42737],[-68.39962,10.42763],[-68.39961,10.42795],[-68.39961,10.42826],[-68.3996,10.42846],[-68.39963,10.42856],[-68.39972,10.4287],[-68.39977,10.42879],[-68.39979,10.42889],[-68.39979,10.429],[-68.3997,10.4297],[-68.39963,10.43014],[-68.39955,10.43054],[-68.39949,10.43083],[-68.39945,10.43123],[-68.39944,10.43174],[-68.39944,10.43194],[-68.39939,10.43212],[-68.39934,10.43223],[-68.39925,10.43235],[-68.39922,10.43245],[-68.39919,10.4326],[-68.39919,10.43275],[-68.39921,10.43306],[-68.39923,10.4333],[-68.39927,10.43347],[-68.39935,10.43361],[-68.39943,10.43377],[-68.39954,10.43392],[-68.39976,10.43427],[-68.39988,10.43443],[-68.4002,10.43478],[-68.40054,10.43527],[-68.40061,10.43535],[-68.40066,10.43545],[-68.40072,10.43555],[-68.40087,10.43573],[-68.40093,10.43582],[-68.401,10.43592],[-68.40104,10.43602],[-68.40105,10.43613],[-68.40103,10.43624],[-68.40099,10.43633],[-68.40091,10.43641],[-68.4008,10.43647],[-68.4007,10.43652],[-68.4006,10.43657],[-68.40051,10.43665],[-68.40046,10.43674],[-68.40044,10.43685],[-68.40046,10.43696],[-68.40049,10.43706],[-68.4005,10.43717],[-68.4005,10.43728],[-68.40048,10.43739],[-68.40053,10.4376],[-68.40057,10.43771],[-68.40068,10.43789],[-68.40071,10.438],[-68.40077,10.43812],[-68.4008,10.43823],[-68.40085,10.43833],[-68.40095,10.43852],[-68.40102,10.4386],[-68.40111,10.43867],[-68.4012,10.43874],[-68.40127,10.43882],[-68.40138,10.43902],[-68.40142,10.43912],[-68.40145,10.43924],[-68.40146,10.43935],[-68.40149,10.43951],[-68.40149,10.43961],[-68.40147,10.43972],[-68.40131,10.44],[-68.40124,10.44011],[-68.4012,10.44022],[-68.40116,10.44034],[-68.40115,10.44045],[-68.40113,10.44056],[-68.40109,10.44066],[-68.40106,10.44077],[-68.40102,10.44087],[-68.401,10.44097],[-68.40096,10.44117],[-68.40093,10.44128],[-68.40086,10.44136],[-68.40075,10.44138],[-68.40063,10.44141],[-68.40052,10.44144],[-68.40042,10.44149],[-68.40034,10.44156],[-68.40027,10.44165],[-68.40022,10.44187],[-68.40016,10.44197],[-68.40008,10.44206],[-68.39996,10.44218],[-68.39964,10.44242],[-68.39944,10.44258],[-68.3993,10.44277],[-68.39915,10.44304],[-68.39905,10.44329],[-68.3989,10.44356],[-68.39877,10.44376],[-68.39859,10.44397],[-68.39842,10.44414],[-68.39816,10.44433],[-68.39806,10.4444],[-68.39786,10.44451],[-68.39768,10.44461],[-68.39753,10.44469],[-68.39739,10.44478],[-68.39729,10.44487],[-68.39722,10.44496],[-68.39718,10.44506],[-68.39717,10.44516],[-68.39729,10.44562],[-68.39719,10.44662],[-68.39797,10.44793],[-68.398,10.4481],[-68.39795,10.44853],[-68.3977,10.44977],[-68.39736,10.45081],[-68.39693,10.45127],[-68.39671,10.45177],[-68.3966,10.45201],[-68.39653,10.4521],[-68.39647,10.45219],[-68.3964,10.45229],[-68.39635,10.45239],[-68.39628,10.45251],[-68.39623,10.45261],[-68.39617,10.45272],[-68.39605,10.45291],[-68.39597,10.45299],[-68.39587,10.45306],[-68.39578,10.45315],[-68.39571,10.45324],[-68.39568,10.45336],[-68.39561,10.45357],[-68.39553,10.45365],[-68.39543,10.45371],[-68.39532,10.45375],[-68.39521,10.45378],[-68.39517,10.45379],[-68.39507,10.45385],[-68.39501,10.45394],[-68.39496,10.45404],[-68.39495,10.45415],[-68.39495,10.45436],[-68.39494,10.45447],[-68.39491,10.45458],[-68.39488,10.4548],[-68.39488,10.45491],[-68.39492,10.455],[-68.39498,10.45509],[-68.39507,10.45517],[-68.39525,10.4553],[-68.39532,10.45538],[-68.39541,10.45545],[-68.39548,10.45554],[-68.39556,10.45561],[-68.39565,10.45567],[-68.39577,10.45571],[-68.39588,10.45573],[-68.39599,10.45574],[-68.39611,10.45577],[-68.39622,10.45581],[-68.39632,10.45587],[-68.39642,10.45594],[-68.39649,10.45603],[-68.39676,10.45641],[-68.39697,10.45678],[-68.39703,10.45688],[-68.39708,10.45699],[-68.39715,10.45708],[-68.39722,10.45717],[-68.39732,10.45724],[-68.39743,10.45727],[-68.39754,10.45725],[-68.39764,10.4572],[-68.39776,10.45717],[-68.39787,10.45717],[-68.39798,10.45722],[-68.39807,10.45728],[-68.39818,10.45736],[-68.39828,10.45746],[-68.39842,10.45766],[-68.39849,10.45775],[-68.39871,10.45801],[-68.39879,10.45811],[-68.39886,10.4582],[-68.39891,10.4583],[-68.39893,10.4584],[-68.39893,10.45851],[-68.3989,10.45863],[-68.39889,10.45873],[-68.39891,10.45884],[-68.39894,10.45895],[-68.39911,10.45926],[-68.39932,10.45959],[-68.39958,10.45995],[-68.39966,10.46004],[-68.39971,10.46013],[-68.39974,10.46024],[-68.39975,10.46035],[-68.39977,10.46046],[-68.39977,10.46057],[-68.39975,10.46069],[-68.39974,10.4608],[-68.39974,10.46103],[-68.39975,10.46114],[-68.39978,10.46125],[-68.39983,10.46135],[-68.39992,10.46144],[-68.40003,10.46149],[-68.40015,10.46154],[-68.40028,10.46157],[-68.40068,10.46166],[-68.40079,10.46167],[-68.40115,10.46174],[-68.40128,10.46177],[-68.40138,10.46182],[-68.40147,10.46189],[-68.40155,10.46197],[-68.40161,10.46207],[-68.40167,10.46217],[-68.40181,10.46238],[-68.40189,10.46248],[-68.40227,10.46281],[-68.40235,10.4629],[-68.40243,10.46299],[-68.40253,10.46306],[-68.40272,10.46319],[-68.40292,10.46333],[-68.40301,10.4634],[-68.40308,10.46349],[-68.40313,10.46359],[-68.40315,10.4637],[-68.40316,10.46382],[-68.40316,10.46392],[-68.4031,10.46448],[-68.40241,10.46472],[-68.40281,10.46636],[-68.40305,10.46627],[-68.40334,10.46741],[-68.40357,10.46819],[-68.40404,10.46948],[-68.40465,10.46937],[-68.40433,10.47057],[-68.40419,10.47106],[-68.40393,10.47171],[-68.40383,10.47194],[-68.40366,10.47233],[-68.4035,10.47249],[-68.40319,10.47296],[-68.40227,10.47433],[-68.40228,10.47447],[-68.40221,10.47521],[-68.40226,10.47779],[-68.40125,10.47806],[-68.39961,10.47879],[-68.3982,10.47861],[-68.39764,10.47874],[-68.39713,10.47941],[-68.39632,10.48007],[-68.39473,10.48059],[-68.3941,10.48234],[-68.39437,10.48478],[-68.39461,10.48536],[-68.39645,10.48529],[-68.39755,10.48517],[-68.39837,10.48548],[-68.39919,10.48582],[-68.40112,10.48626],[-68.4017,10.4864],[-68.4023,10.48673],[-68.40228,10.48853],[-68.40229,10.49051],[-68.4009,10.49146],[-68.39977,10.49285],[-68.39801,10.49492],[-68.39661,10.49488],[-68.39616,10.49454],[-68.39521,10.49479],[-68.39446,10.49505],[-68.39398,10.49534],[-68.39366,10.49581],[-68.39337,10.49637],[-68.39289,10.49641],[-68.39241,10.49652],[-68.39178,10.49675],[-68.39126,10.49685],[-68.39098,10.49825],[-68.39056,10.49836],[-68.39009,10.49831],[-68.38979,10.49826],[-68.38966,10.49843],[-68.39001,10.49878],[-68.39015,10.49918],[-68.38989,10.49984],[-68.38945,10.5002],[-68.38905,10.50038],[-68.38864,10.50063],[-68.38811,10.5013],[-68.38815,10.50258],[-68.38778,10.5031],[-68.38756,10.50407],[-68.38711,10.50442],[-68.3867,10.50476],[-68.38664,10.50545],[-68.38702,10.50582],[-68.38755,10.50611],[-68.38735,10.50742],[-68.387,10.50802],[-68.38705,10.51074],[-68.38709,10.51265],[-68.38627,10.51552],[-68.38526,10.52061],[-68.38285,10.5241],[-68.38324,10.52779],[-68.38308,10.52889],[-68.38279,10.52946],[-68.38192,10.53],[-68.38113,10.53006],[-68.38047,10.52987],[-68.37909,10.53069],[-68.37597,10.53291],[-68.37617,10.53443],[-68.37588,10.53449],[-68.37578,10.53453],[-68.37574,10.53455],[-68.3757,10.53459],[-68.37563,10.53467],[-68.37557,10.53478],[-68.37547,10.53496],[-68.37542,10.53502],[-68.37533,10.5351],[-68.37521,10.53519],[-68.3751,10.53531],[-68.37504,10.53538],[-68.375,10.53544],[-68.37494,10.53556],[-68.37489,10.5357],[-68.37488,10.53576],[-68.37488,10.53585],[-68.37488,10.53593],[-68.37489,10.53606],[-68.37489,10.53632],[-68.37489,10.53643],[-68.37487,10.5365],[-68.37484,10.53657],[-68.3748,10.53664],[-68.37468,10.53678],[-68.37461,10.53689],[-68.37438,10.53729],[-68.37421,10.53773],[-68.37413,10.53793],[-68.3741,10.538],[-68.37405,10.53807],[-68.37395,10.53821],[-68.37376,10.53848],[-68.37357,10.53875],[-68.37346,10.53893],[-68.37336,10.53913],[-68.37328,10.53929],[-68.37322,10.53938],[-68.37315,10.53946],[-68.37305,10.53955],[-68.37295,10.53962],[-68.37274,10.53976],[-68.37251,10.5399],[-68.37241,10.53995],[-68.37234,10.53997],[-68.37226,10.53998],[-68.37217,10.53999],[-68.37205,10.53996],[-68.37193,10.53993],[-68.37172,10.53985],[-68.37159,10.53982],[-68.37148,10.5398],[-68.37136,10.53979],[-68.37124,10.53978],[-68.37112,10.5398],[-68.37102,10.53982],[-68.37093,10.53984],[-68.37083,10.53989],[-68.37074,10.53994],[-68.37066,10.54002],[-68.37047,10.5402],[-68.3703,10.54039],[-68.37024,10.54044],[-68.37013,10.54053],[-68.37009,10.54057],[-68.36997,10.54072],[-68.36977,10.54106],[-68.36969,10.54121],[-68.36965,10.54125],[-68.36964,10.54127],[-68.36956,10.54135],[-68.36945,10.54142],[-68.36932,10.54147],[-68.36922,10.54151],[-68.36908,10.54153],[-68.36891,10.54158],[-68.36876,10.54163],[-68.36872,10.54164],[-68.36859,10.54168],[-68.36849,10.54171],[-68.36837,10.54177],[-68.36823,10.54185],[-68.36807,10.54195],[-68.36793,10.54205],[-68.36776,10.54219],[-68.36767,10.54226],[-68.36764,10.54228],[-68.36755,10.54231],[-68.36748,10.54232],[-68.36737,10.54232],[-68.36719,10.54231],[-68.36706,10.54231],[-68.36698,10.54231],[-68.3669,10.54232],[-68.36682,10.54234],[-68.36663,10.54241],[-68.36652,10.54245],[-68.36644,10.54249],[-68.36638,10.54254],[-68.3663,10.54261],[-68.36618,10.54273],[-68.36601,10.54288],[-68.36588,10.54301],[-68.36581,10.54307],[-68.36572,10.54312],[-68.36564,10.54315],[-68.36554,10.54318],[-68.36544,10.54323],[-68.36539,10.54326],[-68.36526,10.54336],[-68.36508,10.54351],[-68.36489,10.54368],[-68.36473,10.54384],[-68.3646,10.54397],[-68.36453,10.54403],[-68.36447,10.54408],[-68.36435,10.54415],[-68.36416,10.54424],[-68.36402,10.54432],[-68.36397,10.54436],[-68.36387,10.54447],[-68.36377,10.54461],[-68.36368,10.54474],[-68.36359,10.54486],[-68.36351,10.54496],[-68.36342,10.54504],[-68.36331,10.54512],[-68.36313,10.54526],[-68.36301,10.54537],[-68.36292,10.54547],[-68.36275,10.54567],[-68.36257,10.5459],[-68.36242,10.54608],[-68.36233,10.54622],[-68.36221,10.5464],[-68.36208,10.54663],[-68.36201,10.54676],[-68.36196,10.54682],[-68.36186,10.54689],[-68.36177,10.54697],[-68.36172,10.54704],[-68.36167,10.54713],[-68.36157,10.54734],[-68.36146,10.54756],[-68.36137,10.54769],[-68.36126,10.54784],[-68.36112,10.54807],[-68.36104,10.54822],[-68.36097,10.54832],[-68.36092,10.54838],[-68.36083,10.54844],[-68.36073,10.54851],[-68.36061,10.54858],[-68.36055,10.54861],[-68.36048,10.54863],[-68.36043,10.54865],[-68.36038,10.54869],[-68.36034,10.54874],[-68.36017,10.54896],[-68.36004,10.54911],[-68.35992,10.54921],[-68.35965,10.54948],[-68.35953,10.54959],[-68.35944,10.54966],[-68.35937,10.54971],[-68.35928,10.54975],[-68.35919,10.54977],[-68.35907,10.54981],[-68.35899,10.54986],[-68.35893,10.54991],[-68.35875,10.55009],[-68.35866,10.55018],[-68.35861,10.55022],[-68.35854,10.55026],[-68.35836,10.55031],[-68.3582,10.55036],[-68.35814,10.55039],[-68.35804,10.55046],[-68.35797,10.55055],[-68.35791,10.55059],[-68.35784,10.55063],[-68.35773,10.55066],[-68.35762,10.55068],[-68.35752,10.55072],[-68.35747,10.55075],[-68.35741,10.55081],[-68.35734,10.55087],[-68.35724,10.55093],[-68.35709,10.551],[-68.35696,10.55104],[-68.35659,10.55113],[-68.35626,10.55124],[-68.3561,10.55128],[-68.35597,10.55131],[-68.35568,10.55139],[-68.35527,10.55151],[-68.35503,10.55156],[-68.3548,10.55161],[-68.35466,10.55164],[-68.35425,10.5517],[-68.35377,10.55176],[-68.35361,10.55179],[-68.35306,10.55186],[-68.35278,10.55188],[-68.35266,10.55189],[-68.35259,10.55189],[-68.35246,10.55186],[-68.35225,10.55181],[-68.35213,10.55178],[-68.35178,10.55173],[-68.35153,10.55166],[-68.35126,10.55158],[-68.35089,10.55145],[-68.35068,10.55138],[-68.35041,10.55126],[-68.3499,10.5511],[-68.3494,10.55094],[-68.34909,10.55082],[-68.34897,10.55077],[-68.34883,10.55074],[-68.34863,10.55069],[-68.34835,10.55061],[-68.34815,10.55056],[-68.34805,10.55053],[-68.34794,10.55048],[-68.3478,10.55042],[-68.34765,10.55038],[-68.34744,10.55034],[-68.34731,10.5503],[-68.34721,10.55026],[-68.34712,10.55024],[-68.34703,10.55022],[-68.34654,10.55018],[-68.34648,10.55017],[-68.34642,10.55014],[-68.34635,10.55009],[-68.34628,10.55004],[-68.34621,10.55001],[-68.34613,10.55],[-68.34602,10.55],[-68.34572,10.55002],[-68.3456,10.55001],[-68.34546,10.55001],[-68.34536,10.54999],[-68.34527,10.54998],[-68.34512,10.54993],[-68.34504,10.54991],[-68.34495,10.5499],[-68.34486,10.54989],[-68.34469,10.5499],[-68.34425,10.54993],[-68.3441,10.54993],[-68.34391,10.54992],[-68.34374,10.54991],[-68.34364,10.54991],[-68.34354,10.54992],[-68.34332,10.54995],[-68.34307,10.54997],[-68.3429,10.54998],[-68.34273,10.54998],[-68.34262,10.54998],[-68.34252,10.54999],[-68.34233,10.55003],[-68.34222,10.55004],[-68.34213,10.55004],[-68.34205,10.55003],[-68.34196,10.55002],[-68.34188,10.55002],[-68.3418,10.55003],[-68.34171,10.55005],[-68.3416,10.55007],[-68.34131,10.55011],[-68.34108,10.55014],[-68.34088,10.55015],[-68.34073,10.55015],[-68.34065,10.55016],[-68.34058,10.55016],[-68.34052,10.55018],[-68.34034,10.55025],[-68.34025,10.55027],[-68.34018,10.55027],[-68.3401,10.55025],[-68.34006,10.55023],[-68.33997,10.55022],[-68.33987,10.55022],[-68.33977,10.55023],[-68.33961,10.55028],[-68.33953,10.5503],[-68.33947,10.5503],[-68.33942,10.55029],[-68.33929,10.55028],[-68.33919,10.55028],[-68.33902,10.55029],[-68.33876,10.55033],[-68.33859,10.55035],[-68.33847,10.55035],[-68.33838,10.55034],[-68.33828,10.55031],[-68.33818,10.5503],[-68.33805,10.5503],[-68.3374,10.55031],[-68.33728,10.55031],[-68.33716,10.55029],[-68.33707,10.55027],[-68.33698,10.55026],[-68.33685,10.55026],[-68.3367,10.55026],[-68.33658,10.55027],[-68.33648,10.55027],[-68.33641,10.55026],[-68.33633,10.55023],[-68.33626,10.5502],[-68.33619,10.55018],[-68.33605,10.55016],[-68.33588,10.55015],[-68.33579,10.55013],[-68.33568,10.5501],[-68.33559,10.55008],[-68.33553,10.55006],[-68.33546,10.55006],[-68.33531,10.55006],[-68.33522,10.55006],[-68.33515,10.55004],[-68.33505,10.55],[-68.33498,10.54999],[-68.33487,10.54997],[-68.3347,10.54995],[-68.33456,10.54994],[-68.33435,10.54992],[-68.33424,10.5499],[-68.33414,10.54987],[-68.33402,10.54983],[-68.33391,10.54981],[-68.33378,10.54979],[-68.33363,10.54978],[-68.33355,10.54976],[-68.33343,10.54972],[-68.33329,10.54968],[-68.33316,10.54965],[-68.33293,10.54958],[-68.33283,10.54956],[-68.33274,10.54956],[-68.33264,10.54954],[-68.33252,10.54952],[-68.33229,10.54945],[-68.33211,10.54939],[-68.33202,10.54935],[-68.33196,10.54932],[-68.33191,10.54929],[-68.33181,10.54928],[-68.33153,10.54924],[-68.33147,10.54923],[-68.33139,10.54921],[-68.33132,10.54916],[-68.33119,10.54908],[-68.3311,10.54903],[-68.33102,10.549],[-68.33092,10.54898],[-68.33074,10.54894],[-68.33063,10.54892],[-68.33052,10.54889],[-68.33044,10.54886],[-68.33034,10.54879],[-68.33026,10.54873],[-68.33017,10.54868],[-68.33004,10.54863],[-68.32991,10.54859],[-68.32969,10.54851],[-68.32951,10.54843],[-68.32923,10.54831],[-68.32913,10.54825],[-68.32902,10.54816],[-68.32891,10.54809],[-68.32881,10.54802],[-68.3284,10.54782],[-68.32804,10.54762],[-68.32768,10.54739],[-68.32753,10.54731],[-68.3273,10.54719],[-68.32719,10.54711],[-68.32712,10.54706],[-68.32705,10.54699],[-68.327,10.54696],[-68.32694,10.54693],[-68.32685,10.5469],[-68.32678,10.54686],[-68.32671,10.54681],[-68.32638,10.54661],[-68.32626,10.54655],[-68.32618,10.54648],[-68.32611,10.5464],[-68.32604,10.54633],[-68.326,10.5463],[-68.32592,10.54627],[-68.32584,10.54624],[-68.32575,10.5462],[-68.32562,10.54612],[-68.32555,10.54605],[-68.32549,10.546],[-68.32545,10.54597],[-68.3254,10.54595],[-68.32532,10.54593],[-68.32524,10.54591],[-68.32519,10.54587],[-68.32513,10.54582],[-68.32497,10.54568],[-68.32489,10.54562],[-68.32482,10.54557],[-68.3247,10.54552],[-68.32462,10.54548],[-68.32455,10.54543],[-68.32449,10.54536],[-68.32442,10.54529],[-68.32434,10.54524],[-68.32423,10.54519],[-68.3241,10.54513],[-68.324,10.54507],[-68.32384,10.54496],[-68.32365,10.54482],[-68.32357,10.54476],[-68.32345,10.54468],[-68.32333,10.5446],[-68.32314,10.54448],[-68.32283,10.54429],[-68.32273,10.54422],[-68.32264,10.54415],[-68.32257,10.54407],[-68.3224,10.54391],[-68.32223,10.54374],[-68.32202,10.54354],[-68.32187,10.54336],[-68.32164,10.54307],[-68.32121,10.54253],[-68.3209,10.54216],[-68.32066,10.54195],[-68.32035,10.54161],[-68.32013,10.54142],[-68.31966,10.54099],[-68.31932,10.54068],[-68.31905,10.54047],[-68.31868,10.54021],[-68.31831,10.53996],[-68.31816,10.53988],[-68.318,10.5398],[-68.3178,10.53967],[-68.31697,10.53916],[-68.3166,10.53893],[-68.31631,10.53878],[-68.31605,10.53864],[-68.31578,10.53851],[-68.31556,10.53841],[-68.31534,10.53835],[-68.31492,10.53823],[-68.31453,10.53814],[-68.31419,10.5381],[-68.31388,10.53809],[-68.31337,10.53808],[-68.31284,10.53808],[-68.31253,10.53811],[-68.31232,10.53815],[-68.31219,10.53818],[-68.31208,10.53822],[-68.31201,10.53825],[-68.31194,10.53827],[-68.31186,10.53829],[-68.31178,10.53831],[-68.31171,10.53833],[-68.31164,10.53837],[-68.31153,10.53846],[-68.31146,10.5385],[-68.31137,10.53853],[-68.31099,10.53866],[-68.31069,10.53878],[-68.31062,10.5388],[-68.31036,10.53894],[-68.3102,10.53901],[-68.30992,10.53911],[-68.30931,10.53934],[-68.30912,10.5394],[-68.30903,10.53942],[-68.30892,10.53944],[-68.30855,10.53948],[-68.30843,10.5395],[-68.30834,10.53955],[-68.3082,10.5396],[-68.30807,10.53963],[-68.30797,10.53964],[-68.30787,10.53965],[-68.30771,10.53964],[-68.30735,10.53963],[-68.30714,10.53965],[-68.30699,10.53969],[-68.30678,10.53976],[-68.30656,10.53986],[-68.30639,10.53992],[-68.30619,10.53998],[-68.30592,10.54005],[-68.3057,10.5401],[-68.30558,10.54015],[-68.30544,10.54022],[-68.30533,10.54026],[-68.3052,10.5403],[-68.30511,10.54034],[-68.30493,10.54041],[-68.30464,10.54055],[-68.30451,10.54061],[-68.30434,10.54068],[-68.30396,10.54082],[-68.30378,10.5409],[-68.30358,10.541],[-68.30342,10.54109],[-68.30318,10.54122],[-68.30301,10.54132],[-68.30284,10.54146],[-68.30259,10.54166],[-68.30239,10.5418],[-68.3023,10.54189],[-68.30222,10.54198],[-68.3021,10.54219],[-68.30198,10.54243],[-68.30189,10.54263],[-68.30178,10.54287],[-68.30169,10.54308],[-68.30165,10.54322],[-68.30161,10.54347],[-68.30158,10.5436],[-68.30155,10.54371],[-68.30149,10.54382],[-68.30144,10.54389],[-68.30138,10.54395],[-68.30128,10.54403],[-68.30123,10.54408],[-68.30115,10.54418],[-68.3011,10.54426],[-68.30106,10.54431],[-68.30099,10.54435],[-68.30081,10.54446],[-68.30069,10.54455],[-68.30059,10.54465],[-68.30044,10.54481],[-68.30032,10.54494],[-68.30016,10.54508],[-68.30008,10.54514],[-68.29994,10.54523],[-68.29981,10.54528],[-68.29959,10.54537],[-68.29937,10.54544],[-68.29922,10.54547],[-68.29909,10.54548],[-68.29887,10.5455],[-68.29874,10.54552],[-68.29845,10.54559],[-68.29822,10.54566],[-68.29769,10.54577],[-68.29731,10.54586],[-68.29717,10.5459],[-68.29674,10.54604],[-68.29663,10.54609],[-68.29657,10.54614],[-68.29651,10.5462],[-68.29632,10.54643],[-68.29614,10.54664],[-68.296,10.54682],[-68.29589,10.54693],[-68.29568,10.54707],[-68.29543,10.54724],[-68.2952,10.5474],[-68.29497,10.54758],[-68.29483,10.54769],[-68.29474,10.54775],[-68.29464,10.54781],[-68.29449,10.54788],[-68.2943,10.54796],[-68.29417,10.54801],[-68.29402,10.54808],[-68.29392,10.54812],[-68.29385,10.54814],[-68.29338,10.54833],[-68.29243,10.54874],[-68.29195,10.54894],[-68.29105,10.54934],[-68.29082,10.54944],[-68.29059,10.54952],[-68.29022,10.54963],[-68.28979,10.54979],[-68.2894,10.54995],[-68.28912,10.55007],[-68.28851,10.5503],[-68.28795,10.5505],[-68.28772,10.55055],[-68.28749,10.55058],[-68.28732,10.55059],[-68.2871,10.55059],[-68.28655,10.55055],[-68.28605,10.55052],[-68.28588,10.55052],[-68.28577,10.55054],[-68.2857,10.55057],[-68.28563,10.55062],[-68.28557,10.55069],[-68.28546,10.55082],[-68.28529,10.55096],[-68.28509,10.55109],[-68.28487,10.55121],[-68.28465,10.55131],[-68.28445,10.55143],[-68.28417,10.55161],[-68.28406,10.5517],[-68.28393,10.55178],[-68.28373,10.55189],[-68.28353,10.55201],[-68.28336,10.55209],[-68.28327,10.55214],[-68.28317,10.55217],[-68.28305,10.55219],[-68.28286,10.55221],[-68.28266,10.55222],[-68.28247,10.55222],[-68.28234,10.55221],[-68.28223,10.55221],[-68.28214,10.55223],[-68.28207,10.55226],[-68.282,10.55231],[-68.28189,10.55236],[-68.28152,10.55253],[-68.28136,10.55259],[-68.28127,10.55262],[-68.28117,10.55263],[-68.28099,10.55264],[-68.28084,10.55264],[-68.28064,10.55264],[-68.28054,10.55265],[-68.28044,10.55267],[-68.28033,10.55272],[-68.28023,10.55277],[-68.28013,10.55285],[-68.27997,10.55303],[-68.27989,10.55311],[-68.27981,10.55316],[-68.27955,10.55327],[-68.27926,10.55339],[-68.2791,10.55343],[-68.27897,10.55345],[-68.27884,10.55346],[-68.27872,10.55345],[-68.27859,10.55343],[-68.27845,10.5534],[-68.27838,10.55339],[-68.27831,10.55339],[-68.27813,10.55342],[-68.27805,10.55345],[-68.27793,10.55352],[-68.2778,10.55362],[-68.27751,10.55385],[-68.27733,10.554],[-68.27715,10.55415],[-68.27708,10.55422],[-68.27704,10.55428],[-68.27698,10.55439],[-68.27684,10.55465],[-68.2767,10.55482],[-68.27663,10.5549],[-68.27656,10.55496],[-68.27643,10.55503],[-68.27627,10.55508],[-68.27612,10.55512],[-68.27598,10.55514],[-68.2759,10.55516],[-68.2758,10.5552],[-68.27569,10.55526],[-68.27558,10.55532],[-68.27548,10.55536],[-68.27537,10.55539],[-68.27523,10.55543],[-68.27516,10.55545],[-68.2751,10.55548],[-68.27501,10.55553],[-68.27484,10.55564],[-68.27467,10.55574],[-68.27423,10.55599],[-68.27415,10.55605],[-68.27411,10.55609],[-68.27407,10.55618],[-68.27403,10.55638],[-68.27398,10.55664],[-68.27395,10.55674],[-68.27391,10.55688],[-68.27389,10.55701],[-68.27387,10.55712],[-68.27385,10.55723],[-68.27382,10.55729],[-68.27377,10.55736],[-68.27364,10.55752],[-68.27357,10.55757],[-68.27348,10.55763],[-68.27339,10.55767],[-68.27326,10.5577],[-68.27313,10.55772],[-68.27298,10.55773],[-68.27288,10.55775],[-68.27281,10.55777],[-68.27277,10.5578],[-68.27273,10.55784],[-68.27256,10.55806],[-68.27247,10.55817],[-68.27232,10.55841],[-68.27223,10.55858],[-68.27216,10.55869],[-68.2721,10.55877],[-68.27203,10.55883],[-68.27195,10.55888],[-68.27185,10.55893],[-68.2717,10.55901],[-68.27142,10.55917],[-68.27117,10.55927],[-68.27084,10.55944],[-68.27064,10.55956],[-68.27046,10.55967],[-68.27037,10.55972],[-68.27029,10.55974],[-68.27021,10.55976],[-68.27012,10.55976],[-68.27001,10.55975],[-68.26987,10.55972],[-68.26977,10.55972],[-68.26968,10.55972],[-68.26957,10.55974],[-68.26947,10.55977],[-68.26936,10.55981],[-68.26923,10.55989],[-68.26914,10.55996],[-68.26907,10.56002],[-68.26903,10.56008],[-68.26901,10.56013],[-68.26899,10.56021],[-68.26895,10.56045],[-68.26892,10.56061],[-68.26887,10.56074],[-68.2688,10.56094],[-68.26874,10.56105],[-68.26869,10.56114],[-68.26861,10.56123],[-68.26853,10.5613],[-68.26843,10.56137],[-68.26823,10.56148],[-68.26802,10.56157],[-68.26773,10.56169],[-68.26765,10.56173],[-68.26757,10.56178],[-68.26749,10.56184],[-68.26736,10.56196],[-68.2673,10.562],[-68.2672,10.56204],[-68.26711,10.56206],[-68.26701,10.56208],[-68.26687,10.56211],[-68.26671,10.56212],[-68.26652,10.56212],[-68.26636,10.56214],[-68.26617,10.56215],[-68.26602,10.56215],[-68.26594,10.56215],[-68.26579,10.56213],[-68.26552,10.56211],[-68.26545,10.56211],[-68.2654,10.56212],[-68.26536,10.56215],[-68.26533,10.56219],[-68.26532,10.56223],[-68.26532,10.56228],[-68.26531,10.56233],[-68.26529,10.56237],[-68.2652,10.56247],[-68.26505,10.56263],[-68.26498,10.56271],[-68.26494,10.56279],[-68.26491,10.56288],[-68.26484,10.56295],[-68.26474,10.56303],[-68.26454,10.56313],[-68.26429,10.56328],[-68.26417,10.56337],[-68.26413,10.56341],[-68.2641,10.56347],[-68.26409,10.56354],[-68.26408,10.56361],[-68.26408,10.5637],[-68.26408,10.56376],[-68.26411,10.56385],[-68.26419,10.56409],[-68.26428,10.56447],[-68.26431,10.56467],[-68.26431,10.56482],[-68.2643,10.56494],[-68.26426,10.56506],[-68.26421,10.56513],[-68.26409,10.56524],[-68.26398,10.56529],[-68.26382,10.56532],[-68.2636,10.56536],[-68.26342,10.56542],[-68.26327,10.56549],[-68.26316,10.56557],[-68.26308,10.56568],[-68.26292,10.56595],[-68.26281,10.56613],[-68.26275,10.56626],[-68.26272,10.56636],[-68.26269,10.56657],[-68.26264,10.56696],[-68.26261,10.56715],[-68.26257,10.56725],[-68.26247,10.56738],[-68.26224,10.56773],[-68.26197,10.56809],[-68.26177,10.56838],[-68.26162,10.56856],[-68.26141,10.56877],[-68.26123,10.56894],[-68.26114,10.569],[-68.26107,10.56903],[-68.26099,10.56904],[-68.26091,10.56904],[-68.26084,10.56904],[-68.26077,10.56902],[-68.26071,10.56898],[-68.26066,10.56896],[-68.26059,10.56896],[-68.26049,10.56897],[-68.26042,10.56898],[-68.26035,10.56898],[-68.25985,10.5689],[-68.25964,10.56884],[-68.25956,10.56882],[-68.25948,10.56882],[-68.25938,10.56885],[-68.25919,10.56892],[-68.25893,10.56906],[-68.25869,10.5692],[-68.25856,10.56926],[-68.25843,10.56929],[-68.2583,10.56932],[-68.25818,10.56935],[-68.25811,10.56937],[-68.25804,10.56942],[-68.25779,10.5696],[-68.25767,10.56968],[-68.25759,10.56975],[-68.25747,10.56987],[-68.25737,10.56997],[-68.25732,10.57001],[-68.25726,10.57004],[-68.25721,10.57007],[-68.25717,10.57009],[-68.25713,10.57013],[-68.25709,10.57018],[-68.25702,10.57028],[-68.25684,10.57047],[-68.25678,10.57055],[-68.25673,10.57062],[-68.25668,10.57067],[-68.25661,10.57073],[-68.25651,10.57084],[-68.25645,10.57091],[-68.25643,10.57095],[-68.25643,10.57102],[-68.25643,10.57116],[-68.2564,10.5713],[-68.25638,10.5714],[-68.25638,10.57144],[-68.25639,10.57149],[-68.25643,10.57156],[-68.25649,10.57165],[-68.25655,10.57176],[-68.25665,10.57192],[-68.2567,10.57202],[-68.25673,10.5721],[-68.25675,10.57216],[-68.25675,10.5722],[-68.25674,10.57224],[-68.25672,10.57227],[-68.25668,10.57231],[-68.25645,10.57248],[-68.25627,10.57258],[-68.25617,10.57265],[-68.2561,10.57272],[-68.25603,10.5728],[-68.25594,10.57289],[-68.25586,10.57296],[-68.25581,10.57303],[-68.25577,10.57309],[-68.25574,10.57314],[-68.2557,10.57323],[-68.25566,10.57335],[-68.25563,10.57347],[-68.25562,10.57356],[-68.25564,10.57363],[-68.25568,10.57369],[-68.25578,10.57376],[-68.25585,10.5738],[-68.25598,10.57383],[-68.25621,10.57385],[-68.25634,10.57386],[-68.25643,10.57386],[-68.25652,10.57384],[-68.25662,10.57382],[-68.25673,10.57382],[-68.25694,10.57383],[-68.25708,10.57384],[-68.25719,10.57387],[-68.25728,10.57389],[-68.25767,10.57408],[-68.25778,10.57412],[-68.25788,10.57418],[-68.25795,10.57424],[-68.25812,10.57446],[-68.25822,10.57461],[-68.25836,10.57486],[-68.25845,10.57506],[-68.25854,10.57527],[-68.25856,10.57534],[-68.25857,10.57541],[-68.25855,10.57548],[-68.25854,10.57553],[-68.25851,10.57559],[-68.25844,10.57564],[-68.25833,10.57568],[-68.25821,10.57571],[-68.25809,10.57573],[-68.25807,10.57574],[-68.25805,10.57575],[-68.25803,10.57579],[-68.25802,10.57586],[-68.25799,10.57592],[-68.25795,10.57597],[-68.25789,10.57601],[-68.25784,10.57604],[-68.25777,10.57609],[-68.25771,10.57616],[-68.25764,10.57629],[-68.25759,10.57646],[-68.25756,10.57662],[-68.25756,10.5767],[-68.25758,10.57679],[-68.25758,10.57687],[-68.25758,10.5769],[-68.25756,10.57694],[-68.25748,10.57707],[-68.25735,10.57727],[-68.25723,10.57744],[-68.25719,10.57749],[-68.25714,10.57754],[-68.25709,10.57756],[-68.25703,10.57758],[-68.25667,10.57767],[-68.25612,10.57779],[-68.25575,10.57788],[-68.25545,10.57793],[-68.25526,10.57795],[-68.25507,10.57796],[-68.25491,10.57796],[-68.25475,10.57794],[-68.25463,10.5779],[-68.25438,10.5778],[-68.25409,10.57766],[-68.25394,10.57762],[-68.25377,10.57758],[-68.25369,10.57756],[-68.25352,10.57754],[-68.25317,10.5775],[-68.25302,10.5775],[-68.25287,10.57752],[-68.25277,10.57754],[-68.25267,10.57756],[-68.25257,10.57758],[-68.25227,10.5776],[-68.25196,10.57763],[-68.25185,10.57766],[-68.25171,10.57772],[-68.25153,10.57781],[-68.25114,10.57795],[-68.25088,10.57806],[-68.25077,10.57811],[-68.25066,10.57818],[-68.25055,10.57825],[-68.25047,10.57829],[-68.25039,10.57833],[-68.25022,10.57838],[-68.25009,10.57842],[-68.24999,10.57849],[-68.24967,10.57868],[-68.24954,10.57876],[-68.24943,10.57882],[-68.24928,10.57887],[-68.24913,10.57892],[-68.24892,10.57897],[-68.24879,10.57901],[-68.24867,10.57905],[-68.24856,10.57911],[-68.24843,10.57919],[-68.24819,10.57937],[-68.24802,10.57949],[-68.24786,10.5796],[-68.24762,10.57973],[-68.24753,10.57978],[-68.24746,10.57983],[-68.24737,10.57992],[-68.24728,10.58002],[-68.24719,10.58011],[-68.2469,10.58035],[-68.24676,10.58045],[-68.24658,10.58057],[-68.24648,10.58064]]]}},{"type":"Feature","properties":{"name":"Valencia","admin_level":"6","osm_id":10833239},"geometry":{"type":"Polygon","coordinates":[[[-67.92452,10.10022],[-67.9246,10.09933],[-67.92461,10.09767],[-67.92465,10.09768],[-67.9247,10.09771],[-67.92476,10.09775],[-67.92481,10.09779],[-67.92488,10.09785],[-67.92495,10.09791],[-67.92499,10.09794],[-67.92504,10.09796],[-67.92508,10.09796],[-67.92513,10.09795],[-67.92517,10.09792],[-67.92521,10.09789],[-67.92527,10.09781],[-67.92529,10.09774],[-67.92532,10.09771],[-67.92537,10.0977],[-67.92543,10.09769],[-67.92552,10.0977],[-67.92562,10.09773],[-67.92579,10.0978],[-67.9259,10.09785],[-67.92603,10.0979],[-67.92623,10.09798],[-67.9264,10.09806],[-67.92658,10.09816],[-67.92663,10.09819],[-67.92672,10.09823],[-67.92679,10.09825],[-67.92687,10.09826],[-67.92698,10.0983],[-67.92712,10.09834],[-67.9273,10.0984],[-67.92735,10.09842],[-67.9274,10.09845],[-67.92745,10.09849],[-67.92752,10.09855],[-67.9276,10.09861],[-67.92768,10.09866],[-67.92779,10.0987],[-67.92796,10.09876],[-67.92808,10.09882],[-67.92845,10.099],[-67.92855,10.09906],[-67.92867,10.09912],[-67.92884,10.09917],[-67.92898,10.09923],[-67.9292,10.09935],[-67.92938,10.09945],[-67.92965,10.09956],[-67.92984,10.09964],[-67.92995,10.09967],[-67.93006,10.09972],[-67.93012,10.09977],[-67.93014,10.09978],[-67.93021,10.09983],[-67.93029,10.09988],[-67.93042,10.09993],[-67.93054,10.09997],[-67.93065,10.10001],[-67.93096,10.10016],[-67.9312,10.10028],[-67.93143,10.10041],[-67.93163,10.10052],[-67.93178,10.1006],[-67.93183,10.10063],[-67.93187,10.10065],[-67.93195,10.10066],[-67.93207,10.10067],[-67.93215,10.10067],[-67.9322,10.10065],[-67.93243,10.10054],[-67.93252,10.10048],[-67.93268,10.10041],[-67.93281,10.10035],[-67.93285,10.10032],[-67.93289,10.10029],[-67.93294,10.10024],[-67.93298,10.10018],[-67.93308,10.10008],[-67.93312,10.10006],[-67.93319,10.10004],[-67.93323,10.10004],[-67.93328,10.10004],[-67.93331,10.10005],[-67.93333,10.10005],[-67.93338,10.10005],[-67.93343,10.10004],[-67.93346,10.10002],[-67.93351,10.09998],[-67.93358,10.09994],[-67.9337,10.09988],[-67.93386,10.0998],[-67.93408,10.09968],[-67.93438,10.09951],[-67.93462,10.09938],[-67.93471,10.09934],[-67.93481,10.0993],[-67.93493,10.09927],[-67.93507,10.09922],[-67.93516,10.09917],[-67.93524,10.09911],[-67.93535,10.09899],[-67.93538,10.09896],[-67.93542,10.09893],[-67.93545,10.09891],[-67.93551,10.09888],[-67.936,10.09866],[-67.93615,10.0986],[-67.93637,10.09851],[-67.93646,10.09847],[-67.93652,10.09843],[-67.93661,10.09835],[-67.93671,10.09829],[-67.93679,10.09825],[-67.9369,10.09821],[-67.937,10.09818],[-67.93711,10.09814],[-67.93737,10.098],[-67.93768,10.09787],[-67.93782,10.0978],[-67.93793,10.09774],[-67.93805,10.09767],[-67.93828,10.09752],[-67.93847,10.0974],[-67.93884,10.09719],[-67.93892,10.09715],[-67.93897,10.09714],[-67.93904,10.09714],[-67.93909,10.09714],[-67.93916,10.09715],[-67.93922,10.09714],[-67.93932,10.09713],[-67.93947,10.09709],[-67.93967,10.09703],[-67.93979,10.09701],[-67.93993,10.09699],[-67.94002,10.09698],[-67.94018,10.09699],[-67.94041,10.097],[-67.9406,10.09701],[-67.9408,10.09701],[-67.94107,10.09698],[-67.94125,10.09696],[-67.94138,10.09696],[-67.94147,10.09696],[-67.94159,10.09698],[-67.94166,10.09699],[-67.94189,10.09697],[-67.94227,10.09697],[-67.9428,10.09694],[-67.94304,10.09692],[-67.94339,10.09689],[-67.94351,10.09689],[-67.9436,10.0969],[-67.94369,10.09692],[-67.94386,10.09699],[-67.94419,10.09713],[-67.94431,10.09718],[-67.94441,10.09721],[-67.94451,10.09726],[-67.94464,10.09733],[-67.94471,10.09737],[-67.94479,10.09745],[-67.94484,10.09749],[-67.9449,10.09751],[-67.94497,10.09753],[-67.94515,10.09754],[-67.94559,10.09756],[-67.94565,10.09756],[-67.94569,10.09757],[-67.94576,10.0976],[-67.94581,10.09761],[-67.94586,10.09761],[-67.94596,10.09761],[-67.94621,10.09762],[-67.94657,10.09764],[-67.94686,10.09766],[-67.94714,10.09769],[-67.94767,10.09774],[-67.94871,10.09791],[-67.94894,10.09794],[-67.94938,10.098],[-67.94982,10.09806],[-67.95016,10.09809],[-67.95049,10.09812],[-67.95085,10.09816],[-67.9514,10.09823],[-67.95199,10.0983],[-67.95223,10.09832],[-67.95236,10.09834],[-67.95266,10.0984],[-67.95279,10.09842],[-67.9529,10.09843],[-67.95304,10.09843],[-67.95332,10.09842],[-67.95351,10.09841],[-67.95391,10.09843],[-67.95407,10.09843],[-67.95417,10.09844],[-67.9543,10.09846],[-67.95448,10.09848],[-67.95483,10.09856],[-67.95505,10.0986],[-67.95544,10.09865],[-67.95572,10.09871],[-67.95578,10.09872],[-67.95584,10.09872],[-67.95589,10.09872],[-67.95597,10.09871],[-67.95603,10.09872],[-67.95608,10.09874],[-67.95616,10.09876],[-67.95626,10.0988],[-67.95644,10.09884],[-67.95662,10.09888],[-67.95702,10.09894],[-67.95728,10.09899],[-67.95771,10.09909],[-67.95808,10.09918],[-67.95831,10.09923],[-67.95847,10.09925],[-67.95862,10.09927],[-67.95874,10.09928],[-67.95881,10.09928],[-67.9589,10.0993],[-67.959,10.09931],[-67.95912,10.09934],[-67.95922,10.09935],[-67.95943,10.09936],[-67.95965,10.09936],[-67.95982,10.09936],[-67.95991,10.09936],[-67.95998,10.09938],[-67.96003,10.0994],[-67.96008,10.09941],[-67.96013,10.09941],[-67.9602,10.0994],[-67.96027,10.09939],[-67.9604,10.09939],[-67.96069,10.09941],[-67.96108,10.09943],[-67.96145,10.09944],[-67.96159,10.09944],[-67.96176,10.09943],[-67.96191,10.09941],[-67.96219,10.09936],[-67.96257,10.09931],[-67.9627,10.09928],[-67.96285,10.09926],[-67.96346,10.09916],[-67.96359,10.09914],[-67.96383,10.09909],[-67.96396,10.09907],[-67.96416,10.09903],[-67.96425,10.09901],[-67.96435,10.09898],[-67.96448,10.09896],[-67.96457,10.09896],[-67.96472,10.09894],[-67.96482,10.09893],[-67.96492,10.0989],[-67.96513,10.09885],[-67.96533,10.0988],[-67.96571,10.09875],[-67.96579,10.09873],[-67.96592,10.09869],[-67.96603,10.09866],[-67.96612,10.09865],[-67.9662,10.09866],[-67.96628,10.09866],[-67.96635,10.09865],[-67.96643,10.09863],[-67.9665,10.0986],[-67.9666,10.09854],[-67.96696,10.09833],[-67.96703,10.09828],[-67.96711,10.09822],[-67.96721,10.09814],[-67.9673,10.09807],[-67.96737,10.09802],[-67.96746,10.09797],[-67.96755,10.09792],[-67.96764,10.09785],[-67.96768,10.0978],[-67.9677,10.09776],[-67.96774,10.09767],[-67.96777,10.09756],[-67.96781,10.09742],[-67.96783,10.09733],[-67.96784,10.09728],[-67.96783,10.09718],[-67.96782,10.09701],[-67.96781,10.09682],[-67.9678,10.09667],[-67.96779,10.09659],[-67.96779,10.09656],[-67.9678,10.09654],[-67.96783,10.09653],[-67.96788,10.09653],[-67.96801,10.09655],[-67.96811,10.09655],[-67.9682,10.09653],[-67.96828,10.09648],[-67.96838,10.09642],[-67.96847,10.09634],[-67.96857,10.09627],[-67.96865,10.09623],[-67.96885,10.09618],[-67.96892,10.09616],[-67.96896,10.09614],[-67.96901,10.09609],[-67.96903,10.09605],[-67.96905,10.09597],[-67.96909,10.09591],[-67.96911,10.09588],[-67.96915,10.09584],[-67.96919,10.09582],[-67.96933,10.09579],[-67.96961,10.09573],[-67.96975,10.0957],[-67.96986,10.09571],[-67.96993,10.09572],[-67.97012,10.09579],[-67.9702,10.09582],[-67.97027,10.09584],[-67.97035,10.09585],[-67.97049,10.09584],[-67.97059,10.09585],[-67.97067,10.09586],[-67.97076,10.09589],[-67.9708,10.0959],[-67.97085,10.09589],[-67.9709,10.09588],[-67.97095,10.09586],[-67.97099,10.09582],[-67.97103,10.09578],[-67.97109,10.09574],[-67.97114,10.09572],[-67.97124,10.0957],[-67.97131,10.09568],[-67.97135,10.09566],[-67.97142,10.09561],[-67.97149,10.09555],[-67.97156,10.0955],[-67.97165,10.09547],[-67.97175,10.09545],[-67.97188,10.09544],[-67.97199,10.09545],[-67.97212,10.09546],[-67.97226,10.09549],[-67.97236,10.09553],[-67.97244,10.09558],[-67.97254,10.09567],[-67.97272,10.09586],[-67.9728,10.09593],[-67.97287,10.09597],[-67.97293,10.09598],[-67.97313,10.096],[-67.9733,10.09603],[-67.97342,10.09607],[-67.97355,10.09612],[-67.97366,10.09619],[-67.97372,10.09621],[-67.97382,10.09622],[-67.97389,10.09621],[-67.97396,10.0962],[-67.97413,10.09613],[-67.97422,10.09611],[-67.97431,10.09609],[-67.97446,10.09608],[-67.97456,10.09607],[-67.97465,10.09604],[-67.97497,10.09589],[-67.97506,10.09585],[-67.97515,10.09583],[-67.97522,10.09582],[-67.97531,10.09583],[-67.97539,10.09585],[-67.97548,10.09591],[-67.97587,10.09621],[-67.97595,10.09625],[-67.97605,10.09629],[-67.97616,10.09631],[-67.97626,10.09636],[-67.97636,10.09644],[-67.97641,10.09649],[-67.97645,10.09654],[-67.97648,10.09658],[-67.97651,10.0966],[-67.97654,10.09662],[-67.97658,10.09662],[-67.97664,10.09661],[-67.97672,10.09658],[-67.97677,10.09654],[-67.97684,10.09647],[-67.9769,10.09637],[-67.97699,10.09622],[-67.977,10.09618],[-67.97702,10.09616],[-67.97706,10.09614],[-67.97712,10.09612],[-67.97719,10.09611],[-67.97728,10.09613],[-67.97788,10.09556],[-67.97821,10.09433],[-67.97824,10.09185],[-67.97834,10.08904],[-67.9788,10.08545],[-67.97906,10.08499],[-67.97925,10.08434],[-67.97952,10.0834],[-67.97919,10.08148],[-67.97844,10.07971],[-67.9795,10.07795],[-67.98018,10.07674],[-67.98015,10.07599],[-67.98013,10.0746],[-67.98049,10.07284],[-67.98082,10.07219],[-67.98123,10.07149],[-67.98145,10.07039],[-67.98185,10.06952],[-67.97971,10.06757],[-67.97856,10.06623],[-67.9784,10.06447],[-67.9785,10.06352],[-67.9793,10.06278],[-67.97346,10.05489],[-67.9712,10.05242],[-67.97116,10.05119],[-67.96942,10.04877],[-67.96657,10.0456],[-67.9647,10.04286],[-67.96074,10.03826],[-67.9596,10.03673],[-67.9561,10.03227],[-67.9563,10.02848],[-67.95563,10.02684],[-67.95504,10.02373],[-67.95488,10.02356],[-67.95474,10.0234],[-67.95465,10.02326],[-67.95456,10.023],[-67.95446,10.02268],[-67.95441,10.02259],[-67.95436,10.02254],[-67.95427,10.02248],[-67.95411,10.02237],[-67.95398,10.02226],[-67.95392,10.02216],[-67.95389,10.02204],[-67.95353,10.0217],[-67.95331,10.02142],[-67.95305,10.02117],[-67.95269,10.02093],[-67.95239,10.02062],[-67.95226,10.0204],[-67.95231,10.02025],[-67.95216,10.02019],[-67.95204,10.02002],[-67.95175,10.01981],[-67.95171,10.01928],[-67.94646,10.01838],[-67.94409,10.01756],[-67.93977,10.01454],[-67.93916,10.01363],[-67.93589,10.01081],[-67.93326,10.00796],[-67.93166,10.0075],[-67.93041,10.00636],[-67.92913,10.00453],[-67.9288,10.00394],[-67.92833,9.99946],[-67.92688,9.99816],[-67.92145,9.99444],[-67.92025,9.99405],[-67.91971,9.99359],[-67.91961,9.99351],[-67.91951,9.99339],[-67.91935,9.99318],[-67.91927,9.99298],[-67.91836,9.99198],[-67.91806,9.99052],[-67.91716,9.98524],[-67.91676,9.98298],[-67.91624,9.98036],[-67.91534,9.98026],[-67.91506,9.97887],[-67.91222,9.97488],[-67.912,9.97422],[-67.91189,9.97334],[-67.91095,9.9717],[-67.90848,9.97036],[-67.90752,9.96952],[-67.90661,9.96863],[-67.90625,9.96816],[-67.90528,9.96718],[-67.90438,9.96687],[-67.90326,9.96638],[-67.90287,9.96595],[-67.90247,9.96598],[-67.90161,9.96645],[-67.90021,9.96708],[-67.89936,9.96754],[-67.89917,9.96799],[-67.89895,9.96835],[-67.89859,9.96869],[-67.89841,9.96893],[-67.89843,9.96941],[-67.89838,9.96996],[-67.89815,9.97063],[-67.89742,9.97077],[-67.89647,9.97143],[-67.89552,9.97195],[-67.8947,9.97252],[-67.89339,9.97261],[-67.89323,9.97269],[-67.89312,9.97274],[-67.89299,9.97278],[-67.89282,9.97282],[-67.89249,9.97293],[-67.89237,9.97296],[-67.89225,9.97298],[-67.89207,9.97297],[-67.89195,9.97298],[-67.89181,9.97303],[-67.89096,9.97348],[-67.89072,9.97359],[-67.89053,9.97366],[-67.89017,9.97373],[-67.88982,9.97384],[-67.88962,9.97388],[-67.88943,9.97392],[-67.88931,9.97395],[-67.88919,9.97403],[-67.88909,9.97408],[-67.88897,9.97412],[-67.88889,9.97413],[-67.8887,9.97413],[-67.88786,9.97413],[-67.88773,9.97478],[-67.88769,9.97494],[-67.88761,9.97506],[-67.88752,9.97516],[-67.88699,9.97557],[-67.88658,9.9759],[-67.88604,9.97607],[-67.88516,9.9763],[-67.88462,9.97668],[-67.884,9.97712],[-67.88334,9.97762],[-67.8831,9.97792],[-67.88301,9.97805],[-67.88295,9.9782],[-67.88291,9.97839],[-67.88289,9.97855],[-67.88287,9.97881],[-67.88284,9.97893],[-67.88276,9.97907],[-67.88264,9.97926],[-67.88257,9.97933],[-67.88238,9.97947],[-67.88212,9.97965],[-67.88168,9.98032],[-67.88137,9.98081],[-67.88129,9.98089],[-67.88108,9.9811],[-67.88058,9.98157],[-67.88051,9.98167],[-67.88047,9.98175],[-67.88034,9.98202],[-67.88029,9.98212],[-67.88022,9.98218],[-67.88006,9.98229],[-67.87981,9.98242],[-67.87942,9.98255],[-67.87888,9.98244],[-67.87848,9.98237],[-67.87836,9.98232],[-67.87766,9.98194],[-67.87737,9.98176],[-67.87716,9.9816],[-67.87666,9.98156],[-67.87599,9.98144],[-67.87529,9.98139],[-67.87443,9.98121],[-67.87408,9.98081],[-67.87393,9.98028],[-67.87376,9.9798],[-67.8731,9.97913],[-67.87255,9.97875],[-67.87186,9.97841],[-67.87018,9.97867],[-67.86358,9.97799],[-67.86382,9.97726],[-67.86369,9.97652],[-67.86319,9.97372],[-67.86272,9.97249],[-67.86321,9.97013],[-67.86219,9.96793],[-67.86248,9.9612],[-67.86354,9.95892],[-67.86347,9.95853],[-67.86328,9.95799],[-67.86318,9.95754],[-67.86276,9.95733],[-67.86255,9.95692],[-67.86226,9.95645],[-67.86188,9.95588],[-67.86161,9.95579],[-67.86151,9.9557],[-67.86137,9.95566],[-67.86136,9.95552],[-67.86135,9.9554],[-67.86136,9.95527],[-67.86142,9.95497],[-67.86146,9.95482],[-67.86151,9.9547],[-67.86158,9.95458],[-67.86165,9.95448],[-67.86171,9.95435],[-67.86178,9.9541],[-67.86188,9.95384],[-67.86199,9.95366],[-67.86213,9.95348],[-67.86221,9.95339],[-67.86229,9.95334],[-67.86239,9.95326],[-67.8624,9.9532],[-67.86222,9.95291],[-67.86197,9.95281],[-67.86163,9.95237],[-67.86104,9.95202],[-67.86044,9.9516],[-67.86013,9.95156],[-67.85971,9.95152],[-67.85952,9.95151],[-67.85922,9.95148],[-67.85905,9.95148],[-67.85889,9.95151],[-67.85875,9.95156],[-67.85859,9.95161],[-67.85845,9.95164],[-67.85829,9.95165],[-67.85815,9.95164],[-67.858,9.95164],[-67.85787,9.95167],[-67.85775,9.95171],[-67.85746,9.95181],[-67.85717,9.95195],[-67.85705,9.952],[-67.85685,9.95204],[-67.85671,9.95204],[-67.85656,9.95201],[-67.85642,9.95196],[-67.85627,9.95195],[-67.85611,9.95195],[-67.8557,9.95201],[-67.85546,9.95205],[-67.85538,9.95205],[-67.85529,9.95202],[-67.85516,9.95197],[-67.85506,9.95193],[-67.85496,9.95193],[-67.85485,9.95195],[-67.85461,9.95202],[-67.85444,9.95205],[-67.85427,9.95205],[-67.85413,9.95204],[-67.85402,9.95201],[-67.85386,9.95201],[-67.85365,9.95203],[-67.85106,9.95074],[-67.85003,9.95041],[-67.84816,9.94632],[-67.84792,9.9461],[-67.84787,9.94607],[-67.84777,9.94604],[-67.84716,9.94595],[-67.84682,9.94588],[-67.84636,9.94582],[-67.84603,9.94579],[-67.84588,9.94579],[-67.84573,9.9458],[-67.84557,9.94581],[-67.84545,9.94579],[-67.84532,9.94575],[-67.84524,9.94572],[-67.84514,9.94568],[-67.84495,9.94567],[-67.84477,9.94568],[-67.84431,9.94575],[-67.84348,9.94585],[-67.84272,9.94587],[-67.84197,9.94588],[-67.84151,9.94587],[-67.84122,9.94581],[-67.84095,9.94576],[-67.84072,9.94568],[-67.83994,9.94545],[-67.8396,9.94535],[-67.83945,9.94533],[-67.83921,9.94532],[-67.83895,9.94531],[-67.83852,9.94532],[-67.83829,9.94534],[-67.83726,9.94542],[-67.83699,9.94526],[-67.83665,9.94507],[-67.83646,9.94496],[-67.83632,9.94491],[-67.83587,9.94486],[-67.83548,9.94483],[-67.83533,9.94481],[-67.83516,9.94475],[-67.835,9.94468],[-67.8348,9.94454],[-67.83467,9.94444],[-67.83437,9.94419],[-67.83432,9.94415],[-67.83418,9.94409],[-67.83409,9.94407],[-67.83391,9.94406],[-67.83375,9.94407],[-67.83345,9.94409],[-67.83329,9.94411],[-67.83315,9.94411],[-67.83298,9.94409],[-67.83282,9.94408],[-67.83259,9.94404],[-67.83201,9.94394],[-67.83166,9.94387],[-67.83148,9.94386],[-67.83121,9.94385],[-67.83095,9.94386],[-67.83015,9.94386],[-67.82997,9.94387],[-67.82975,9.94385],[-67.82948,9.94379],[-67.82926,9.94372],[-67.82901,9.94362],[-67.82888,9.94356],[-67.82873,9.94347],[-67.82864,9.94338],[-67.82856,9.94327],[-67.82851,9.94318],[-67.82844,9.94312],[-67.82836,9.94307],[-67.82826,9.94306],[-67.82811,9.9431],[-67.82798,9.94313],[-67.82785,9.94312],[-67.82777,9.9431],[-67.82762,9.94302],[-67.82752,9.94297],[-67.82744,9.94291],[-67.82725,9.94285],[-67.82706,9.94283],[-67.82685,9.94283],[-67.82646,9.94287],[-67.82604,9.94293],[-67.82589,9.94295],[-67.82575,9.94297],[-67.82562,9.94302],[-67.82544,9.94311],[-67.82525,9.94322],[-67.82513,9.94327],[-67.82501,9.94329],[-67.82489,9.94329],[-67.82477,9.94328],[-67.82439,9.94316],[-67.82416,9.9431],[-67.82402,9.94307],[-67.82385,9.94306],[-67.82378,9.94306],[-67.82374,9.94307],[-67.8237,9.94308],[-67.82366,9.9431],[-67.82362,9.94317],[-67.82358,9.94322],[-67.82353,9.94326],[-67.82345,9.94329],[-67.82319,9.94335],[-67.8231,9.94336],[-67.82303,9.94335],[-67.82291,9.94328],[-67.8228,9.94321],[-67.82269,9.94315],[-67.82261,9.94313],[-67.82249,9.94313],[-67.82241,9.94315],[-67.8223,9.94317],[-67.82215,9.9432],[-67.82198,9.94321],[-67.82188,9.9432],[-67.82181,9.94317],[-67.82173,9.94313],[-67.8216,9.94303],[-67.82143,9.94279],[-67.82111,9.94231],[-67.82082,9.94182],[-67.82072,9.94168],[-67.82061,9.94156],[-67.82048,9.94146],[-67.82037,9.94137],[-67.82025,9.94131],[-67.82009,9.94121],[-67.82,9.94115],[-67.81993,9.94106],[-67.81985,9.94093],[-67.81979,9.9408],[-67.81968,9.9406],[-67.81963,9.94052],[-67.81955,9.94044],[-67.8191,9.94011],[-67.81899,9.94007],[-67.81876,9.94005],[-67.81862,9.94003],[-67.81849,9.93998],[-67.81831,9.93989],[-67.81818,9.93981],[-67.81808,9.93973],[-67.81799,9.93962],[-67.81792,9.93953],[-67.81781,9.93944],[-67.8177,9.93938],[-67.81754,9.93935],[-67.8174,9.93933],[-67.81727,9.93931],[-67.81703,9.93924],[-67.81692,9.93921],[-67.81683,9.9392],[-67.81672,9.93922],[-67.81663,9.93925],[-67.81655,9.93928],[-67.81645,9.9393],[-67.81636,9.93929],[-67.81627,9.93929],[-67.81618,9.9393],[-67.81607,9.93934],[-67.81594,9.93941],[-67.81581,9.93944],[-67.81571,9.93943],[-67.81562,9.93938],[-67.81554,9.9393],[-67.81545,9.93919],[-67.81534,9.93907],[-67.81518,9.9389],[-67.815,9.93869],[-67.81457,9.9389],[-67.81437,9.93898],[-67.8139,9.93913],[-67.81312,9.93932],[-67.81282,9.93938],[-67.81247,9.93933],[-67.81208,9.9392],[-67.81152,9.93899],[-67.81095,9.93879],[-67.81065,9.93872],[-67.81031,9.93867],[-67.81002,9.93865],[-67.8097,9.93862],[-67.80947,9.93857],[-67.80925,9.93851],[-67.80911,9.93845],[-67.80898,9.93836],[-67.80882,9.93822],[-67.80846,9.93789],[-67.80804,9.93754],[-67.80775,9.93735],[-67.8074,9.93716],[-67.80722,9.93712],[-67.80695,9.93711],[-67.8066,9.93713],[-67.80655,9.93678],[-67.80653,9.93654],[-67.80653,9.93616],[-67.80653,9.93584],[-67.80651,9.93568],[-67.80647,9.93546],[-67.80639,9.93526],[-67.80628,9.93501],[-67.80616,9.93488],[-67.80605,9.9348],[-67.80556,9.93455],[-67.80529,9.93442],[-67.80513,9.93433],[-67.80492,9.93425],[-67.80465,9.93414],[-67.80446,9.93405],[-67.8044,9.934],[-67.80437,9.93395],[-67.80434,9.93388],[-67.80433,9.93379],[-67.80436,9.93366],[-67.80437,9.93357],[-67.80437,9.93347],[-67.80434,9.93339],[-67.80427,9.93323],[-67.80419,9.93298],[-67.80417,9.93284],[-67.80415,9.93267],[-67.80414,9.93254],[-67.80413,9.93232],[-67.80413,9.93203],[-67.80414,9.93187],[-67.80419,9.93173],[-67.80426,9.93157],[-67.80432,9.93142],[-67.80435,9.93125],[-67.80434,9.93114],[-67.80432,9.93105],[-67.80428,9.93095],[-67.80424,9.93084],[-67.80421,9.93074],[-67.80414,9.93055],[-67.80398,9.92996],[-67.8041,9.92984],[-67.80425,9.92971],[-67.80451,9.9295],[-67.80497,9.92904],[-67.80536,9.92863],[-67.80568,9.92828],[-67.80597,9.92793],[-67.80627,9.92728],[-67.8064,9.927],[-67.80657,9.92671],[-67.80675,9.92635],[-67.80695,9.92589],[-67.80689,9.9255],[-67.80686,9.92533],[-67.80684,9.92516],[-67.80687,9.9249],[-67.80695,9.92454],[-67.80704,9.92428],[-67.80715,9.92403],[-67.8072,9.9239],[-67.80728,9.92376],[-67.80734,9.92362],[-67.8074,9.9234],[-67.80745,9.92315],[-67.80751,9.92286],[-67.80755,9.92273],[-67.80758,9.92265],[-67.80765,9.92255],[-67.80774,9.92247],[-67.80785,9.92238],[-67.808,9.92221],[-67.80813,9.92201],[-67.8082,9.92187],[-67.80833,9.92158],[-67.80845,9.92131],[-67.80852,9.92112],[-67.80857,9.92099],[-67.80859,9.92087],[-67.8086,9.92074],[-67.80862,9.92065],[-67.80866,9.92054],[-67.80872,9.92044],[-67.8088,9.92036],[-67.80889,9.92028],[-67.80906,9.92016],[-67.80915,9.92007],[-67.80921,9.91997],[-67.80926,9.91986],[-67.80932,9.91974],[-67.80942,9.91961],[-67.80952,9.91946],[-67.80954,9.91937],[-67.80957,9.91924],[-67.8096,9.91914],[-67.80966,9.91904],[-67.80975,9.91898],[-67.80989,9.91893],[-67.81003,9.91889],[-67.81031,9.91876],[-67.81027,9.91847],[-67.81025,9.91836],[-67.81022,9.91824],[-67.8102,9.91812],[-67.81019,9.918],[-67.81021,9.91791],[-67.81025,9.91781],[-67.81032,9.91773],[-67.81037,9.91768],[-67.81041,9.91761],[-67.81043,9.91751],[-67.81046,9.91723],[-67.81046,9.91704],[-67.81044,9.9169],[-67.8104,9.91672],[-67.81032,9.91643],[-67.81028,9.91621],[-67.81027,9.91613],[-67.81027,9.91606],[-67.8103,9.91596],[-67.81037,9.91587],[-67.81044,9.91578],[-67.81051,9.91569],[-67.81057,9.9156],[-67.81061,9.91551],[-67.81064,9.91539],[-67.81068,9.91522],[-67.81068,9.91515],[-67.81071,9.91505],[-67.81077,9.91494],[-67.81087,9.91477],[-67.81117,9.9144],[-67.81144,9.91411],[-67.81174,9.9138],[-67.81183,9.91368],[-67.81196,9.91348],[-67.81221,9.91306],[-67.81241,9.91276],[-67.81214,9.91238],[-67.81201,9.91221],[-67.81193,9.91213],[-67.81179,9.91203],[-67.81162,9.91184],[-67.81153,9.91171],[-67.81143,9.91156],[-67.81136,9.91135],[-67.81127,9.91115],[-67.81119,9.91077],[-67.81114,9.91059],[-67.81109,9.91041],[-67.81105,9.91015],[-67.81102,9.91001],[-67.811,9.9099],[-67.81096,9.90977],[-67.81093,9.90961],[-67.81089,9.90934],[-67.81085,9.90902],[-67.81081,9.90881],[-67.81079,9.90863],[-67.81074,9.90824],[-67.8107,9.90805],[-67.81065,9.90791],[-67.81054,9.90767],[-67.81033,9.90718],[-67.81,9.90646],[-67.80975,9.90597],[-67.80967,9.90573],[-67.80964,9.90563],[-67.80964,9.90553],[-67.80967,9.90543],[-67.80975,9.90531],[-67.8098,9.90523],[-67.80985,9.90513],[-67.80985,9.90505],[-67.80984,9.90486],[-67.80984,9.90447],[-67.80986,9.90432],[-67.80989,9.90419],[-67.80995,9.90398],[-67.81003,9.9037],[-67.81006,9.90355],[-67.81006,9.90343],[-67.81001,9.90328],[-67.80999,9.90324],[-67.80993,9.90312],[-67.80989,9.903],[-67.80985,9.90286],[-67.80984,9.90267],[-67.80981,9.90256],[-67.80976,9.90246],[-67.8097,9.90239],[-67.80958,9.90232],[-67.80917,9.90205],[-67.80905,9.90168],[-67.80901,9.90156],[-67.80898,9.90141],[-67.80897,9.90128],[-67.80899,9.90114],[-67.80904,9.90094],[-67.8091,9.90062],[-67.80917,9.90027],[-67.80935,9.89974],[-67.80941,9.89957],[-67.80945,9.89948],[-67.80953,9.89937],[-67.80967,9.89923],[-67.80979,9.89911],[-67.80992,9.89898],[-67.81,9.89887],[-67.8101,9.89872],[-67.8102,9.89853],[-67.81022,9.89843],[-67.81024,9.89829],[-67.81024,9.89817],[-67.8102,9.89798],[-67.81019,9.89785],[-67.81021,9.89774],[-67.81034,9.89756],[-67.81061,9.89718],[-67.81074,9.89696],[-67.8108,9.8965],[-67.81082,9.89636],[-67.81085,9.89625],[-67.81091,9.89616],[-67.81103,9.89602],[-67.81119,9.89585],[-67.81133,9.89566],[-67.8114,9.89554],[-67.81146,9.89539],[-67.81155,9.89523],[-67.81161,9.89508],[-67.81168,9.89496],[-67.81174,9.89487],[-67.81181,9.89478],[-67.81192,9.89471],[-67.81203,9.89464],[-67.81246,9.89431],[-67.81263,9.89417],[-67.81271,9.89408],[-67.8128,9.89395],[-67.81285,9.89383],[-67.81289,9.89369],[-67.81292,9.89356],[-67.81292,9.89343],[-67.81291,9.89332],[-67.81294,9.89322],[-67.81302,9.89308],[-67.81315,9.89291],[-67.81324,9.89274],[-67.8133,9.89258],[-67.81338,9.89232],[-67.81342,9.89216],[-67.81346,9.89205],[-67.81354,9.89193],[-67.81364,9.89183],[-67.81375,9.89172],[-67.8139,9.89161],[-67.81399,9.89152],[-67.81407,9.89142],[-67.81416,9.89127],[-67.81425,9.89107],[-67.81431,9.89087],[-67.81437,9.89064],[-67.81446,9.89028],[-67.81436,9.89014],[-67.81426,9.88997],[-67.81416,9.88981],[-67.81413,9.88968],[-67.81412,9.88956],[-67.8141,9.88924],[-67.81408,9.88911],[-67.81404,9.88898],[-67.81398,9.88889],[-67.8139,9.8888],[-67.81383,9.88869],[-67.81374,9.88855],[-67.81349,9.88833],[-67.81353,9.88815],[-67.81357,9.88796],[-67.81358,9.88778],[-67.81358,9.88761],[-67.81365,9.88734],[-67.81376,9.88717],[-67.81387,9.88684],[-67.81392,9.88668],[-67.81393,9.88654],[-67.81388,9.8863],[-67.81382,9.88614],[-67.81375,9.88601],[-67.81368,9.8859],[-67.81353,9.88572],[-67.8133,9.88549],[-67.81333,9.88529],[-67.81337,9.88516],[-67.8134,9.88505],[-67.81342,9.88487],[-67.81343,9.88479],[-67.81343,9.88467],[-67.81342,9.88455],[-67.81339,9.88428],[-67.81337,9.88404],[-67.81335,9.88372],[-67.81334,9.88363],[-67.81336,9.88354],[-67.81337,9.88345],[-67.8134,9.88334],[-67.81342,9.88323],[-67.81339,9.88305],[-67.81338,9.88276],[-67.81335,9.88242],[-67.81336,9.88222],[-67.81338,9.88178],[-67.81343,9.88142],[-67.81348,9.88125],[-67.8134,9.88116],[-67.81327,9.88099],[-67.8132,9.88088],[-67.81314,9.88077],[-67.81295,9.87995],[-67.81291,9.87978],[-67.8129,9.87966],[-67.81292,9.87951],[-67.81297,9.87937],[-67.81313,9.87908],[-67.81325,9.87901],[-67.81332,9.87893],[-67.81348,9.87866],[-67.81364,9.8783],[-67.81374,9.87813],[-67.81382,9.87797],[-67.81386,9.87787],[-67.81391,9.87776],[-67.81399,9.87765],[-67.8143,9.87717],[-67.81436,9.87706],[-67.8144,9.87695],[-67.81443,9.87682],[-67.81449,9.87663],[-67.81454,9.87652],[-67.81458,9.87641],[-67.81465,9.87629],[-67.81479,9.8761],[-67.81504,9.87573],[-67.81506,9.87551],[-67.81509,9.87531],[-67.81511,9.8751],[-67.8151,9.87492],[-67.81508,9.87477],[-67.81508,9.87469],[-67.81508,9.87455],[-67.8151,9.87444],[-67.81513,9.87431],[-67.81517,9.87419],[-67.8152,9.87407],[-67.81521,9.87396],[-67.81519,9.87366],[-67.81519,9.87356],[-67.81521,9.87344],[-67.81525,9.87331],[-67.81543,9.87301],[-67.81532,9.87279],[-67.81525,9.87266],[-67.81514,9.87249],[-67.81507,9.87236],[-67.81502,9.87223],[-67.81492,9.87196],[-67.81486,9.87185],[-67.8148,9.87172],[-67.81476,9.8716],[-67.81475,9.8715],[-67.81475,9.8713],[-67.81478,9.87114],[-67.81482,9.87081],[-67.81481,9.87067],[-67.81478,9.87048],[-67.81473,9.87027],[-67.8147,9.87018],[-67.81463,9.87008],[-67.81446,9.86984],[-67.81428,9.86951],[-67.81407,9.86915],[-67.81385,9.86874],[-67.81373,9.86854],[-67.81358,9.8683],[-67.81336,9.86799],[-67.81323,9.86779],[-67.81308,9.86759],[-67.81301,9.86749],[-67.81296,9.86739],[-67.81292,9.86725],[-67.81287,9.86704],[-67.8128,9.86686],[-67.81274,9.86675],[-67.81267,9.86661],[-67.8126,9.86642],[-67.81252,9.86626],[-67.81237,9.86606],[-67.8123,9.86595],[-67.81226,9.86586],[-67.81223,9.86574],[-67.81224,9.86555],[-67.8121,9.86545],[-67.81201,9.86538],[-67.81184,9.86526],[-67.81176,9.86518],[-67.8117,9.8651],[-67.81167,9.86499],[-67.81169,9.86485],[-67.81177,9.86454],[-67.81165,9.86443],[-67.81152,9.86432],[-67.81136,9.86416],[-67.81111,9.86377],[-67.81099,9.86356],[-67.81093,9.86345],[-67.81087,9.86325],[-67.8108,9.86299],[-67.81077,9.86288],[-67.81066,9.86269],[-67.81051,9.86247],[-67.81015,9.86199],[-67.81,9.86174],[-67.80978,9.86144],[-67.80952,9.86116],[-67.80923,9.86091],[-67.80911,9.86078],[-67.80894,9.8606],[-67.80872,9.86027],[-67.80864,9.86014],[-67.80859,9.85999],[-67.80845,9.85972],[-67.80833,9.85954],[-67.80814,9.85926],[-67.80791,9.85897],[-67.80786,9.85888],[-67.80775,9.85876],[-67.8076,9.85864],[-67.80741,9.85853],[-67.80731,9.85847],[-67.80724,9.85843],[-67.80715,9.8584],[-67.80635,9.85779],[-67.80599,9.8573],[-67.80597,9.85605],[-67.80635,9.85481],[-67.80612,9.85415],[-67.80558,9.85343],[-67.80442,9.85267],[-67.80399,9.85189],[-67.80451,9.8514],[-67.80429,9.85089],[-67.80427,9.84986],[-67.80466,9.84878],[-67.80502,9.84802],[-67.80709,9.84854],[-67.80871,9.84773],[-67.81092,9.84588],[-67.81105,9.8446],[-67.8116,9.84386],[-67.81266,9.84286],[-67.81403,9.8422],[-67.81542,9.8421],[-67.81643,9.8416],[-67.81745,9.84098],[-67.81801,9.84091],[-67.81956,9.84091],[-67.8213,9.84094],[-67.82219,9.84155],[-67.82324,9.84125],[-67.82449,9.84114],[-67.82823,9.84007],[-67.82939,9.83777],[-67.83044,9.83732],[-67.83323,9.83549],[-67.83842,9.83615],[-67.8387,9.83594],[-67.83916,9.83563],[-67.83949,9.83539],[-67.84043,9.83554],[-67.84065,9.83558],[-67.84085,9.8356],[-67.84108,9.83559],[-67.84118,9.83557],[-67.84128,9.83557],[-67.84141,9.83559],[-67.84152,9.83563],[-67.84165,9.83571],[-67.84182,9.83581],[-67.84202,9.83593],[-67.8422,9.83608],[-67.8423,9.83614],[-67.84241,9.8362],[-67.84248,9.83623],[-67.84255,9.83627],[-67.84267,9.83643],[-67.84291,9.83626],[-67.84304,9.83617],[-67.84321,9.83606],[-67.84336,9.836],[-67.84359,9.83593],[-67.84369,9.83591],[-67.84378,9.83591],[-67.84389,9.83593],[-67.84398,9.83596],[-67.84409,9.83602],[-67.84417,9.83604],[-67.8443,9.83605],[-67.84443,9.83602],[-67.84452,9.83598],[-67.8446,9.83589],[-67.84463,9.83579],[-67.84464,9.83571],[-67.84464,9.83561],[-67.84464,9.83553],[-67.84467,9.83544],[-67.84472,9.83537],[-67.8448,9.83533],[-67.84489,9.8353],[-67.84499,9.83528],[-67.84517,9.83524],[-67.8453,9.83519],[-67.84543,9.83512],[-67.84558,9.83505],[-67.84579,9.83503],[-67.84595,9.83502],[-67.84606,9.83503],[-67.84619,9.83507],[-67.84631,9.83512],[-67.84643,9.8352],[-67.84656,9.83527],[-67.84668,9.8353],[-67.84683,9.83532],[-67.84698,9.83535],[-67.84715,9.83539],[-67.84738,9.83545],[-67.84779,9.83555],[-67.84795,9.83569],[-67.84802,9.83579],[-67.84809,9.83584],[-67.84819,9.83588],[-67.8483,9.83592],[-67.84851,9.83593],[-67.849,9.83597],[-67.84967,9.83581],[-67.85083,9.83595],[-67.85221,9.83609],[-67.85321,9.83704],[-67.85395,9.83654],[-67.85615,9.83594],[-67.85785,9.83618],[-67.85943,9.83704],[-67.8603,9.83771],[-67.86125,9.83766],[-67.86252,9.83844],[-67.86422,9.83825],[-67.86427,9.83812],[-67.86433,9.83801],[-67.86439,9.83793],[-67.86444,9.83785],[-67.86448,9.83773],[-67.86454,9.83763],[-67.86462,9.83756],[-67.86473,9.83749],[-67.86485,9.83744],[-67.86497,9.83741],[-67.86507,9.83739],[-67.86515,9.83737],[-67.8652,9.83732],[-67.8653,9.83723],[-67.86538,9.83714],[-67.86546,9.83703],[-67.86556,9.83694],[-67.86575,9.83682],[-67.86601,9.83662],[-67.86612,9.83628],[-67.86616,9.8361],[-67.86621,9.83585],[-67.86622,9.8357],[-67.86622,9.83556],[-67.86623,9.83544],[-67.86626,9.83525],[-67.86633,9.83495],[-67.86659,9.83497],[-67.86676,9.83495],[-67.86693,9.8349],[-67.86704,9.83486],[-67.86714,9.83483],[-67.86725,9.83481],[-67.86735,9.83481],[-67.86755,9.83491],[-67.86762,9.83492],[-67.86783,9.83491],[-67.86822,9.83489],[-67.86864,9.8349],[-67.86877,9.83491],[-67.86894,9.83495],[-67.8691,9.835],[-67.86931,9.83507],[-67.86943,9.83512],[-67.86971,9.83523],[-67.8699,9.83529],[-67.87009,9.83533],[-67.87075,9.83546],[-67.87172,9.83556],[-67.8722,9.83559],[-67.87233,9.83559],[-67.87242,9.83558],[-67.8725,9.83556],[-67.87258,9.83554],[-67.87307,9.83533],[-67.87356,9.83507],[-67.87381,9.83498],[-67.87404,9.83491],[-67.87464,9.8348],[-67.875,9.83471],[-67.87538,9.83461],[-67.87555,9.83456],[-67.87569,9.83455],[-67.87586,9.83456],[-67.8763,9.83462],[-67.87643,9.83464],[-67.87656,9.83464],[-67.87665,9.83462],[-67.87685,9.83456],[-67.87712,9.8345],[-67.87737,9.83443],[-67.87765,9.83429],[-67.87776,9.83423],[-67.87789,9.83415],[-67.878,9.83405],[-67.87816,9.83388],[-67.87838,9.83387],[-67.87858,9.83384],[-67.87873,9.83381],[-67.87888,9.83375],[-67.87917,9.83366],[-67.8797,9.83345],[-67.88014,9.83322],[-67.88026,9.83316],[-67.88043,9.83312],[-67.88074,9.83306],[-67.88102,9.83312],[-67.8813,9.83319],[-67.88155,9.83299],[-67.88177,9.83285],[-67.88191,9.83272],[-67.8821,9.83251],[-67.88219,9.83245],[-67.88227,9.83236],[-67.88237,9.83218],[-67.88253,9.83192],[-67.88261,9.8318],[-67.88269,9.83171],[-67.88281,9.83162],[-67.88293,9.83155],[-67.88304,9.83142],[-67.88362,9.83079],[-67.88401,9.83043],[-67.88433,9.8302],[-67.88459,9.82996],[-67.88492,9.82967],[-67.88541,9.82926],[-67.88546,9.82921],[-67.88554,9.82911],[-67.88561,9.829],[-67.88569,9.82888],[-67.88579,9.82879],[-67.88593,9.82868],[-67.8862,9.82854],[-67.88629,9.82843],[-67.88643,9.82819],[-67.8865,9.82803],[-67.88657,9.8278],[-67.88678,9.82769],[-67.88697,9.8276],[-67.88723,9.82743],[-67.88745,9.82729],[-67.88774,9.82719],[-67.88794,9.82715],[-67.88987,9.82592],[-67.89072,9.82433],[-67.89164,9.82401],[-67.89191,9.82384],[-67.8923,9.82356],[-67.89255,9.8232],[-67.89307,9.8231],[-67.89328,9.82309],[-67.89341,9.8231],[-67.89387,9.82318],[-67.89418,9.82322],[-67.89438,9.82322],[-67.89501,9.82315],[-67.89522,9.8231],[-67.89547,9.82302],[-67.89622,9.82278],[-67.89663,9.8227],[-67.89696,9.82262],[-67.89716,9.8226],[-67.89735,9.82256],[-67.89757,9.82251],[-67.89783,9.82242],[-67.89813,9.8223],[-67.89822,9.82225],[-67.8983,9.82219],[-67.89841,9.82209],[-67.89855,9.82195],[-67.89866,9.82184],[-67.89876,9.82177],[-67.89888,9.82174],[-67.89914,9.82167],[-67.89977,9.82147],[-67.89994,9.8214],[-67.90009,9.82132],[-67.90026,9.82121],[-67.90038,9.82116],[-67.90061,9.82109],[-67.90101,9.82101],[-67.9011,9.82099],[-67.90119,9.82096],[-67.90131,9.82089],[-67.90144,9.8208],[-67.90156,9.82071],[-67.90199,9.82052],[-67.90214,9.82045],[-67.90225,9.82038],[-67.90249,9.82013],[-67.90267,9.82001],[-67.90283,9.8199],[-67.90294,9.81983],[-67.90308,9.81979],[-67.90377,9.81972],[-67.90403,9.81968],[-67.90426,9.81962],[-67.90474,9.81943],[-67.90512,9.8193],[-67.90568,9.81913],[-67.90584,9.81907],[-67.90595,9.819],[-67.90606,9.81889],[-67.90617,9.81874],[-67.90624,9.81863],[-67.90632,9.81853],[-67.90647,9.81843],[-67.90673,9.81827],[-67.90698,9.8181],[-67.90709,9.81785],[-67.90714,9.81745],[-67.90715,9.81715],[-67.90718,9.81702],[-67.90727,9.81681],[-67.9074,9.81666],[-67.90755,9.81641],[-67.90763,9.81626],[-67.90767,9.81612],[-67.90773,9.8159],[-67.90793,9.81562],[-67.90821,9.81529],[-67.9088,9.81513],[-67.90894,9.81509],[-67.90905,9.81504],[-67.90924,9.8149],[-67.90939,9.81478],[-67.90949,9.81467],[-67.90953,9.81459],[-67.9096,9.81445],[-67.90964,9.81436],[-67.90974,9.81422],[-67.9099,9.81398],[-67.91016,9.81368],[-67.91057,9.81337],[-67.91069,9.81338],[-67.91097,9.81342],[-67.91114,9.81344],[-67.91131,9.81344],[-67.91153,9.8134],[-67.91191,9.81332],[-67.91209,9.81328],[-67.91231,9.81323],[-67.91255,9.81318],[-67.91283,9.81316],[-67.91302,9.81314],[-67.91347,9.81302],[-67.91362,9.81298],[-67.91376,9.81295],[-67.9139,9.81295],[-67.91399,9.81295],[-67.91408,9.81294],[-67.91418,9.81289],[-67.91446,9.81266],[-67.91545,9.81243],[-67.91621,9.81228],[-67.91728,9.81148],[-67.91877,9.81173],[-67.91988,9.81246],[-67.9252,9.8128],[-67.928,9.81449],[-67.92979,9.81669],[-67.93186,9.81901],[-67.93581,9.81983],[-67.93609,9.81992],[-67.93618,9.81997],[-67.9363,9.82001],[-67.93638,9.82004],[-67.93653,9.82007],[-67.93667,9.8201],[-67.9368,9.82015],[-67.93686,9.82019],[-67.93692,9.82025],[-67.93701,9.82036],[-67.93711,9.82041],[-67.93719,9.82046],[-67.93725,9.82052],[-67.9373,9.82061],[-67.93761,9.8206],[-67.93767,9.82061],[-67.93774,9.82064],[-67.93779,9.82068],[-67.93789,9.82075],[-67.93801,9.82082],[-67.93811,9.82087],[-67.9382,9.82089],[-67.93831,9.82093],[-67.93844,9.82096],[-67.93861,9.82097],[-67.93868,9.82105],[-67.93879,9.82106],[-67.93894,9.82106],[-67.93903,9.82105],[-67.93921,9.82098],[-67.93934,9.82094],[-67.93944,9.8209],[-67.93953,9.82084],[-67.93968,9.82076],[-67.94124,9.82134],[-67.94257,9.82205],[-67.94311,9.82248],[-67.94374,9.82214],[-67.94516,9.8224],[-67.94608,9.82386],[-67.94797,9.82494],[-67.9498,9.82577],[-67.9506,9.82632],[-67.95181,9.82785],[-67.95245,9.82801],[-67.95347,9.82882],[-67.95414,9.82911],[-67.95507,9.83033],[-67.95674,9.8302],[-67.95973,9.83037],[-67.96228,9.83039],[-67.9648,9.83005],[-67.96656,9.82967],[-67.96664,9.82956],[-67.96674,9.82947],[-67.96681,9.82939],[-67.96689,9.82934],[-67.967,9.82929],[-67.96714,9.82929],[-67.96761,9.82935],[-67.96797,9.82944],[-67.96807,9.8295],[-67.96817,9.82957],[-67.96817,9.82917],[-67.96842,9.82906],[-67.96883,9.8289],[-67.96934,9.8287],[-67.97199,9.82838],[-67.97352,9.82811],[-67.97447,9.82722],[-67.97582,9.82664],[-67.9774,9.82703],[-67.97837,9.82779],[-67.97946,9.82856],[-67.98119,9.82976],[-67.98293,9.83048],[-67.98373,9.83026],[-67.98474,9.83039],[-67.98509,9.83029],[-67.98547,9.83022],[-67.98577,9.83021],[-67.98607,9.83022],[-67.98623,9.83021],[-67.98641,9.83015],[-67.98658,9.83006],[-67.9867,9.82998],[-67.98686,9.82984],[-67.98695,9.82976],[-67.98716,9.82967],[-67.98756,9.82955],[-67.98873,9.829],[-67.98895,9.82886],[-67.98917,9.82877],[-67.98934,9.82875],[-67.98946,9.82873],[-67.98973,9.8287],[-67.98991,9.82864],[-67.99017,9.82862],[-67.99029,9.82852],[-67.99038,9.82847],[-67.99052,9.82846],[-67.99067,9.82846],[-67.99083,9.82842],[-67.99096,9.82835],[-67.99108,9.82825],[-67.99118,9.82817],[-67.99128,9.82812],[-67.9914,9.82811],[-67.9916,9.82814],[-67.99173,9.82818],[-67.99193,9.82827],[-67.99215,9.82834],[-67.99239,9.8284],[-67.99285,9.82845],[-67.9932,9.82845],[-67.99396,9.82831],[-67.99421,9.82835],[-67.99453,9.82846],[-67.99506,9.82854],[-67.99533,9.82857],[-67.99564,9.82867],[-67.99599,9.82875],[-67.99631,9.82888],[-67.99676,9.82913],[-67.99726,9.82937],[-67.99749,9.82948],[-67.9977,9.8296],[-67.99793,9.82971],[-67.9981,9.82986],[-67.99821,9.82993],[-67.99853,9.83024],[-67.99882,9.83055],[-67.9991,9.83081],[-67.99931,9.8309],[-67.9996,9.83097],[-67.99991,9.83094],[-68.00014,9.83097],[-68.0004,9.83097],[-68.00068,9.83097],[-68.00097,9.83096],[-68.00109,9.83095],[-68.0013,9.83098],[-68.00152,9.83093],[-68.00175,9.83087],[-68.00187,9.83084],[-68.00199,9.83079],[-68.00209,9.83078],[-68.00233,9.8307],[-68.00342,9.8308],[-68.00422,9.83095],[-68.00543,9.83118],[-68.00582,9.83152],[-68.00601,9.83196],[-68.00616,9.83242],[-68.00637,9.83272],[-68.00678,9.8332],[-68.00702,9.83375],[-68.00753,9.83516],[-68.00823,9.83644],[-68.00834,9.83669],[-68.00825,9.83755],[-68.00837,9.83906],[-68.00821,9.84008],[-68.00827,9.84064],[-68.00863,9.84084],[-68.00885,9.84123],[-68.00886,9.84132],[-68.00889,9.84137],[-68.00892,9.84141],[-68.00904,9.84156],[-68.00923,9.84182],[-68.00927,9.84192],[-68.00934,9.84201],[-68.00949,9.84221],[-68.00963,9.84261],[-68.0099,9.84291],[-68.01031,9.84308],[-68.01057,9.84318],[-68.01119,9.84338],[-68.01182,9.84368],[-68.01226,9.84393],[-68.01256,9.84418],[-68.01273,9.84435],[-68.01285,9.84454],[-68.01318,9.84508],[-68.01323,9.84526],[-68.01338,9.8455],[-68.0134,9.84571],[-68.01344,9.84586],[-68.01355,9.84634],[-68.01365,9.84672],[-68.01401,9.84731],[-68.01415,9.84772],[-68.01446,9.84942],[-68.01445,9.85161],[-68.0145,9.85317],[-68.01436,9.85481],[-68.01427,9.85567],[-68.01432,9.85726],[-68.01442,9.8578],[-68.01448,9.85903],[-68.0149,9.86062],[-68.01505,9.8618],[-68.01505,9.86258],[-68.01368,9.86356],[-68.01199,9.86427],[-68.01078,9.86594],[-68.00983,9.86761],[-68.00904,9.86939],[-68.00836,9.87036],[-68.0065,9.87048],[-68.00582,9.8731],[-68.00429,9.87568],[-68.00379,9.88042],[-68.00427,9.8817],[-68.00537,9.88152],[-68.00581,9.88021],[-68.00616,9.87909],[-68.00603,9.87746],[-68.00796,9.87349],[-68.00901,9.87307],[-68.01088,9.87224],[-68.01202,9.8704],[-68.01414,9.87043],[-68.0149,9.87066],[-68.01641,9.87082],[-68.01812,9.86973],[-68.021,9.86712],[-68.02218,9.86641],[-68.02439,9.86586],[-68.02587,9.86611],[-68.02747,9.86576],[-68.03386,9.8626],[-68.0361,9.8621],[-68.03754,9.86107],[-68.03846,9.86082],[-68.03907,9.86054],[-68.03959,9.86042],[-68.04013,9.8606],[-68.04232,9.86193],[-68.0434,9.86213],[-68.04438,9.8619],[-68.04528,9.86129],[-68.04639,9.8609],[-68.04732,9.86071],[-68.04867,9.86145],[-68.05083,9.86239],[-68.05319,9.86174],[-68.05587,9.86025],[-68.05912,9.85907],[-68.06142,9.86044],[-68.06307,9.86096],[-68.0647,9.86142],[-68.06677,9.86127],[-68.06862,9.86017],[-68.06977,9.8597],[-68.07051,9.85908],[-68.07142,9.85827],[-68.07156,9.85809],[-68.07199,9.85774],[-68.07239,9.85757],[-68.07309,9.85733],[-68.07354,9.85708],[-68.07406,9.85674],[-68.07443,9.85646],[-68.07511,9.85606],[-68.07556,9.85594],[-68.07601,9.85576],[-68.0764,9.85568],[-68.07696,9.85542],[-68.07765,9.85529],[-68.07853,9.85487],[-68.07996,9.85315],[-68.08065,9.85222],[-68.0815,9.851],[-68.08269,9.8504],[-68.08302,9.84935],[-68.08228,9.8484],[-68.08222,9.84696],[-68.08251,9.84504],[-68.08363,9.84476],[-68.08512,9.84459],[-68.08591,9.84393],[-68.08594,9.84335],[-68.08579,9.84292],[-68.08595,9.84259],[-68.08646,9.84161],[-68.09073,9.84113],[-68.09337,9.83945],[-68.09417,9.83909],[-68.09747,9.8388],[-68.10071,9.8378],[-68.10332,9.83773],[-68.10447,9.83823],[-68.10735,9.83762],[-68.11,9.83635],[-68.11171,9.83622],[-68.11435,9.83639],[-68.11706,9.83597],[-68.11818,9.8365],[-68.11887,9.83736],[-68.11936,9.83953],[-68.11988,9.84127],[-68.12073,9.84289],[-68.12014,9.84485],[-68.12145,9.84738],[-68.12346,9.84801],[-68.12541,9.84837],[-68.12651,9.84932],[-68.1265,9.85032],[-68.12685,9.85302],[-68.12585,9.85548],[-68.12362,9.85919],[-68.12373,9.86047],[-68.12598,9.86207],[-68.12793,9.86176],[-68.1278,9.86181],[-68.12769,9.86188],[-68.1276,9.86197],[-68.12748,9.86211],[-68.12742,9.86223],[-68.12737,9.86239],[-68.12734,9.86256],[-68.1273,9.8631],[-68.12731,9.86329],[-68.12734,9.86359],[-68.12741,9.86395],[-68.12744,9.86415],[-68.12744,9.86424],[-68.12741,9.86434],[-68.12734,9.86444],[-68.12726,9.86453],[-68.12715,9.8646],[-68.12702,9.86466],[-68.12682,9.86475],[-68.12655,9.86485],[-68.12642,9.86494],[-68.12636,9.865],[-68.1263,9.8651],[-68.12629,9.86519],[-68.12629,9.86529],[-68.12633,9.86562],[-68.12639,9.86601],[-68.12648,9.86638],[-68.12655,9.86658],[-68.12665,9.86671],[-68.12683,9.86692],[-68.12697,9.86707],[-68.12706,9.86718],[-68.12714,9.86729],[-68.12723,9.86753],[-68.12728,9.8677],[-68.12729,9.86787],[-68.12726,9.86806],[-68.12718,9.8682],[-68.12704,9.86833],[-68.12686,9.86848],[-68.12679,9.8686],[-68.12674,9.86874],[-68.12673,9.86891],[-68.12675,9.86918],[-68.1268,9.8694],[-68.12688,9.86959],[-68.127,9.8698],[-68.12715,9.87007],[-68.12731,9.8703],[-68.12748,9.87047],[-68.12772,9.87064],[-68.12793,9.87079],[-68.12802,9.87089],[-68.12807,9.87098],[-68.1281,9.8711],[-68.1281,9.87119],[-68.12806,9.8713],[-68.12801,9.87142],[-68.12797,9.87154],[-68.12782,9.87272],[-68.12763,9.87409],[-68.12837,9.87606],[-68.12958,9.87636],[-68.13083,9.88069],[-68.13353,9.88415],[-68.12627,9.88548],[-68.12645,9.88798],[-68.12647,9.88849],[-68.12639,9.88879],[-68.12621,9.88904],[-68.12596,9.88919],[-68.12562,9.88927],[-68.12524,9.88928],[-68.12479,9.88928],[-68.12436,9.88929],[-68.12396,9.88938],[-68.12273,9.88975],[-68.12178,9.89017],[-68.12126,9.89036],[-68.12073,9.89054],[-68.12007,9.89063],[-68.11957,9.89056],[-68.11916,9.89041],[-68.1189,9.89024],[-68.11679,9.88862],[-68.10343,9.88739],[-68.08572,9.89612],[-68.08393,9.89655],[-68.08227,9.89623],[-68.08094,9.89559],[-68.08028,9.89439],[-68.07937,9.89476],[-68.07889,9.89428],[-68.07836,9.89461],[-68.07729,9.89449],[-68.07623,9.89504],[-68.07556,9.89601],[-68.07412,9.8963],[-68.07171,9.89641],[-68.06955,9.89761],[-68.06804,9.89987],[-68.06667,9.90325],[-68.06535,9.90401],[-68.06478,9.90509],[-68.06298,9.90543],[-68.06091,9.90584],[-68.0609,9.90714],[-68.05986,9.90788],[-68.05641,9.90815],[-68.05506,9.90917],[-68.05464,9.91086],[-68.05514,9.91225],[-68.05545,9.91327],[-68.0534,9.91395],[-68.05214,9.91381],[-68.04964,9.91358],[-68.04715,9.91457],[-68.04549,9.91756],[-68.04448,9.9225],[-68.04305,9.92842],[-68.04208,9.93038],[-68.03878,9.93242],[-68.03606,9.9354],[-68.03259,9.93835],[-68.03254,9.93837],[-68.03252,9.93843],[-68.03252,9.93848],[-68.03251,9.93854],[-68.03249,9.93858],[-68.03245,9.93862],[-68.03241,9.93865],[-68.03235,9.93867],[-68.0323,9.93865],[-68.03225,9.93863],[-68.0322,9.9386],[-68.03215,9.93857],[-68.03212,9.93853],[-68.03207,9.9385],[-68.03197,9.93844],[-68.03192,9.93843],[-68.03187,9.93842],[-68.03174,9.93845],[-68.03169,9.93847],[-68.03165,9.9385],[-68.0316,9.93854],[-68.03155,9.93857],[-68.03151,9.9386],[-68.03147,9.93865],[-68.03144,9.9387],[-68.03141,9.93875],[-68.03139,9.93881],[-68.03137,9.93885],[-68.03135,9.9389],[-68.03131,9.93895],[-68.03127,9.93898],[-68.03122,9.93902],[-68.03118,9.93905],[-68.03114,9.93907],[-68.03109,9.93908],[-68.03097,9.93908],[-68.03092,9.93908],[-68.03087,9.9391],[-68.03083,9.93913],[-68.03079,9.93917],[-68.03079,9.93923],[-68.0308,9.93928],[-68.03084,9.9394],[-68.03087,9.93945],[-68.03091,9.93949],[-68.03093,9.93954],[-68.03094,9.9396],[-68.03094,9.93965],[-68.03091,9.9397],[-68.03088,9.93975],[-68.03083,9.93977],[-68.03078,9.9398],[-68.03073,9.93982],[-68.03068,9.93985],[-68.03047,9.93999],[-68.03042,9.94002],[-68.03032,9.94007],[-68.03026,9.94011],[-68.03017,9.94017],[-68.03006,9.94023],[-68.03002,9.94025],[-68.02996,9.94027],[-68.02991,9.94027],[-68.02986,9.94026],[-68.02982,9.94022],[-68.02979,9.94017],[-68.02976,9.94013],[-68.02973,9.94008],[-68.0297,9.94005],[-68.02965,9.94002],[-68.0296,9.94],[-68.02954,9.93999],[-68.02943,9.93999],[-68.02938,9.94001],[-68.02929,9.94007],[-68.02926,9.94012],[-68.0292,9.94022],[-68.02916,9.94026],[-68.02911,9.94029],[-68.02907,9.94032],[-68.02903,9.94036],[-68.029,9.9404],[-68.02899,9.94046],[-68.02899,9.94051],[-68.02898,9.94056],[-68.02898,9.94061],[-68.029,9.94067],[-68.02901,9.94072],[-68.02903,9.94078],[-68.02903,9.94084],[-68.02902,9.94089],[-68.02898,9.94094],[-68.02894,9.94097],[-68.02889,9.941],[-68.02884,9.94102],[-68.02868,9.9411],[-68.02863,9.94113],[-68.02858,9.94116],[-68.02853,9.9412],[-68.02849,9.94123],[-68.02844,9.94126],[-68.02839,9.94127],[-68.02834,9.94128],[-68.02829,9.94131],[-68.02823,9.94133],[-68.02818,9.94133],[-68.02813,9.94132],[-68.02809,9.94128],[-68.02805,9.94119],[-68.02801,9.94114],[-68.02795,9.9411],[-68.0279,9.94107],[-68.02786,9.94104],[-68.02782,9.94099],[-68.0278,9.94094],[-68.02778,9.94088],[-68.02774,9.94078],[-68.02772,9.94073],[-68.02768,9.94069],[-68.02764,9.94065],[-68.0276,9.94061],[-68.02756,9.94059],[-68.0275,9.94058],[-68.02745,9.94059],[-68.0274,9.94062],[-68.02735,9.94066],[-68.02731,9.94071],[-68.02727,9.94075],[-68.02721,9.94077],[-68.02711,9.94078],[-68.02705,9.9408],[-68.02701,9.94083],[-68.02697,9.94087],[-68.02693,9.94091],[-68.02684,9.94098],[-68.02679,9.941],[-68.02673,9.94105],[-68.02668,9.94108],[-68.02665,9.94113],[-68.02663,9.94118],[-68.02662,9.94123],[-68.02662,9.94134],[-68.02662,9.9414],[-68.02662,9.94146],[-68.02658,9.94152],[-68.02653,9.94156],[-68.02648,9.94159],[-68.0263,9.94168],[-68.02625,9.94169],[-68.02619,9.94171],[-68.02609,9.94176],[-68.02598,9.94181],[-68.02592,9.94183],[-68.02587,9.94183],[-68.0258,9.94183],[-68.02574,9.94182],[-68.02563,9.94178],[-68.02553,9.94175],[-68.02539,9.94175],[-68.02528,9.94175],[-68.02522,9.94176],[-68.02505,9.94183],[-68.02499,9.94184],[-68.02494,9.94185],[-68.02488,9.94185],[-68.02482,9.94184],[-68.02469,9.9418],[-68.02458,9.94177],[-68.02452,9.94176],[-68.02447,9.94176],[-68.02441,9.94176],[-68.02436,9.94178],[-68.0243,9.94181],[-68.02426,9.94185],[-68.02422,9.9419],[-68.0242,9.94194],[-68.02419,9.942],[-68.02417,9.94207],[-68.02416,9.94214],[-68.02415,9.9422],[-68.02412,9.94226],[-68.02408,9.94229],[-68.02403,9.94231],[-68.02397,9.94231],[-68.02386,9.94228],[-68.02381,9.94228],[-68.02375,9.9423],[-68.0237,9.94233],[-68.02365,9.94238],[-68.02362,9.94242],[-68.02359,9.94247],[-68.02106,9.94297],[-68.0178,9.94281],[-68.01575,9.9423],[-68.01381,9.94268],[-68.01124,9.94303],[-68.00769,9.94356],[-68.00722,9.94361],[-68.00703,9.94758],[-68.00785,9.94903],[-68.00886,9.94965],[-68.00943,9.94965],[-68.00965,9.94981],[-68.00964,9.95034],[-68.00965,9.95079],[-68.00993,9.95093],[-68.00998,9.95134],[-68.0105,9.95136],[-68.01046,9.95187],[-68.01138,9.95315],[-68.0115,9.95384],[-68.0116,9.9553],[-68.01212,9.95695],[-68.01234,9.9573],[-68.01267,9.95792],[-68.0128,9.95818],[-68.01279,9.95847],[-68.01268,9.95902],[-68.01267,9.95982],[-68.01271,9.96011],[-68.01278,9.9604],[-68.01287,9.9607],[-68.01293,9.96107],[-68.01301,9.96134],[-68.01301,9.96156],[-68.0131,9.96198],[-68.01312,9.96245],[-68.01317,9.96282],[-68.01322,9.96328],[-68.01334,9.96366],[-68.0135,9.96419],[-68.01338,9.96475],[-68.01397,9.96631],[-68.01446,9.96734],[-68.01474,9.9676],[-68.01479,9.96789],[-68.01483,9.96824],[-68.01474,9.96901],[-68.01483,9.96932],[-68.01485,9.96956],[-68.01503,9.97006],[-68.01511,9.9706],[-68.0153,9.97112],[-68.01545,9.97139],[-68.01559,9.97191],[-68.01549,9.97235],[-68.0156,9.97276],[-68.01562,9.9731],[-68.01568,9.9734],[-68.01554,9.97367],[-68.01557,9.97393],[-68.01568,9.97413],[-68.01579,9.9743],[-68.01586,9.97456],[-68.01589,9.97494],[-68.01593,9.97518],[-68.016,9.9754],[-68.01624,9.97572],[-68.01645,9.97599],[-68.01665,9.97634],[-68.01693,9.97709],[-68.01711,9.97756],[-68.01731,9.97795],[-68.01754,9.97837],[-68.01804,9.97905],[-68.01919,9.9794],[-68.021,9.97968],[-68.02124,9.97964],[-68.0214,9.97964],[-68.0216,9.97964],[-68.02178,9.97965],[-68.02207,9.97967],[-68.02245,9.97971],[-68.02373,9.9799],[-68.02387,9.97994],[-68.024,9.98005],[-68.0247,9.9803],[-68.02496,9.98028],[-68.02521,9.98023],[-68.02536,9.98014],[-68.02563,9.98004],[-68.02585,9.9799],[-68.02608,9.97976],[-68.02646,9.97961],[-68.02708,9.97946],[-68.02742,9.97936],[-68.0277,9.97934],[-68.02806,9.97936],[-68.02831,9.97945],[-68.02853,9.97952],[-68.0287,9.97958],[-68.02887,9.97963],[-68.02901,9.97968],[-68.02919,9.97974],[-68.02945,9.9798],[-68.02985,9.9799],[-68.0301,9.97997],[-68.03028,9.98004],[-68.03053,9.98014],[-68.03069,9.98018],[-68.03083,9.98022],[-68.03101,9.98024],[-68.03119,9.98024],[-68.03156,9.98019],[-68.03187,9.98014],[-68.03214,9.98013],[-68.0323,9.98016],[-68.03246,9.9802],[-68.03271,9.98031],[-68.03286,9.98038],[-68.03319,9.98058],[-68.0335,9.9807],[-68.03365,9.98074],[-68.03378,9.98076],[-68.03394,9.98076],[-68.03423,9.9807],[-68.03464,9.98062],[-68.03477,9.98061],[-68.03489,9.9806],[-68.03505,9.98062],[-68.03516,9.98065],[-68.03527,9.98071],[-68.03537,9.98078],[-68.03547,9.98084],[-68.03559,9.98094],[-68.03574,9.98107],[-68.03591,9.98122],[-68.03607,9.98132],[-68.03618,9.98137],[-68.03638,9.98145],[-68.03658,9.9815],[-68.03722,9.9816],[-68.03782,9.98168],[-68.03815,9.98172],[-68.03852,9.98174],[-68.03893,9.98173],[-68.0393,9.98172],[-68.03998,9.98165],[-68.04043,9.98181],[-68.0406,9.98191],[-68.04074,9.98201],[-68.0409,9.98222],[-68.04102,9.98241],[-68.04114,9.98261],[-68.04124,9.98276],[-68.04139,9.98291],[-68.04152,9.98307],[-68.04171,9.98324],[-68.04189,9.98335],[-68.04207,9.98346],[-68.04236,9.98356],[-68.04256,9.98366],[-68.04273,9.98378],[-68.04287,9.98393],[-68.04298,9.98414],[-68.04302,9.98432],[-68.04315,9.98453],[-68.04323,9.98466],[-68.04335,9.98481],[-68.04352,9.98489],[-68.04392,9.98498],[-68.04418,9.98505],[-68.04439,9.98511],[-68.04484,9.98575],[-68.04517,9.98632],[-68.04545,9.98678],[-68.04568,9.98716],[-68.04593,9.98748],[-68.04616,9.98774],[-68.04646,9.98803],[-68.047,9.98859],[-68.04727,9.98895],[-68.04698,9.98958],[-68.04687,9.98982],[-68.04681,9.99005],[-68.04681,9.99026],[-68.04688,9.99089],[-68.04708,9.99157],[-68.04693,9.99176],[-68.04689,9.99191],[-68.04721,9.9923],[-68.04744,9.99257],[-68.04757,9.99277],[-68.04762,9.99288],[-68.04792,9.99323],[-68.04816,9.99348],[-68.04829,9.99368],[-68.04835,9.99382],[-68.04838,9.994],[-68.04845,9.99417],[-68.04855,9.99437],[-68.04864,9.99453],[-68.04872,9.99468],[-68.04881,9.99484],[-68.04885,9.99503],[-68.0489,9.99528],[-68.04895,9.99546],[-68.04902,9.99558],[-68.04912,9.99577],[-68.04938,9.99602],[-68.04979,9.99631],[-68.05021,9.99657],[-68.05052,9.99672],[-68.05068,9.99681],[-68.05089,9.99696],[-68.05111,9.99711],[-68.05125,9.99723],[-68.05139,9.99736],[-68.0515,9.99751],[-68.05168,9.99775],[-68.05188,9.99804],[-68.05198,9.99826],[-68.05206,9.99847],[-68.05213,9.99868],[-68.05215,9.99883],[-68.05218,9.99907],[-68.05188,10.00071],[-68.05189,10.00413],[-68.05222,10.00489],[-68.05238,10.00502],[-68.05251,10.00515],[-68.05268,10.00537],[-68.05282,10.00564],[-68.05293,10.00582],[-68.05298,10.00598],[-68.05302,10.00616],[-68.05304,10.00631],[-68.0531,10.00647],[-68.05316,10.00664],[-68.05335,10.00685],[-68.05342,10.00698],[-68.0535,10.00711],[-68.05357,10.00725],[-68.05366,10.00744],[-68.05373,10.00774],[-68.05383,10.00824],[-68.05366,10.00899],[-68.05359,10.0092],[-68.05354,10.00939],[-68.05346,10.00957],[-68.05329,10.00979],[-68.05319,10.00995],[-68.05288,10.01042],[-68.05272,10.01056],[-68.05233,10.01079],[-68.05212,10.01099],[-68.05199,10.01119],[-68.0519,10.01142],[-68.05188,10.01166],[-68.05188,10.01204],[-68.05187,10.01234],[-68.05183,10.01273],[-68.05182,10.01302],[-68.05178,10.01331],[-68.05173,10.01358],[-68.0517,10.01381],[-68.05156,10.01415],[-68.05146,10.01439],[-68.05139,10.01468],[-68.05137,10.01489],[-68.05135,10.0151],[-68.05134,10.01527],[-68.0514,10.01562],[-68.05145,10.01598],[-68.05151,10.01618],[-68.05158,10.01636],[-68.05171,10.01654],[-68.05183,10.01665],[-68.05198,10.01673],[-68.05221,10.01682],[-68.0524,10.01693],[-68.05254,10.01702],[-68.05262,10.01717],[-68.05266,10.01729],[-68.05272,10.01748],[-68.05272,10.01759],[-68.0527,10.01773],[-68.05268,10.01789],[-68.0527,10.018],[-68.05277,10.01817],[-68.05284,10.01829],[-68.05304,10.01847],[-68.05321,10.01856],[-68.05336,10.01867],[-68.0535,10.01885],[-68.0536,10.01907],[-68.05381,10.01967],[-68.05383,10.01988],[-68.05385,10.02028],[-68.05388,10.02073],[-68.05546,10.02106],[-68.0556,10.02156],[-68.05574,10.02193],[-68.05602,10.02238],[-68.05648,10.02299],[-68.05661,10.02316],[-68.05676,10.02342],[-68.0568,10.02373],[-68.05681,10.02413],[-68.05674,10.02435],[-68.05669,10.02448],[-68.05654,10.02465],[-68.05631,10.02484],[-68.05606,10.02505],[-68.0559,10.02523],[-68.05574,10.02549],[-68.05564,10.02586],[-68.0556,10.02606],[-68.0556,10.02635],[-68.05565,10.02663],[-68.05572,10.02685],[-68.05576,10.02711],[-68.05573,10.02735],[-68.05568,10.02755],[-68.05563,10.02779],[-68.05559,10.02813],[-68.05563,10.02839],[-68.05568,10.02863],[-68.05578,10.0289],[-68.05594,10.02916],[-68.05613,10.02934],[-68.05634,10.02952],[-68.05664,10.02968],[-68.05685,10.02975],[-68.05682,10.03015],[-68.05679,10.03032],[-68.05678,10.03039],[-68.05674,10.03045],[-68.0567,10.03049],[-68.05665,10.03052],[-68.05661,10.03052],[-68.05657,10.03052],[-68.05653,10.03053],[-68.05649,10.03054],[-68.05646,10.03059],[-68.05643,10.03069],[-68.05637,10.03078],[-68.05632,10.03084],[-68.05625,10.0309],[-68.05617,10.03093],[-68.05611,10.03094],[-68.05605,10.03093],[-68.056,10.0309],[-68.05595,10.03086],[-68.05588,10.03078],[-68.0558,10.03071],[-68.05574,10.03068],[-68.05568,10.03068],[-68.05562,10.03069],[-68.05558,10.03072],[-68.05555,10.03077],[-68.05553,10.03085],[-68.0555,10.03092],[-68.05545,10.031],[-68.0554,10.03103],[-68.05534,10.03105],[-68.0553,10.03105],[-68.05526,10.03104],[-68.0551,10.03099],[-68.05491,10.03096],[-68.05479,10.03095],[-68.05474,10.03097],[-68.05468,10.03101],[-68.05466,10.03105],[-68.05463,10.03114],[-68.05462,10.03119],[-68.05463,10.03125],[-68.05466,10.03131],[-68.05478,10.03146],[-68.0549,10.03159],[-68.05496,10.03167],[-68.055,10.03176],[-68.05503,10.03184],[-68.05503,10.03191],[-68.05502,10.03196],[-68.05499,10.03202],[-68.05494,10.03211],[-68.05491,10.03218],[-68.05489,10.03225],[-68.05485,10.0323],[-68.0548,10.03232],[-68.05476,10.03232],[-68.0547,10.0323],[-68.05464,10.03224],[-68.05457,10.03216],[-68.05444,10.03204],[-68.05436,10.032],[-68.05423,10.03199],[-68.05412,10.03199],[-68.05401,10.03201],[-68.05394,10.03203],[-68.05391,10.03206],[-68.05389,10.0321],[-68.05389,10.03217],[-68.05389,10.03226],[-68.05391,10.03241],[-68.05394,10.03261],[-68.05394,10.03269],[-68.05391,10.03277],[-68.05383,10.03299],[-68.05377,10.03308],[-68.05375,10.03313],[-68.05375,10.03318],[-68.05377,10.03327],[-68.0538,10.03333],[-68.05386,10.03338],[-68.05392,10.03342],[-68.05408,10.03351],[-68.0542,10.03359],[-68.05438,10.03371],[-68.05449,10.03381],[-68.05459,10.03392],[-68.05473,10.03413],[-68.05482,10.03428],[-68.05484,10.03433],[-68.05484,10.03437],[-68.05482,10.03439],[-68.05478,10.03441],[-68.05473,10.03441],[-68.05466,10.03437],[-68.05459,10.03433],[-68.0545,10.03432],[-68.05442,10.03434],[-68.0544,10.03438],[-68.0544,10.03443],[-68.05444,10.03447],[-68.05447,10.0345],[-68.05455,10.03454],[-68.05468,10.03464],[-68.05477,10.03471],[-68.05482,10.03479],[-68.05492,10.03498],[-68.05497,10.03505],[-68.05505,10.03514],[-68.05516,10.03521],[-68.05528,10.03529],[-68.05534,10.03534],[-68.05537,10.03539],[-68.05539,10.03546],[-68.0554,10.03554],[-68.05538,10.0356],[-68.05534,10.03563],[-68.05528,10.03565],[-68.0552,10.03564],[-68.05509,10.0356],[-68.05498,10.03557],[-68.0549,10.03555],[-68.05485,10.03555],[-68.05478,10.03557],[-68.0547,10.03563],[-68.05466,10.0357],[-68.05463,10.03575],[-68.05459,10.03577],[-68.05454,10.03577],[-68.05449,10.03576],[-68.05439,10.03574],[-68.05434,10.03574],[-68.05427,10.03577],[-68.05423,10.03581],[-68.05421,10.03586],[-68.05418,10.03596],[-68.05417,10.03608],[-68.05415,10.03615],[-68.05413,10.03619],[-68.0541,10.03623],[-68.05406,10.03629],[-68.05403,10.03635],[-68.05402,10.03639],[-68.05403,10.03644],[-68.05404,10.03653],[-68.05407,10.03662],[-68.05411,10.03673],[-68.05417,10.03685],[-68.05422,10.03692],[-68.05427,10.03697],[-68.05428,10.03701],[-68.05428,10.03705],[-68.05428,10.03709],[-68.05429,10.03717],[-68.0543,10.03722],[-68.05431,10.03726],[-68.05434,10.0373],[-68.05438,10.03741],[-68.0544,10.03747],[-68.05442,10.03755],[-68.05445,10.03758],[-68.05449,10.0376],[-68.05453,10.03761],[-68.05457,10.0376],[-68.05462,10.03756],[-68.05466,10.03751],[-68.05467,10.03748],[-68.05467,10.03742],[-68.05465,10.03736],[-68.05463,10.03723],[-68.05457,10.03706],[-68.05457,10.037],[-68.05458,10.03695],[-68.05459,10.0369],[-68.05462,10.03686],[-68.05467,10.03684],[-68.05473,10.03682],[-68.05481,10.03681],[-68.05488,10.03681],[-68.05495,10.03684],[-68.05503,10.03689],[-68.05509,10.03696],[-68.05512,10.03701],[-68.05512,10.03705],[-68.05513,10.03709],[-68.05514,10.03714],[-68.05517,10.03718],[-68.05523,10.03723],[-68.05531,10.03727],[-68.05547,10.03733],[-68.05558,10.03738],[-68.05564,10.0374],[-68.05568,10.03744],[-68.05569,10.03749],[-68.05569,10.03754],[-68.05566,10.03759],[-68.0556,10.03764],[-68.05554,10.03767],[-68.05543,10.03772],[-68.0553,10.03782],[-68.05518,10.03793],[-68.05507,10.03807],[-68.05502,10.03815],[-68.05499,10.03822],[-68.05497,10.03833],[-68.05496,10.03854],[-68.05496,10.03879],[-68.05497,10.03887],[-68.05499,10.03893],[-68.05503,10.039],[-68.05514,10.03912],[-68.05524,10.03921],[-68.05534,10.03928],[-68.05539,10.03933],[-68.05541,10.03938],[-68.05542,10.03942],[-68.05542,10.03949],[-68.05541,10.03966],[-68.0554,10.03976],[-68.0554,10.03986],[-68.05541,10.03995],[-68.05547,10.04015],[-68.05549,10.04019],[-68.05552,10.04021],[-68.05555,10.04022],[-68.0556,10.04023],[-68.05569,10.04022],[-68.05578,10.0402],[-68.05582,10.04018],[-68.05586,10.04015],[-68.0559,10.04011],[-68.05594,10.04008],[-68.05597,10.04007],[-68.05601,10.04008],[-68.05605,10.04013],[-68.05607,10.04017],[-68.05609,10.04025],[-68.0561,10.04036],[-68.05612,10.04044],[-68.05614,10.04051],[-68.05617,10.04057],[-68.05618,10.04061],[-68.05617,10.04064],[-68.05614,10.04069],[-68.0561,10.04073],[-68.05603,10.04079],[-68.05601,10.04083],[-68.056,10.04087],[-68.056,10.04097],[-68.056,10.04111],[-68.056,10.04116],[-68.05601,10.0412],[-68.05604,10.04123],[-68.05606,10.04123],[-68.0561,10.04122],[-68.05614,10.04121],[-68.05633,10.04114],[-68.05638,10.04113],[-68.05643,10.04113],[-68.05646,10.04114],[-68.0565,10.04117],[-68.05663,10.04127],[-68.05676,10.04136],[-68.05687,10.04143],[-68.05693,10.0415],[-68.05702,10.04162],[-68.05708,10.0417],[-68.0571,10.04176],[-68.0571,10.04184],[-68.05708,10.04188],[-68.05704,10.04191],[-68.05696,10.04194],[-68.05688,10.04194],[-68.05683,10.04193],[-68.05679,10.0419],[-68.05675,10.04183],[-68.05671,10.04176],[-68.05665,10.04172],[-68.05659,10.04172],[-68.05653,10.04175],[-68.05649,10.04179],[-68.05642,10.04188],[-68.05637,10.04196],[-68.05634,10.04205],[-68.05631,10.04215],[-68.05628,10.0422],[-68.05622,10.04227],[-68.05614,10.04234],[-68.05612,10.04238],[-68.05609,10.04244],[-68.05609,10.0425],[-68.05608,10.04256],[-68.0561,10.04269],[-68.05611,10.04281],[-68.05612,10.04289],[-68.05609,10.04295],[-68.05605,10.04309],[-68.05603,10.04319],[-68.05602,10.04335],[-68.05602,10.04345],[-68.05603,10.04352],[-68.05605,10.04357],[-68.05608,10.04359],[-68.05611,10.0436],[-68.05615,10.04361],[-68.05618,10.04362],[-68.05623,10.04366],[-68.05625,10.04371],[-68.05627,10.04376],[-68.05628,10.04384],[-68.05627,10.04391],[-68.05625,10.04396],[-68.05621,10.04401],[-68.05612,10.04408],[-68.05608,10.0441],[-68.05603,10.04414],[-68.05602,10.04418],[-68.05603,10.04423],[-68.05607,10.04428],[-68.05611,10.04431],[-68.05622,10.04431],[-68.05649,10.04429],[-68.05655,10.0443],[-68.0566,10.04431],[-68.05666,10.04433],[-68.05671,10.04437],[-68.05676,10.04444],[-68.05677,10.0445],[-68.05678,10.0446],[-68.0568,10.04465],[-68.05682,10.04471],[-68.05687,10.04477],[-68.05694,10.04483],[-68.05703,10.04489],[-68.05707,10.04493],[-68.0571,10.04497],[-68.05713,10.04501],[-68.05719,10.04506],[-68.05726,10.04509],[-68.05733,10.04511],[-68.05737,10.04514],[-68.0574,10.04516],[-68.05741,10.04518],[-68.0574,10.0452],[-68.05738,10.04523],[-68.05735,10.04525],[-68.0573,10.04527],[-68.05724,10.04531],[-68.0572,10.04536],[-68.05716,10.04545],[-68.05714,10.0455],[-68.05712,10.04554],[-68.05712,10.04558],[-68.05713,10.04561],[-68.05714,10.04564],[-68.05717,10.04572],[-68.05718,10.04579],[-68.05718,10.04584],[-68.05717,10.04587],[-68.05714,10.04591],[-68.05704,10.04597],[-68.05694,10.04602],[-68.05688,10.04605],[-68.05684,10.04605],[-68.0568,10.04603],[-68.05676,10.046],[-68.05668,10.04596],[-68.05663,10.04595],[-68.05658,10.04597],[-68.05652,10.046],[-68.05645,10.04605],[-68.0564,10.04609],[-68.05635,10.0461],[-68.0563,10.0461],[-68.05624,10.04609],[-68.0562,10.0461],[-68.05618,10.04612],[-68.05617,10.04614],[-68.05616,10.04618],[-68.05616,10.04622],[-68.05618,10.04632],[-68.05618,10.04638],[-68.05616,10.04646],[-68.05613,10.04652],[-68.05607,10.0466],[-68.05604,10.04664],[-68.05603,10.04667],[-68.05602,10.04671],[-68.05604,10.04675],[-68.05606,10.04678],[-68.05611,10.0468],[-68.05616,10.04684],[-68.05619,10.04687],[-68.0562,10.04691],[-68.05619,10.04695],[-68.05616,10.04699],[-68.05606,10.04707],[-68.05601,10.04711],[-68.05594,10.04713],[-68.05588,10.04714],[-68.05584,10.04716],[-68.05582,10.0472],[-68.05582,10.04724],[-68.05583,10.04728],[-68.05586,10.04733],[-68.05589,10.04736],[-68.05593,10.04739],[-68.05599,10.04743],[-68.05602,10.04747],[-68.05605,10.04752],[-68.05606,10.04756],[-68.05604,10.04762],[-68.05597,10.04774],[-68.05593,10.04781],[-68.05591,10.04785],[-68.05592,10.04789],[-68.05595,10.04792],[-68.05598,10.04793],[-68.05604,10.04793],[-68.05608,10.04794],[-68.05613,10.04798],[-68.05615,10.04802],[-68.05617,10.04807],[-68.05617,10.04817],[-68.05616,10.04826],[-68.0561,10.04837],[-68.05601,10.0485],[-68.05595,10.0486],[-68.05593,10.04865],[-68.05592,10.04872],[-68.05593,10.04879],[-68.05596,10.04892],[-68.05598,10.04899],[-68.05597,10.04904],[-68.05595,10.04908],[-68.05591,10.04912],[-68.05586,10.04914],[-68.05577,10.04914],[-68.05566,10.04913],[-68.0556,10.0491],[-68.05554,10.04905],[-68.05551,10.04899],[-68.0555,10.04889],[-68.05549,10.04876],[-68.05549,10.04869],[-68.05549,10.04861],[-68.0555,10.04852],[-68.05551,10.04845],[-68.05552,10.04837],[-68.05551,10.04829],[-68.05547,10.04823],[-68.05542,10.04817],[-68.05532,10.04804],[-68.05529,10.04801],[-68.05524,10.048],[-68.05519,10.04801],[-68.05518,10.04804],[-68.05517,10.0481],[-68.05516,10.04815],[-68.05515,10.04821],[-68.05511,10.0483],[-68.05508,10.04836],[-68.05506,10.04842],[-68.05503,10.04846],[-68.055,10.04848],[-68.05494,10.04851],[-68.05488,10.04854],[-68.05486,10.04856],[-68.05483,10.04861],[-68.05481,10.04866],[-68.05474,10.04887],[-68.05471,10.04894],[-68.05468,10.04898],[-68.05462,10.04902],[-68.05456,10.04904],[-68.05453,10.04907],[-68.05452,10.04911],[-68.05453,10.04915],[-68.05456,10.04919],[-68.0546,10.04926],[-68.05462,10.04932],[-68.05462,10.04937],[-68.0546,10.04944],[-68.05455,10.04952],[-68.0545,10.04957],[-68.05439,10.04963],[-68.05427,10.04969],[-68.0542,10.04972],[-68.05409,10.04978],[-68.05399,10.04983],[-68.05394,10.04988],[-68.05391,10.04992],[-68.05388,10.04996],[-68.05385,10.04999],[-68.05381,10.05001],[-68.05369,10.05004],[-68.0536,10.05007],[-68.05353,10.05008],[-68.05348,10.05008],[-68.05342,10.05007],[-68.05335,10.05004],[-68.05329,10.05],[-68.05323,10.04995],[-68.05316,10.0499],[-68.05312,10.04984],[-68.05308,10.04976],[-68.05305,10.04972],[-68.05294,10.04965],[-68.05283,10.04956],[-68.05279,10.04954],[-68.05276,10.04954],[-68.05273,10.04953],[-68.0527,10.04955],[-68.05266,10.0496],[-68.05264,10.04964],[-68.0526,10.0497],[-68.05251,10.04981],[-68.05246,10.04988],[-68.05243,10.04995],[-68.05242,10.05001],[-68.05243,10.05007],[-68.05246,10.05011],[-68.05249,10.05014],[-68.05255,10.05017],[-68.05269,10.05023],[-68.05277,10.05026],[-68.05282,10.05027],[-68.05286,10.05027],[-68.05291,10.05025],[-68.05298,10.05021],[-68.05305,10.05019],[-68.0531,10.05019],[-68.05314,10.05023],[-68.05315,10.05027],[-68.05316,10.05033],[-68.05313,10.05049],[-68.05311,10.05063],[-68.05308,10.05071],[-68.05307,10.05075],[-68.05302,10.05078],[-68.05298,10.05079],[-68.05294,10.05078],[-68.0529,10.05074],[-68.05289,10.0507],[-68.05287,10.05064],[-68.05285,10.05062],[-68.05282,10.05061],[-68.05279,10.05062],[-68.05276,10.05063],[-68.05271,10.05066],[-68.05256,10.05079],[-68.05248,10.05087],[-68.05242,10.05091],[-68.05238,10.05094],[-68.05237,10.05098],[-68.05237,10.05102],[-68.05238,10.05107],[-68.05241,10.0511],[-68.05246,10.05113],[-68.0525,10.05114],[-68.05255,10.05114],[-68.05259,10.05112],[-68.05261,10.05109],[-68.05264,10.05105],[-68.05267,10.051],[-68.05272,10.05099],[-68.05281,10.05101],[-68.05287,10.05106],[-68.05292,10.05112],[-68.05299,10.05122],[-68.05303,10.05131],[-68.05306,10.05141],[-68.05307,10.0515],[-68.05306,10.05154],[-68.05302,10.05161],[-68.05283,10.05182],[-68.05278,10.05186],[-68.05274,10.05186],[-68.05269,10.05186],[-68.05262,10.05185],[-68.05255,10.05187],[-68.05251,10.05191],[-68.0525,10.05196],[-68.0525,10.05201],[-68.05253,10.05207],[-68.05256,10.05211],[-68.05257,10.05216],[-68.05256,10.05219],[-68.05254,10.05222],[-68.05249,10.05223],[-68.05245,10.05222],[-68.05239,10.0522],[-68.05233,10.05214],[-68.05225,10.05209],[-68.05217,10.05205],[-68.05208,10.05201],[-68.052,10.05197],[-68.05194,10.05192],[-68.05188,10.05189],[-68.05183,10.05188],[-68.05179,10.0519],[-68.05176,10.05194],[-68.05173,10.052],[-68.05167,10.05206],[-68.0516,10.05214],[-68.05156,10.05221],[-68.05155,10.05227],[-68.05155,10.05234],[-68.05157,10.0524],[-68.0516,10.05245],[-68.05165,10.05248],[-68.05171,10.05249],[-68.05179,10.05249],[-68.0519,10.05249],[-68.05194,10.05249],[-68.05199,10.05251],[-68.05202,10.05254],[-68.05204,10.05258],[-68.05204,10.05263],[-68.05203,10.05267],[-68.05199,10.05278],[-68.05194,10.05288],[-68.05186,10.05309],[-68.05182,10.05314],[-68.05176,10.05317],[-68.0517,10.05318],[-68.05158,10.05318],[-68.0514,10.05316],[-68.05136,10.05317],[-68.05133,10.05318],[-68.05131,10.05322],[-68.05131,10.05328],[-68.05133,10.05332],[-68.05136,10.05337],[-68.05141,10.05343],[-68.05148,10.05349],[-68.05152,10.05355],[-68.05154,10.0536],[-68.05154,10.05364],[-68.05152,10.05369],[-68.05149,10.05373],[-68.0514,10.05382],[-68.05137,10.05386],[-68.05136,10.05391],[-68.05135,10.05397],[-68.05131,10.05419],[-68.05129,10.05446],[-68.05129,10.05452],[-68.05132,10.05457],[-68.05135,10.0546],[-68.05141,10.05464],[-68.05146,10.05465],[-68.05157,10.05466],[-68.05169,10.05467],[-68.05174,10.05469],[-68.05179,10.05474],[-68.05183,10.0548],[-68.05185,10.05484],[-68.05188,10.05491],[-68.05193,10.05497],[-68.05198,10.05501],[-68.05205,10.05506],[-68.05219,10.05511],[-68.05236,10.05517],[-68.05241,10.0552],[-68.05244,10.05523],[-68.05247,10.05527],[-68.05247,10.05532],[-68.05246,10.05537],[-68.05243,10.05541],[-68.0524,10.05544],[-68.05232,10.05548],[-68.05221,10.05554],[-68.05205,10.05564],[-68.05196,10.05571],[-68.05192,10.05574],[-68.05186,10.05576],[-68.05181,10.05576],[-68.05175,10.05574],[-68.05169,10.0557],[-68.05162,10.05565],[-68.05158,10.05563],[-68.05153,10.05563],[-68.05148,10.05565],[-68.05144,10.0557],[-68.05144,10.05575],[-68.05144,10.0558],[-68.05145,10.05595],[-68.05147,10.05613],[-68.0515,10.05638],[-68.05148,10.05649],[-68.05146,10.05657],[-68.05139,10.05671],[-68.0513,10.05684],[-68.0512,10.057],[-68.05105,10.05717],[-68.05101,10.05726],[-68.05096,10.05736],[-68.05092,10.0575],[-68.05088,10.05763],[-68.05081,10.05783],[-68.05074,10.05805],[-68.05072,10.05814],[-68.0507,10.05822],[-68.05071,10.05828],[-68.05072,10.05834],[-68.05089,10.05876],[-68.05113,10.05882],[-68.05135,10.05887],[-68.05159,10.05895],[-68.05212,10.05917],[-68.05311,10.05957],[-68.05413,10.05993],[-68.05472,10.06014],[-68.05516,10.06031],[-68.05539,10.06039],[-68.05566,10.0605],[-68.05597,10.06064],[-68.05626,10.0608],[-68.05647,10.06093],[-68.05667,10.06108],[-68.05687,10.06125],[-68.05705,10.06141],[-68.0573,10.06162],[-68.05761,10.06189],[-68.05785,10.06212],[-68.05803,10.06228],[-68.05816,10.06242],[-68.0583,10.06251],[-68.05849,10.0626],[-68.05858,10.06265],[-68.05867,10.06272],[-68.05882,10.06294],[-68.0589,10.06303],[-68.05898,10.06311],[-68.05907,10.06317],[-68.05915,10.0632],[-68.05921,10.06322],[-68.05929,10.06326],[-68.05937,10.06334],[-68.05951,10.06353],[-68.06006,10.06414],[-68.0609,10.0651],[-68.06139,10.0656],[-68.06187,10.06613],[-68.06203,10.0663],[-68.06216,10.06639],[-68.06228,10.06649],[-68.06243,10.06668],[-68.06261,10.06698],[-68.06283,10.06733],[-68.06293,10.06747],[-68.06311,10.06776],[-68.06339,10.06824],[-68.06353,10.06845],[-68.06369,10.06869],[-68.06392,10.06906],[-68.06449,10.06983],[-68.0654,10.0711],[-68.06568,10.07149],[-68.06605,10.07201],[-68.06676,10.07295],[-68.06684,10.07302],[-68.0669,10.07309],[-68.06694,10.07315],[-68.06699,10.07325],[-68.06703,10.07334],[-68.06708,10.07343],[-68.06712,10.07351],[-68.06716,10.07358],[-68.0672,10.07364],[-68.06725,10.07369],[-68.06732,10.07376],[-68.06775,10.07406],[-68.06824,10.07442],[-68.06848,10.07459],[-68.06855,10.07466],[-68.06861,10.07474],[-68.06869,10.07482],[-68.06884,10.07494],[-68.06926,10.07514],[-68.0694,10.07522],[-68.06949,10.07529],[-68.06959,10.07536],[-68.06972,10.07547],[-68.0698,10.07551],[-68.06986,10.07552],[-68.06993,10.07552],[-68.07004,10.07553],[-68.07017,10.07557],[-68.07034,10.07566],[-68.07054,10.07581],[-68.07064,10.07595],[-68.07081,10.07616],[-68.07093,10.0763],[-68.07101,10.07642],[-68.07106,10.07656],[-68.07109,10.07671],[-68.07109,10.07691],[-68.07106,10.07707],[-68.07107,10.07716],[-68.0711,10.07724],[-68.07115,10.07729],[-68.07125,10.07732],[-68.07131,10.07734],[-68.07151,10.07736],[-68.07169,10.07737],[-68.07179,10.0774],[-68.07184,10.07747],[-68.07187,10.07758],[-68.07187,10.07767],[-68.07182,10.07782],[-68.07176,10.07793],[-68.07169,10.07802],[-68.07157,10.07809],[-68.07144,10.07812],[-68.07129,10.07814],[-68.07116,10.07819],[-68.07103,10.07827],[-68.07095,10.07837],[-68.07088,10.07852],[-68.07081,10.07875],[-68.07079,10.07891],[-68.07079,10.07903],[-68.07081,10.07918],[-68.07083,10.07938],[-68.07086,10.07952],[-68.07091,10.0796],[-68.07096,10.07965],[-68.07103,10.07971],[-68.07117,10.0798],[-68.07126,10.0799],[-68.07133,10.08],[-68.07137,10.08007],[-68.07139,10.08011],[-68.07139,10.08017],[-68.07137,10.08024],[-68.07132,10.0803],[-68.07128,10.08033],[-68.07126,10.08037],[-68.07125,10.08041],[-68.07126,10.08045],[-68.07129,10.08048],[-68.07131,10.08049],[-68.07135,10.08049],[-68.07142,10.08047],[-68.07151,10.08044],[-68.07161,10.08043],[-68.07168,10.08045],[-68.07173,10.08048],[-68.07179,10.08053],[-68.07184,10.0806],[-68.07188,10.0807],[-68.07193,10.08092],[-68.07199,10.08113],[-68.07204,10.08125],[-68.07207,10.08134],[-68.07216,10.08163],[-68.07221,10.08188],[-68.07223,10.08196],[-68.07225,10.08201],[-68.07229,10.08204],[-68.07238,10.0821],[-68.07247,10.08217],[-68.07253,10.08223],[-68.07258,10.0823],[-68.07259,10.08236],[-68.07263,10.08249],[-68.07266,10.08256],[-68.07271,10.08262],[-68.07276,10.08266],[-68.07282,10.08269],[-68.07292,10.08271],[-68.07308,10.08271],[-68.07316,10.08272],[-68.07327,10.08274],[-68.07335,10.08277],[-68.07339,10.08281],[-68.07343,10.0829],[-68.07348,10.08306],[-68.07349,10.08317],[-68.07349,10.08328],[-68.07348,10.08345],[-68.07347,10.08352],[-68.07344,10.08358],[-68.0734,10.08362],[-68.07337,10.08366],[-68.07335,10.0837],[-68.07335,10.08374],[-68.07338,10.08377],[-68.07341,10.08379],[-68.07346,10.08383],[-68.07364,10.08391],[-68.07371,10.08396],[-68.07378,10.084],[-68.07383,10.08405],[-68.07386,10.08411],[-68.07386,10.08414],[-68.07385,10.08416],[-68.07382,10.08417],[-68.0738,10.08415],[-68.07375,10.08412],[-68.07371,10.08409],[-68.07364,10.08406],[-68.07359,10.08406],[-68.07354,10.08407],[-68.0735,10.08409],[-68.07344,10.08414],[-68.07341,10.08421],[-68.07339,10.08431],[-68.07338,10.08439],[-68.07339,10.08456],[-68.07339,10.08468],[-68.0734,10.08477],[-68.07341,10.08481],[-68.07343,10.08484],[-68.07345,10.08485],[-68.07348,10.08485],[-68.07353,10.08485],[-68.07361,10.08483],[-68.07367,10.08483],[-68.07372,10.08483],[-68.07376,10.08484],[-68.0738,10.08487],[-68.07384,10.08492],[-68.07387,10.08499],[-68.0739,10.08503],[-68.07393,10.08504],[-68.07395,10.08504],[-68.07397,10.08502],[-68.07398,10.08499],[-68.074,10.08497],[-68.07403,10.08497],[-68.07407,10.08497],[-68.07412,10.08499],[-68.07419,10.08504],[-68.07428,10.08513],[-68.07434,10.08519],[-68.07436,10.08522],[-68.07436,10.08526],[-68.07435,10.08528],[-68.07433,10.08529],[-68.07428,10.08529],[-68.07424,10.08527],[-68.07419,10.08526],[-68.07414,10.08525],[-68.07409,10.08526],[-68.07406,10.08529],[-68.07403,10.08533],[-68.07401,10.0854],[-68.074,10.08547],[-68.07401,10.08551],[-68.07403,10.08556],[-68.07406,10.08561],[-68.07409,10.08568],[-68.07415,10.0858],[-68.07423,10.08593],[-68.07428,10.08602],[-68.07431,10.08611],[-68.07431,10.08619],[-68.07431,10.08625],[-68.07428,10.0863],[-68.07424,10.08636],[-68.07421,10.0864],[-68.07421,10.08644],[-68.07422,10.08647],[-68.07425,10.0865],[-68.07428,10.08652],[-68.07433,10.08653],[-68.07436,10.08655],[-68.07437,10.08658],[-68.07438,10.08662],[-68.0744,10.08673],[-68.07439,10.08681],[-68.07436,10.08688],[-68.07433,10.08698],[-68.07431,10.08704],[-68.07431,10.08708],[-68.07433,10.08711],[-68.07435,10.08713],[-68.07439,10.08713],[-68.07441,10.08712],[-68.07444,10.08709],[-68.07447,10.08708],[-68.07451,10.08707],[-68.07455,10.08708],[-68.07462,10.08713],[-68.07471,10.08723],[-68.07483,10.08737],[-68.07486,10.08744],[-68.07489,10.08752],[-68.0749,10.08758],[-68.07489,10.08768],[-68.07488,10.08772],[-68.07489,10.08776],[-68.07491,10.0878],[-68.07493,10.08782],[-68.07498,10.08787],[-68.07507,10.08796],[-68.07518,10.08809],[-68.07532,10.08826],[-68.07549,10.08841],[-68.07556,10.08846],[-68.07567,10.0885],[-68.0758,10.08854],[-68.07587,10.08855],[-68.07595,10.08857],[-68.07599,10.0886],[-68.07602,10.08864],[-68.07603,10.08867],[-68.07603,10.08871],[-68.07601,10.08887],[-68.07601,10.08892],[-68.07603,10.08898],[-68.07606,10.08902],[-68.07609,10.08906],[-68.07616,10.08911],[-68.07618,10.08913],[-68.07619,10.08917],[-68.07619,10.0892],[-68.07616,10.08925],[-68.07615,10.08931],[-68.07614,10.08935],[-68.07614,10.0894],[-68.07614,10.08943],[-68.07616,10.08946],[-68.07622,10.08949],[-68.07628,10.0895],[-68.07635,10.0895],[-68.0764,10.0895],[-68.07646,10.08947],[-68.07652,10.08944],[-68.07657,10.08942],[-68.07662,10.08941],[-68.07668,10.0894],[-68.07673,10.08942],[-68.07679,10.08945],[-68.07685,10.0895],[-68.07692,10.08954],[-68.07696,10.08955],[-68.07702,10.08957],[-68.07706,10.0896],[-68.07709,10.08965],[-68.0771,10.0897],[-68.0771,10.08975],[-68.07707,10.08981],[-68.07703,10.08987],[-68.07693,10.08995],[-68.07682,10.09001],[-68.07677,10.09003],[-68.07673,10.09006],[-68.07672,10.0901],[-68.07672,10.09014],[-68.07673,10.09019],[-68.07676,10.09024],[-68.07686,10.09042],[-68.07691,10.09055],[-68.07696,10.09068],[-68.077,10.09079],[-68.07708,10.09093],[-68.07712,10.09098],[-68.07716,10.09103],[-68.07723,10.09124],[-68.07735,10.09159],[-68.07739,10.09173],[-68.07742,10.09179],[-68.07745,10.09182],[-68.07748,10.09183],[-68.07754,10.09185],[-68.07758,10.09188],[-68.0776,10.09192],[-68.07761,10.09196],[-68.07759,10.09201],[-68.07756,10.09206],[-68.07744,10.09216],[-68.07735,10.09223],[-68.07725,10.09229],[-68.07714,10.09234],[-68.07708,10.09236],[-68.07704,10.09236],[-68.07699,10.09234],[-68.07696,10.09232],[-68.07691,10.09228],[-68.07687,10.09224],[-68.07682,10.09221],[-68.07676,10.09221],[-68.07671,10.09223],[-68.0766,10.09228],[-68.07653,10.09233],[-68.07652,10.09235],[-68.07652,10.09238],[-68.07653,10.09241],[-68.07655,10.09242],[-68.07661,10.09242],[-68.07664,10.09243],[-68.07667,10.09244],[-68.07669,10.09246],[-68.07673,10.09251],[-68.07676,10.09261],[-68.07678,10.09267],[-68.07678,10.09273],[-68.07676,10.09278],[-68.07673,10.09282],[-68.07669,10.09286],[-68.07663,10.09288],[-68.07658,10.09289],[-68.07644,10.09292],[-68.07634,10.09294],[-68.0762,10.09295],[-68.07618,10.09296],[-68.07615,10.09298],[-68.07615,10.09301],[-68.07617,10.09303],[-68.07619,10.09305],[-68.07625,10.09306],[-68.07628,10.09307],[-68.0763,10.09308],[-68.07632,10.0931],[-68.07632,10.09313],[-68.07631,10.09317],[-68.07628,10.09322],[-68.07619,10.09339],[-68.07608,10.09363],[-68.07607,10.09371],[-68.07608,10.0939],[-68.07607,10.09419],[-68.07605,10.09434],[-68.07602,10.09449],[-68.07593,10.09483],[-68.07586,10.09493],[-68.07583,10.09498],[-68.07582,10.09504],[-68.07582,10.09509],[-68.07584,10.09514],[-68.07587,10.09519],[-68.07591,10.09523],[-68.07593,10.09528],[-68.07591,10.09533],[-68.07586,10.09536],[-68.07581,10.09537],[-68.07576,10.09535],[-68.07566,10.09533],[-68.07555,10.09533],[-68.07538,10.09536],[-68.07519,10.09542],[-68.07501,10.09555],[-68.07497,10.09559],[-68.07492,10.09563],[-68.07488,10.09567],[-68.07485,10.09572],[-68.07483,10.09577],[-68.0748,10.09588],[-68.0748,10.09594],[-68.07481,10.096],[-68.07482,10.09611],[-68.07481,10.09616],[-68.07479,10.09621],[-68.07472,10.09629],[-68.07468,10.09633],[-68.07463,10.09636],[-68.07459,10.09639],[-68.07439,10.0965],[-68.07413,10.09658],[-68.07408,10.09659],[-68.07402,10.09659],[-68.07397,10.09659],[-68.07392,10.0966],[-68.0738,10.09663],[-68.07374,10.09666],[-68.07372,10.09669],[-68.07371,10.09671],[-68.07371,10.09674],[-68.07373,10.09677],[-68.07375,10.09679],[-68.07379,10.09682],[-68.07382,10.09687],[-68.07386,10.09699],[-68.07388,10.09712],[-68.0739,10.09734],[-68.07392,10.09739],[-68.07397,10.09743],[-68.07401,10.09747],[-68.07402,10.09752],[-68.07402,10.09758],[-68.07399,10.09762],[-68.07394,10.09765],[-68.07388,10.09765],[-68.07383,10.09762],[-68.07377,10.09761],[-68.07372,10.0976],[-68.07365,10.09763],[-68.07362,10.09767],[-68.07358,10.09771],[-68.07354,10.09776],[-68.07351,10.09781],[-68.07349,10.09786],[-68.07347,10.09793],[-68.07345,10.09798],[-68.07344,10.09804],[-68.07342,10.09817],[-68.0734,10.09828],[-68.0734,10.0984],[-68.07341,10.09846],[-68.07343,10.09851],[-68.07346,10.09856],[-68.07351,10.09859],[-68.07356,10.09861],[-68.07361,10.09863],[-68.07372,10.09866],[-68.07377,10.09869],[-68.07381,10.09873],[-68.07379,10.09878],[-68.07375,10.09882],[-68.0737,10.09885],[-68.07364,10.09885],[-68.07353,10.09883],[-68.07348,10.09882],[-68.07342,10.09882],[-68.07337,10.09884],[-68.07326,10.0989],[-68.07321,10.09893],[-68.07316,10.09897],[-68.07307,10.09903],[-68.07304,10.09907],[-68.07299,10.0991],[-68.07293,10.09912],[-68.07274,10.09911],[-68.07269,10.09912],[-68.07264,10.09914],[-68.07259,10.09918],[-68.07254,10.09921],[-68.07246,10.09929],[-68.07241,10.0993],[-68.07236,10.09928],[-68.07233,10.09923],[-68.07231,10.09918],[-68.0723,10.09913],[-68.07228,10.09908],[-68.07225,10.09903],[-68.07221,10.09899],[-68.07217,10.09896],[-68.07215,10.09891],[-68.07215,10.0988],[-68.07214,10.09874],[-68.0721,10.0987],[-68.07205,10.09868],[-68.072,10.09866],[-68.07196,10.09863],[-68.07193,10.09858],[-68.0719,10.09854],[-68.07187,10.09843],[-68.07186,10.09838],[-68.07181,10.09835],[-68.07176,10.09836],[-68.07172,10.09838],[-68.07168,10.09842],[-68.07162,10.09851],[-68.07158,10.09867],[-68.07155,10.09872],[-68.0715,10.09874],[-68.07145,10.09872],[-68.07142,10.09868],[-68.07137,10.09865],[-68.07132,10.09866],[-68.07126,10.09869],[-68.07112,10.09881],[-68.07109,10.09886],[-68.07107,10.09891],[-68.07105,10.09897],[-68.07105,10.09902],[-68.07105,10.09908],[-68.07103,10.09913],[-68.07101,10.09918],[-68.07096,10.09928],[-68.0709,10.09935],[-68.07086,10.09938],[-68.07081,10.0994],[-68.07076,10.09942],[-68.07071,10.09945],[-68.07067,10.09949],[-68.07065,10.09954],[-68.07063,10.0996],[-68.07063,10.09972],[-68.07064,10.09978],[-68.07067,10.09983],[-68.0707,10.09987],[-68.07074,10.09992],[-68.0709,10.10007],[-68.07099,10.10014],[-68.07104,10.10017],[-68.07106,10.10022],[-68.07107,10.10028],[-68.07106,10.10033],[-68.07106,10.10039],[-68.07106,10.10044],[-68.0711,10.10048],[-68.07114,10.10052],[-68.07115,10.10057],[-68.07114,10.10062],[-68.0711,10.10067],[-68.07106,10.10071],[-68.07101,10.10074],[-68.07095,10.1008],[-68.07092,10.10085],[-68.07091,10.1009],[-68.0709,10.10095],[-68.07092,10.10101],[-68.07096,10.10105],[-68.07102,10.10105],[-68.07108,10.10104],[-68.07113,10.10104],[-68.07118,10.10108],[-68.07121,10.10113],[-68.0712,10.10119],[-68.07117,10.10124],[-68.07114,10.10128],[-68.07113,10.10134],[-68.07113,10.1014],[-68.07116,10.10145],[-68.0712,10.10149],[-68.07126,10.10153],[-68.07131,10.10156],[-68.07137,10.10157],[-68.07142,10.10158],[-68.07148,10.1016],[-68.07152,10.10164],[-68.07155,10.10169],[-68.07157,10.10174],[-68.07156,10.10179],[-68.07153,10.10183],[-68.07144,10.10189],[-68.07138,10.1019],[-68.07133,10.10192],[-68.07124,10.10198],[-68.07117,10.10207],[-68.07114,10.10212],[-68.07109,10.10222],[-68.07107,10.10228],[-68.07105,10.10233],[-68.07104,10.10238],[-68.07103,10.10244],[-68.07104,10.10249],[-68.07109,10.10259],[-68.07115,10.10269],[-68.0712,10.10273],[-68.07122,10.10279],[-68.07127,10.1029],[-68.0713,10.10295],[-68.07134,10.10298],[-68.0714,10.10301],[-68.07146,10.10304],[-68.07161,10.10305],[-68.07167,10.10306],[-68.07172,10.10309],[-68.07177,10.10312],[-68.0718,10.10317],[-68.07181,10.10323],[-68.07179,10.10328],[-68.07176,10.10332],[-68.07172,10.10336],[-68.07168,10.1034],[-68.07161,10.10349],[-68.07153,10.10357],[-68.07137,10.10366],[-68.07121,10.10365],[-68.07103,10.10363],[-68.07097,10.10363],[-68.07091,10.10365],[-68.07081,10.1037],[-68.07072,10.10376],[-68.07058,10.10389],[-68.07051,10.10397],[-68.07028,10.10412],[-68.06979,10.10439],[-68.06947,10.10459],[-68.06927,10.10474],[-68.06905,10.10493],[-68.06885,10.10505],[-68.0688,10.10508],[-68.06875,10.10511],[-68.06869,10.10512],[-68.06864,10.10513],[-68.06858,10.10513],[-68.06853,10.10514],[-68.06847,10.10516],[-68.06841,10.10518],[-68.06832,10.10526],[-68.06828,10.10532],[-68.06826,10.10537],[-68.06826,10.10549],[-68.06824,10.10554],[-68.0682,10.10559],[-68.06816,10.10562],[-68.06811,10.10566],[-68.0678,10.10585],[-68.06775,10.10588],[-68.06771,10.10591],[-68.06767,10.10595],[-68.06763,10.10601],[-68.06758,10.10611],[-68.06755,10.10616],[-68.06745,10.10622],[-68.06729,10.10626],[-68.06724,10.10628],[-68.06714,10.10634],[-68.06703,10.10638],[-68.06694,10.1064],[-68.06671,10.10644],[-68.06646,10.1065],[-68.06618,10.10657],[-68.06581,10.10668],[-68.06568,10.10668],[-68.06558,10.10667],[-68.06553,10.10666],[-68.06542,10.10663],[-68.06536,10.10662],[-68.06531,10.10663],[-68.06525,10.10665],[-68.06522,10.10669],[-68.06519,10.10673],[-68.06517,10.10679],[-68.06517,10.10684],[-68.06517,10.1069],[-68.06517,10.10695],[-68.06516,10.10701],[-68.06514,10.10707],[-68.06511,10.10712],[-68.06502,10.10724],[-68.06495,10.10733],[-68.0649,10.10737],[-68.06485,10.10741],[-68.0648,10.10742],[-68.06474,10.10743],[-68.06463,10.10746],[-68.06451,10.10747],[-68.06446,10.10748],[-68.06441,10.10749],[-68.06436,10.10751],[-68.06431,10.10754],[-68.06426,10.10757],[-68.06419,10.10766],[-68.06407,10.10778],[-68.064,10.10786],[-68.06394,10.10795],[-68.06391,10.10801],[-68.0639,10.10806],[-68.06389,10.10812],[-68.0639,10.10817],[-68.06391,10.10823],[-68.06392,10.10828],[-68.06388,10.10832],[-68.06384,10.10835],[-68.06378,10.10836],[-68.06373,10.10839],[-68.06368,10.10843],[-68.06365,10.10847],[-68.06363,10.10852],[-68.06362,10.10858],[-68.06361,10.10863],[-68.06358,10.10869],[-68.06353,10.10872],[-68.06348,10.10873],[-68.06342,10.10874],[-68.06331,10.10875],[-68.06321,10.1088],[-68.06316,10.10883],[-68.06312,10.10887],[-68.06309,10.10892],[-68.06306,10.10897],[-68.06302,10.10901],[-68.06297,10.10902],[-68.06291,10.10903],[-68.0628,10.10903],[-68.06245,10.10911],[-68.06224,10.10916],[-68.06206,10.1092],[-68.06201,10.10922],[-68.06196,10.10923],[-68.06184,10.10928],[-68.06176,10.10935],[-68.06169,10.10944],[-68.06164,10.10957],[-68.06157,10.10991],[-68.06151,10.11004],[-68.06142,10.1102],[-68.06133,10.11049],[-68.06128,10.11065],[-68.06125,10.1108],[-68.06123,10.11087],[-68.06121,10.11093],[-68.06118,10.11098],[-68.06111,10.11106],[-68.06105,10.11117],[-68.06101,10.11129],[-68.06099,10.1114],[-68.06097,10.11145],[-68.06094,10.1115],[-68.0609,10.11154],[-68.06086,10.11158],[-68.06081,10.11159],[-68.0607,10.11159],[-68.06065,10.11162],[-68.0606,10.11165],[-68.06056,10.11169],[-68.06054,10.11174],[-68.0605,10.11178],[-68.06047,10.11182],[-68.06043,10.11185],[-68.0604,10.1119],[-68.06037,10.11201],[-68.06035,10.11206],[-68.06031,10.1121],[-68.06027,10.11214],[-68.06022,10.11216],[-68.06018,10.1122],[-68.06015,10.11225],[-68.06011,10.11229],[-68.06006,10.11232],[-68.06003,10.11237],[-68.06,10.11241],[-68.05997,10.11245],[-68.05995,10.1125],[-68.05993,10.11255],[-68.05993,10.11261],[-68.05996,10.11266],[-68.05998,10.11271],[-68.05996,10.11282],[-68.05994,10.11288],[-68.05994,10.11297],[-68.05993,10.11302],[-68.05993,10.11307],[-68.05994,10.11313],[-68.05994,10.11319],[-68.05993,10.11325],[-68.05992,10.1133],[-68.0599,10.11335],[-68.05987,10.11339],[-68.05983,10.11342],[-68.05978,10.11345],[-68.05962,10.11351],[-68.05957,10.11354],[-68.05942,10.11359],[-68.05936,10.11361],[-68.05931,10.11362],[-68.05926,10.11364],[-68.05921,10.11367],[-68.05917,10.1137],[-68.05912,10.11373],[-68.05906,10.11382],[-68.05904,10.11387],[-68.05902,10.11392],[-68.059,10.11397],[-68.05899,10.11403],[-68.05905,10.11412],[-68.05907,10.11418],[-68.05908,10.1142],[-68.05908,10.11425],[-68.05907,10.11431],[-68.05905,10.11436],[-68.05903,10.11442],[-68.05903,10.11447],[-68.05903,10.11452],[-68.05902,10.11458],[-68.059,10.11463],[-68.05899,10.11469],[-68.05898,10.11474],[-68.05899,10.1148],[-68.05903,10.11487],[-68.05905,10.11489],[-68.05909,10.11497],[-68.0591,10.11499],[-68.0591,10.11502],[-68.05908,10.11505],[-68.05906,10.11507],[-68.05903,10.11508],[-68.05899,10.11508],[-68.05896,10.11508],[-68.05894,10.1151],[-68.05892,10.11512],[-68.05891,10.11515],[-68.0589,10.11518],[-68.05891,10.11521],[-68.05892,10.11524],[-68.05894,10.11526],[-68.05897,10.11528],[-68.059,10.1153],[-68.05902,10.11531],[-68.05905,10.11532],[-68.05907,10.11534],[-68.05908,10.11539],[-68.05908,10.11544],[-68.05905,10.11554],[-68.05896,10.11573],[-68.05879,10.11606],[-68.05863,10.11628],[-68.05836,10.11655],[-68.05814,10.11684],[-68.05796,10.11698],[-68.05775,10.11711],[-68.05756,10.11721],[-68.05751,10.11724],[-68.05746,10.11726],[-68.05744,10.11731],[-68.05743,10.11736],[-68.05746,10.11742],[-68.05749,10.11747],[-68.05752,10.11752],[-68.05757,10.11762],[-68.05765,10.11771],[-68.05769,10.11778],[-68.05774,10.11781],[-68.05778,10.11786],[-68.05787,10.118],[-68.0579,10.11805],[-68.05793,10.1181],[-68.05803,10.11824],[-68.05807,10.11828],[-68.0581,10.11833],[-68.05812,10.11843],[-68.05814,10.11849],[-68.05818,10.11852],[-68.05822,10.11856],[-68.05831,10.11863],[-68.05835,10.11868],[-68.05838,10.11872],[-68.05842,10.11878],[-68.05844,10.11883],[-68.05844,10.11889],[-68.05843,10.11895],[-68.05845,10.119],[-68.05849,10.11904],[-68.05859,10.11911],[-68.05862,10.11916],[-68.05864,10.11922],[-68.05865,10.11927],[-68.05869,10.11948],[-68.05873,10.11959],[-68.05873,10.11964],[-68.0587,10.11975],[-68.05865,10.11979],[-68.0586,10.11979],[-68.05855,10.11978],[-68.0585,10.11977],[-68.05845,10.11978],[-68.05841,10.11982],[-68.05839,10.11987],[-68.0584,10.11993],[-68.05841,10.11999],[-68.05845,10.12013],[-68.05848,10.12017],[-68.05851,10.12022],[-68.05856,10.12025],[-68.05866,10.12031],[-68.05871,10.12035],[-68.05876,10.12038],[-68.05884,10.12045],[-68.05888,10.12049],[-68.05893,10.12053],[-68.05898,10.12056],[-68.05902,10.12059],[-68.05906,10.12064],[-68.05907,10.12069],[-68.05908,10.12078],[-68.05908,10.12095],[-68.05906,10.12126],[-68.05906,10.12139],[-68.05907,10.12151],[-68.05909,10.12163],[-68.05912,10.12174],[-68.05914,10.12183],[-68.05916,10.12192],[-68.05917,10.12197],[-68.0592,10.12204],[-68.05921,10.12209],[-68.0592,10.12213],[-68.05917,10.12218],[-68.05914,10.12222],[-68.05909,10.12229],[-68.05905,10.12236],[-68.05904,10.12242],[-68.05905,10.12248],[-68.05906,10.12252],[-68.05907,10.12258],[-68.05907,10.12262],[-68.05906,10.12276],[-68.05906,10.12291],[-68.05908,10.12303],[-68.05908,10.12314],[-68.05908,10.1232],[-68.05907,10.12326],[-68.05905,10.12337],[-68.05904,10.12347],[-68.05906,10.12355],[-68.05908,10.12368],[-68.05911,10.1238],[-68.05915,10.1239],[-68.05921,10.12407],[-68.05923,10.12414],[-68.05923,10.12419],[-68.05922,10.12423],[-68.05921,10.12428],[-68.0592,10.12431],[-68.05921,10.12433],[-68.05923,10.12434],[-68.05925,10.12435],[-68.05927,10.12436],[-68.05928,10.12439],[-68.05929,10.12442],[-68.0593,10.1245],[-68.05932,10.1247],[-68.05934,10.12485],[-68.05937,10.12499],[-68.05941,10.12511],[-68.05944,10.12519],[-68.05948,10.12527],[-68.05952,10.12535],[-68.05958,10.12541],[-68.05984,10.12561],[-68.06018,10.12592],[-68.06069,10.12634],[-68.06079,10.12624],[-68.06114,10.12659],[-68.06126,10.12646],[-68.06147,10.12671],[-68.06185,10.12736],[-68.06185,10.12767],[-68.06185,10.12842],[-68.06202,10.12873],[-68.06217,10.12874],[-68.06214,10.12891],[-68.06267,10.12939],[-68.06328,10.12992],[-68.06277,10.13047],[-68.06216,10.13114],[-68.06259,10.13153],[-68.06256,10.13159],[-68.06208,10.1321],[-68.06153,10.1327],[-68.06155,10.13272],[-68.06165,10.13278],[-68.06179,10.1328],[-68.06192,10.13282],[-68.06204,10.13285],[-68.06214,10.13285],[-68.06226,10.13288],[-68.06233,10.13295],[-68.06236,10.13307],[-68.06237,10.13317],[-68.06236,10.13328],[-68.06236,10.13339],[-68.0624,10.13349],[-68.06249,10.13357],[-68.06258,10.13363],[-68.06265,10.13369],[-68.06275,10.13375],[-68.06281,10.13384],[-68.06287,10.13395],[-68.06292,10.13405],[-68.06301,10.13413],[-68.06311,10.13417],[-68.06322,10.13422],[-68.06332,10.13428],[-68.0634,10.13436],[-68.06342,10.13446],[-68.06341,10.13458],[-68.06341,10.13469],[-68.06344,10.13481],[-68.06349,10.13491],[-68.06357,10.13509],[-68.06363,10.13519],[-68.06369,10.13528],[-68.06376,10.13538],[-68.06385,10.13544],[-68.06397,10.13547],[-68.06408,10.13551],[-68.06419,10.13556],[-68.06428,10.13563],[-68.06434,10.13572],[-68.0644,10.13582],[-68.06441,10.13594],[-68.06443,10.13605],[-68.06449,10.13615],[-68.06455,10.13624],[-68.06469,10.13639],[-68.06477,10.13651],[-68.06487,10.13671],[-68.06495,10.13679],[-68.06505,10.13686],[-68.06508,10.13687],[-68.06517,10.13695],[-68.06527,10.137],[-68.06538,10.13703],[-68.0655,10.13703],[-68.06561,10.13705],[-68.06572,10.13709],[-68.06582,10.13715],[-68.06588,10.13724],[-68.06591,10.13735],[-68.06587,10.13746],[-68.0658,10.13755],[-68.06574,10.13764],[-68.06573,10.13775],[-68.06572,10.13798],[-68.06568,10.13807],[-68.06562,10.13829],[-68.06558,10.13839],[-68.06548,10.13848],[-68.06538,10.13854],[-68.06528,10.13858],[-68.06506,10.13863],[-68.06483,10.13869],[-68.06472,10.13873],[-68.06451,10.13878],[-68.0644,10.13883],[-68.06431,10.1389],[-68.06421,10.13896],[-68.06413,10.13905],[-68.06408,10.13916],[-68.06408,10.13927],[-68.0641,10.13938],[-68.06417,10.13947],[-68.06426,10.13955],[-68.06442,10.13964],[-68.06455,10.13965],[-68.06467,10.13967],[-68.06479,10.13967],[-68.06491,10.13964],[-68.06508,10.13962],[-68.0652,10.13961],[-68.06526,10.13963],[-68.06531,10.13966],[-68.06533,10.13971],[-68.06533,10.13977],[-68.0653,10.13981],[-68.06524,10.13985],[-68.0651,10.13996],[-68.06507,10.14001],[-68.06505,10.14007],[-68.06504,10.14025],[-68.06505,10.14041],[-68.06507,10.14047],[-68.06508,10.14053],[-68.06512,10.14057],[-68.06517,10.1406],[-68.06529,10.14062],[-68.0654,10.14065],[-68.06559,10.14075],[-68.06572,10.1409],[-68.06582,10.14095],[-68.06589,10.14104],[-68.06595,10.14113],[-68.066,10.14123],[-68.06603,10.14135],[-68.06603,10.14146],[-68.066,10.14156],[-68.06595,10.14166],[-68.06592,10.14177],[-68.06592,10.14188],[-68.06595,10.14199],[-68.06593,10.14211],[-68.06591,10.14221],[-68.06589,10.14235],[-68.06591,10.14257],[-68.06594,10.14268],[-68.06598,10.14278],[-68.06604,10.14287],[-68.06614,10.14293],[-68.06625,10.14294],[-68.06636,10.14291],[-68.06648,10.14288],[-68.06659,10.14287],[-68.06669,10.14293],[-68.06676,10.14299],[-68.0668,10.14307],[-68.06686,10.14327],[-68.06685,10.14334],[-68.06682,10.14344],[-68.06682,10.14355],[-68.06685,10.14366],[-68.06686,10.14377],[-68.06688,10.14388],[-68.06688,10.14409],[-68.06686,10.14421],[-68.06682,10.1443],[-68.06675,10.1444],[-68.06669,10.14449],[-68.06664,10.14458],[-68.06659,10.14468],[-68.06655,10.14478],[-68.06655,10.14489],[-68.06657,10.145],[-68.06663,10.14509],[-68.06679,10.1452],[-68.06691,10.1452],[-68.06702,10.14521],[-68.06712,10.14527],[-68.06721,10.14534],[-68.06727,10.14543],[-68.06732,10.14553],[-68.06734,10.14564],[-68.06739,10.14574],[-68.06744,10.14584],[-68.06747,10.14596],[-68.06748,10.14619],[-68.06746,10.1464],[-68.06746,10.14663],[-68.06744,10.14674],[-68.0674,10.14686],[-68.06732,10.14695],[-68.06722,10.147],[-68.06713,10.14707],[-68.06705,10.14715],[-68.06699,10.14724],[-68.06698,10.14735],[-68.06698,10.1476],[-68.06697,10.14771],[-68.06695,10.14782],[-68.06688,10.148],[-68.06685,10.1481],[-68.06684,10.14822],[-68.06684,10.14834],[-68.06688,10.14844],[-68.06695,10.14854],[-68.06704,10.14861],[-68.0671,10.1487],[-68.06716,10.1488],[-68.06721,10.1489],[-68.06723,10.14901],[-68.06727,10.14912],[-68.06727,10.14922],[-68.06724,10.14944],[-68.06714,10.14967],[-68.0671,10.14977],[-68.06708,10.14987],[-68.06709,10.14998],[-68.06711,10.1501],[-68.06712,10.1502],[-68.06711,10.15042],[-68.06771,10.15039],[-68.06788,10.1544],[-68.06695,10.15612],[-68.06631,10.15906],[-68.06715,10.16065],[-68.06681,10.16188],[-68.06684,10.16335],[-68.06662,10.16523],[-68.0664,10.16661],[-68.06403,10.17019],[-68.06344,10.17177],[-68.06994,10.17594],[-68.07513,10.17547],[-68.07524,10.17548],[-68.07547,10.1755],[-68.0756,10.17554],[-68.07571,10.17557],[-68.07582,10.17561],[-68.07594,10.17564],[-68.07617,10.17572],[-68.07627,10.17578],[-68.07636,10.17587],[-68.07648,10.17605],[-68.07764,10.17426],[-68.07901,10.17399],[-68.08034,10.17266],[-68.08195,10.17171],[-68.08422,10.17052],[-68.08591,10.16976],[-68.08784,10.16937],[-68.09095,10.16953],[-68.09222,10.16906],[-68.09449,10.16889],[-68.09616,10.16912],[-68.09807,10.17032],[-68.09928,10.17058],[-68.10059,10.17061],[-68.10184,10.17099],[-68.10218,10.17192],[-68.10223,10.17205],[-68.10223,10.17217],[-68.10225,10.17261],[-68.10227,10.17273],[-68.1023,10.17283],[-68.10237,10.17293],[-68.10261,10.1732],[-68.10271,10.17327],[-68.10283,10.17332],[-68.1029,10.17338],[-68.10293,10.17344],[-68.10294,10.17352],[-68.10295,10.17361],[-68.10297,10.17369],[-68.10301,10.17377],[-68.10304,10.17386],[-68.10307,10.17395],[-68.10315,10.17448],[-68.10326,10.17499],[-68.10333,10.17524],[-68.10351,10.17534],[-68.10372,10.17556],[-68.1039,10.17574],[-68.10401,10.17595],[-68.10408,10.17627],[-68.10407,10.17659],[-68.10395,10.17687],[-68.10407,10.17695],[-68.10414,10.177],[-68.10429,10.17708],[-68.10436,10.17717],[-68.10444,10.17731],[-68.10458,10.17767],[-68.10468,10.17802],[-68.10487,10.17848],[-68.10474,10.17906],[-68.10448,10.17962],[-68.10434,10.17999],[-68.10433,10.18017],[-68.10434,10.18036],[-68.10436,10.18049],[-68.10439,10.18059],[-68.10446,10.18069],[-68.10454,10.18086],[-68.10459,10.18101],[-68.10461,10.18111],[-68.1046,10.18118],[-68.10452,10.18144],[-68.10438,10.18169],[-68.10435,10.18183],[-68.10437,10.18199],[-68.1044,10.18214],[-68.10447,10.18228],[-68.10458,10.18243],[-68.10505,10.18282],[-68.1056,10.18337],[-68.10576,10.18357],[-68.10592,10.18383],[-68.10608,10.18411],[-68.10617,10.18428],[-68.1062,10.18438],[-68.10621,10.1845],[-68.10619,10.1846],[-68.10614,10.18481],[-68.10611,10.18501],[-68.10614,10.1852],[-68.1062,10.18535],[-68.10631,10.18556],[-68.10646,10.18574],[-68.10674,10.18604],[-68.10705,10.18633],[-68.10758,10.18673],[-68.10786,10.18696],[-68.10796,10.18706],[-68.10801,10.18717],[-68.10805,10.18729],[-68.10822,10.18772],[-68.10852,10.18841],[-68.10875,10.18886],[-68.10881,10.18903],[-68.10886,10.18924],[-68.10892,10.1896],[-68.10891,10.18973],[-68.10886,10.18995],[-68.10873,10.19049],[-68.10866,10.19078],[-68.10861,10.19096],[-68.10856,10.19112],[-68.10856,10.19121],[-68.10858,10.19129],[-68.10865,10.19135],[-68.10877,10.19141],[-68.10898,10.1915],[-68.10917,10.19162],[-68.10936,10.19176],[-68.10948,10.19187],[-68.10964,10.19197],[-68.10978,10.19207],[-68.10993,10.19219],[-68.11015,10.19237],[-68.11029,10.19251],[-68.11044,10.19261],[-68.11058,10.19268],[-68.11085,10.1928],[-68.11102,10.19291],[-68.11132,10.19315],[-68.11162,10.19346],[-68.11189,10.19369],[-68.11209,10.19385],[-68.11221,10.19402],[-68.11233,10.19418],[-68.11243,10.19434],[-68.11257,10.1945],[-68.11275,10.19464],[-68.11313,10.19495],[-68.11331,10.19512],[-68.11345,10.19526],[-68.11354,10.19543],[-68.11358,10.19559],[-68.1136,10.19575],[-68.11362,10.19588],[-68.11367,10.19602],[-68.11376,10.19615],[-68.11389,10.19631],[-68.11398,10.19645],[-68.11405,10.1966],[-68.11422,10.19684],[-68.11429,10.19692],[-68.11431,10.19703],[-68.11436,10.19739],[-68.1144,10.1975],[-68.11445,10.19762],[-68.11449,10.19771],[-68.11455,10.19779],[-68.11463,10.19786],[-68.11473,10.19792],[-68.11486,10.19796],[-68.1151,10.19805],[-68.11535,10.19818],[-68.11552,10.19828],[-68.11569,10.1984],[-68.11582,10.19853],[-68.11592,10.19864],[-68.11601,10.19878],[-68.1161,10.19893],[-68.11617,10.19908],[-68.11634,10.19942],[-68.11665,10.19999],[-68.11617,10.20073],[-68.1158,10.20131],[-68.1157,10.20154],[-68.11558,10.20185],[-68.11552,10.20207],[-68.11544,10.20221],[-68.11534,10.20244],[-68.11527,10.20278],[-68.11528,10.203],[-68.1153,10.20313],[-68.11535,10.20327],[-68.11544,10.20343],[-68.11558,10.2036],[-68.11573,10.20391],[-68.11581,10.20424],[-68.11595,10.20495],[-68.11604,10.20543],[-68.11614,10.20579],[-68.11658,10.20681],[-68.1169,10.20763],[-68.11709,10.20797],[-68.11723,10.20834],[-68.11743,10.20869],[-68.11758,10.20891],[-68.11775,10.20913],[-68.11797,10.20911],[-68.11812,10.20913],[-68.11822,10.20919],[-68.1183,10.20929],[-68.11836,10.20937],[-68.11845,10.20947],[-68.11859,10.20956],[-68.11885,10.20969],[-68.11905,10.2098],[-68.11918,10.2099],[-68.11925,10.21001],[-68.11936,10.21018],[-68.11954,10.21055],[-68.11963,10.21076],[-68.11974,10.21094],[-68.11984,10.21108],[-68.12002,10.21128],[-68.12043,10.21164],[-68.12081,10.2119],[-68.12107,10.21206],[-68.12124,10.21222],[-68.12134,10.21236],[-68.12144,10.21253],[-68.12148,10.21265],[-68.12152,10.21285],[-68.12161,10.21321],[-68.12165,10.21339],[-68.12171,10.21354],[-68.12177,10.21367],[-68.12188,10.21378],[-68.12202,10.21391],[-68.12223,10.21405],[-68.12269,10.21429],[-68.12348,10.21471],[-68.12384,10.21489],[-68.12397,10.21499],[-68.12413,10.21516],[-68.12407,10.21542],[-68.12407,10.21559],[-68.12407,10.21571],[-68.12411,10.21593],[-68.1242,10.21618],[-68.12428,10.21648],[-68.12438,10.21703],[-68.12442,10.21737],[-68.12443,10.21756],[-68.12442,10.21803],[-68.12441,10.21836],[-68.12441,10.21864],[-68.12447,10.2189],[-68.12456,10.21919],[-68.12467,10.21944],[-68.12473,10.21958],[-68.12475,10.2198],[-68.12473,10.22002],[-68.12473,10.22027],[-68.12477,10.22053],[-68.12489,10.22093],[-68.12505,10.22127],[-68.12517,10.22164],[-68.12527,10.22211],[-68.12549,10.22287],[-68.12572,10.22314],[-68.1259,10.2234],[-68.12607,10.22372],[-68.12625,10.22408],[-68.12597,10.2247],[-68.12578,10.22519],[-68.12542,10.22609],[-68.12518,10.22673],[-68.12463,10.22771],[-68.12462,10.22829],[-68.12458,10.22864],[-68.12452,10.22912],[-68.12438,10.22999],[-68.12382,10.23054],[-68.12362,10.23069],[-68.12312,10.23107],[-68.12218,10.23188],[-68.0448,10.23067],[-68.0411,10.23062],[-68.03331,10.23049],[-68.02708,10.2304],[-68.02685,10.22983],[-68.02642,10.22936],[-68.02543,10.22932],[-68.02473,10.22957],[-68.02387,10.23002],[-68.02337,10.23025],[-68.02321,10.22974],[-68.02285,10.22983],[-68.0227,10.22994],[-68.02213,10.2304],[-68.01935,10.23046],[-68.01757,10.23046],[-68.01468,10.23044],[-68.01176,10.2304],[-68.01098,10.22987],[-68.01052,10.22961],[-68.00962,10.22922],[-68.00893,10.22889],[-68.00817,10.22852],[-68.00744,10.22819],[-68.00696,10.22796],[-68.00654,10.22773],[-68.00629,10.22757],[-68.00597,10.22734],[-68.00578,10.22717],[-68.00564,10.22705],[-68.00552,10.22693],[-68.0054,10.2268],[-68.00528,10.22666],[-68.00513,10.22647],[-68.00499,10.22628],[-68.00469,10.22584],[-68.00406,10.22461],[-68.00404,10.22499],[-68.004,10.22532],[-68.00393,10.2256],[-68.00373,10.22629],[-68.00352,10.22705],[-68.00328,10.22783],[-68.00315,10.22826],[-68.00292,10.22901],[-68.00265,10.22991],[-68.00237,10.23088],[-68.00207,10.23187],[-68.00197,10.23223],[-68.00182,10.23267],[-68.00156,10.23354],[-68.00144,10.23398],[-68.0005,10.23388],[-68.00028,10.23385],[-68.00016,10.23382],[-67.99997,10.23375],[-67.9997,10.23362],[-67.99956,10.23356],[-67.99949,10.23354],[-67.99931,10.23352],[-67.99871,10.23346],[-67.99679,10.23329],[-67.99652,10.23322],[-67.99558,10.23318],[-67.99318,10.23309],[-67.99118,10.23304],[-67.99116,10.23374],[-67.99068,10.23373],[-67.99068,10.2345],[-67.98867,10.23448],[-67.98817,10.23448],[-67.98761,10.23436],[-67.98709,10.23417],[-67.98671,10.23408],[-67.98639,10.23401],[-67.98614,10.23394],[-67.98597,10.23387],[-67.98534,10.23361],[-67.98509,10.23348],[-67.98489,10.23342],[-67.98472,10.23341],[-67.98459,10.23343],[-67.98443,10.23347],[-67.98423,10.23353],[-67.98385,10.23364],[-67.98336,10.23372],[-67.98334,10.2337],[-67.98331,10.23366],[-67.98329,10.23361],[-67.98328,10.23353],[-67.98329,10.23343],[-67.98333,10.23324],[-67.98335,10.23314],[-67.98334,10.23304],[-67.98332,10.23297],[-67.98328,10.2329],[-67.9831,10.23269],[-67.98285,10.23237],[-67.98297,10.2321],[-67.98308,10.23195],[-67.98318,10.23176],[-67.98325,10.23162],[-67.98332,10.23152],[-67.98337,10.23141],[-67.98339,10.23127],[-67.98344,10.23094],[-67.9835,10.23045],[-67.98352,10.23032],[-67.98357,10.2302],[-67.98376,10.22982],[-67.98378,10.22976],[-67.98382,10.2296],[-67.98389,10.22931],[-67.98394,10.22904],[-67.98404,10.22863],[-67.98409,10.2284],[-67.98411,10.22831],[-67.98412,10.22823],[-67.9841,10.22813],[-67.98405,10.22802],[-67.98395,10.22786],[-67.98392,10.2278],[-67.98391,10.22772],[-67.98393,10.22764],[-67.98395,10.22758],[-67.98395,10.22751],[-67.98395,10.22745],[-67.98393,10.22738],[-67.98391,10.2273],[-67.9839,10.22715],[-67.98366,10.22716],[-67.98359,10.22689],[-67.98351,10.22671],[-67.98344,10.2266],[-67.98336,10.22649],[-67.98326,10.22639],[-67.98314,10.22627],[-67.98303,10.22615],[-67.98295,10.22601],[-67.98293,10.22588],[-67.98291,10.22569],[-67.98295,10.22555],[-67.98301,10.22537],[-67.98302,10.22529],[-67.98301,10.22519],[-67.98297,10.2251],[-67.98289,10.22499],[-67.98277,10.22486],[-67.9827,10.22477],[-67.98265,10.22466],[-67.98262,10.22452],[-67.98261,10.22435],[-67.98262,10.22411],[-67.98261,10.22401],[-67.98257,10.22395],[-67.98252,10.22391],[-67.98245,10.22387],[-67.98238,10.22383],[-67.98233,10.22377],[-67.98226,10.22367],[-67.98221,10.22356],[-67.98215,10.22336],[-67.98211,10.22325],[-67.98203,10.22315],[-67.9819,10.22306],[-67.98179,10.22301],[-67.98167,10.22295],[-67.98151,10.22287],[-67.98141,10.2228],[-67.98134,10.22268],[-67.98126,10.22241],[-67.98122,10.22218],[-67.98119,10.22194],[-67.98117,10.22172],[-67.98118,10.22147],[-67.98124,10.22112],[-67.98136,10.22057],[-67.98142,10.22015],[-67.98152,10.21962],[-67.98162,10.21928],[-67.98164,10.21918],[-67.98164,10.21904],[-67.98163,10.21891],[-67.9816,10.21876],[-67.98159,10.21851],[-67.98158,10.21818],[-67.98158,10.21804],[-67.98155,10.21793],[-67.9815,10.21782],[-67.98145,10.21773],[-67.98138,10.21761],[-67.98132,10.21749],[-67.98128,10.21732],[-67.9812,10.21672],[-67.98118,10.21575],[-67.98169,10.21534],[-67.9816,10.21497],[-67.98154,10.21471],[-67.9815,10.21462],[-67.98142,10.21447],[-67.98136,10.21422],[-67.98132,10.2141],[-67.98125,10.21397],[-67.98115,10.21382],[-67.98111,10.21376],[-67.98109,10.21371],[-67.98108,10.21363],[-67.9811,10.21349],[-67.98113,10.21331],[-67.98116,10.21318],[-67.98115,10.21303],[-67.98112,10.21278],[-67.98105,10.21234],[-67.98101,10.21209],[-67.98098,10.21194],[-67.98097,10.21177],[-67.98096,10.21166],[-67.98092,10.21155],[-67.98086,10.21146],[-67.98079,10.21136],[-67.98067,10.21127],[-67.98071,10.21116],[-67.98076,10.21106],[-67.98083,10.21096],[-67.98097,10.21083],[-67.98082,10.21052],[-67.98075,10.21035],[-67.98064,10.21014],[-67.98056,10.20992],[-67.98043,10.20957],[-67.98064,10.20947],[-67.98085,10.20935],[-67.98153,10.20892],[-67.98177,10.20876],[-67.98197,10.20859],[-67.9822,10.20843],[-67.98232,10.20833],[-67.98255,10.20805],[-67.98272,10.20782],[-67.98279,10.20772],[-67.98282,10.20766],[-67.98282,10.20757],[-67.98281,10.20745],[-67.98279,10.20736],[-67.98278,10.20729],[-67.98277,10.20723],[-67.98277,10.20716],[-67.98279,10.20707],[-67.98282,10.20698],[-67.98288,10.20679],[-67.98296,10.20655],[-67.98309,10.20647],[-67.98317,10.20639],[-67.98326,10.20629],[-67.98331,10.20617],[-67.98333,10.20599],[-67.98336,10.20581],[-67.98343,10.2055],[-67.98351,10.20545],[-67.98363,10.20536],[-67.98373,10.20525],[-67.98381,10.20514],[-67.98392,10.20505],[-67.98443,10.20495],[-67.9848,10.2049],[-67.98487,10.20488],[-67.98494,10.20484],[-67.98502,10.20477],[-67.98507,10.2047],[-67.9851,10.2046],[-67.98514,10.20446],[-67.98517,10.20431],[-67.98521,10.20406],[-67.98523,10.20365],[-67.98566,10.20346],[-67.98577,10.20339],[-67.98587,10.20332],[-67.98607,10.20316],[-67.98619,10.20306],[-67.98634,10.20297],[-67.98641,10.20289],[-67.98645,10.2028],[-67.98648,10.20269],[-67.9865,10.20262],[-67.98653,10.20253],[-67.98666,10.20233],[-67.98671,10.20225],[-67.98677,10.20206],[-67.98684,10.20193],[-67.98688,10.20188],[-67.98691,10.20184],[-67.98698,10.20179],[-67.98704,10.20175],[-67.98712,10.20167],[-67.98716,10.20159],[-67.9872,10.20153],[-67.98727,10.20146],[-67.98738,10.20137],[-67.98752,10.20126],[-67.9877,10.20111],[-67.98776,10.20104],[-67.98781,10.20095],[-67.98784,10.20085],[-67.98791,10.20074],[-67.98799,10.20067],[-67.98812,10.20058],[-67.98821,10.20049],[-67.9883,10.20039],[-67.98843,10.20024],[-67.98853,10.20007],[-67.98865,10.19982],[-67.98801,10.19944],[-67.9876,10.19915],[-67.98745,10.19903],[-67.98738,10.19895],[-67.98734,10.19888],[-67.98733,10.19879],[-67.98735,10.19867],[-67.98737,10.19855],[-67.9874,10.19845],[-67.98745,10.19835],[-67.9875,10.19824],[-67.98753,10.19811],[-67.98756,10.19796],[-67.98757,10.19775],[-67.98759,10.19751],[-67.98761,10.1971],[-67.9876,10.19692],[-67.98759,10.1968],[-67.98753,10.19668],[-67.98746,10.19657],[-67.98736,10.19645],[-67.98726,10.19639],[-67.98704,10.1963],[-67.98615,10.19597],[-67.98617,10.19555],[-67.98618,10.19514],[-67.98621,10.19483],[-67.98621,10.19468],[-67.98622,10.19454],[-67.98624,10.19439],[-67.98628,10.19418],[-67.98632,10.19389],[-67.98632,10.19376],[-67.9863,10.19359],[-67.98627,10.19346],[-67.98622,10.1933],[-67.98618,10.19317],[-67.98616,10.19307],[-67.98614,10.19296],[-67.98616,10.19284],[-67.98619,10.19271],[-67.98621,10.1926],[-67.98624,10.19246],[-67.98621,10.19223],[-67.98616,10.1919],[-67.98614,10.19179],[-67.9861,10.19168],[-67.98604,10.19159],[-67.98593,10.19151],[-67.98581,10.19143],[-67.98567,10.19129],[-67.98557,10.19117],[-67.98547,10.19102],[-67.98543,10.19086],[-67.9854,10.1907],[-67.98538,10.19051],[-67.98545,10.19011],[-67.98548,10.19008],[-67.9855,10.18989],[-67.9855,10.18981],[-67.98547,10.18974],[-67.98543,10.18966],[-67.98531,10.18954],[-67.98511,10.18931],[-67.98504,10.189],[-67.98498,10.18875],[-67.98487,10.18837],[-67.98481,10.18814],[-67.98469,10.1878],[-67.98468,10.18774],[-67.98466,10.18767],[-67.98464,10.18763],[-67.98465,10.18749],[-67.98464,10.18739],[-67.9846,10.18728],[-67.98458,10.18705],[-67.98451,10.18691],[-67.98446,10.18668],[-67.98459,10.18651],[-67.98466,10.18639],[-67.9847,10.18625],[-67.98473,10.18606],[-67.98472,10.18585],[-67.98473,10.18563],[-67.98469,10.18542],[-67.98476,10.18518],[-67.98481,10.18493],[-67.98484,10.18469],[-67.98488,10.18447],[-67.98481,10.18429],[-67.98472,10.1841],[-67.9849,10.18379],[-67.98503,10.18338],[-67.98516,10.18192],[-67.98529,10.18166],[-67.98627,10.18037],[-67.98545,10.18041],[-67.985,10.18046],[-67.98463,10.18055],[-67.98375,10.18082],[-67.98357,10.18088],[-67.98267,10.18124],[-67.98216,10.18145],[-67.98179,10.18159],[-67.98172,10.18162],[-67.98159,10.18166],[-67.9813,10.18176],[-67.9809,10.18189],[-67.98068,10.18195],[-67.98043,10.18202],[-67.98012,10.1821],[-67.97969,10.18221],[-67.9794,10.18227],[-67.97917,10.18232],[-67.97896,10.18236],[-67.97854,10.18243],[-67.97791,10.18253],[-67.97739,10.18262],[-67.97681,10.18272],[-67.97561,10.18291],[-67.97451,10.18309],[-67.97318,10.18331],[-67.9722,10.18346],[-67.97105,10.18364],[-67.97029,10.18376],[-67.96908,10.18396],[-67.968,10.18414],[-67.96786,10.18417],[-67.96708,10.1843],[-67.96577,10.18452],[-67.96462,10.18472],[-67.96443,10.18475],[-67.96343,10.18493],[-67.96204,10.18515],[-67.96092,10.18534],[-67.957,10.18598],[-67.95303,10.18663],[-67.95201,10.18681],[-67.95163,10.18689],[-67.9513,10.18696],[-67.95085,10.18708],[-67.9507,10.18712],[-67.95068,10.18699],[-67.95067,10.18676],[-67.9506,10.18619],[-67.95052,10.18558],[-67.95043,10.18476],[-67.9504,10.18449],[-67.95039,10.18437],[-67.95014,10.18296],[-67.94999,10.18204],[-67.94973,10.18208],[-67.94946,10.18212],[-67.94936,10.18212],[-67.9493,10.18211],[-67.94921,10.18209],[-67.94913,10.18202],[-67.94898,10.18189],[-67.9487,10.18156],[-67.94824,10.18101],[-67.94816,10.18093],[-67.94807,10.18084],[-67.94778,10.18059],[-67.9477,10.18055],[-67.94761,10.18052],[-67.94753,10.18049],[-67.94749,10.18045],[-67.94747,10.1804],[-67.94745,10.18034],[-67.94744,10.18027],[-67.94742,10.18022],[-67.94737,10.18017],[-67.94733,10.18012],[-67.94719,10.17996],[-67.94696,10.1797],[-67.94643,10.17909],[-67.94625,10.17888],[-67.94601,10.17862],[-67.94567,10.1783],[-67.94533,10.17798],[-67.94517,10.17781],[-67.94504,10.17766],[-67.94491,10.17749],[-67.94477,10.17729],[-67.94461,10.17709],[-67.9445,10.17698],[-67.94432,10.17682],[-67.94406,10.17652],[-67.94374,10.17602],[-67.94322,10.17491],[-67.9431,10.17464],[-67.94304,10.17447],[-67.94298,10.17426],[-67.94291,10.17405],[-67.94282,10.17383],[-67.94274,10.17364],[-67.94252,10.17319],[-67.94244,10.17306],[-67.94236,10.17295],[-67.9423,10.17289],[-67.94223,10.17281],[-67.94216,10.17273],[-67.94211,10.1726],[-67.94205,10.17243],[-67.94177,10.17188],[-67.94133,10.17099],[-67.94125,10.17082],[-67.94119,10.17073],[-67.9411,10.17064],[-67.941,10.17056],[-67.94076,10.17044],[-67.94061,10.17037],[-67.94041,10.1703],[-67.94003,10.17018],[-67.93988,10.17013],[-67.93878,10.16976],[-67.93834,10.1696],[-67.93822,10.16955],[-67.93811,10.16947],[-67.93803,10.16937],[-67.93766,10.16904],[-67.93753,10.16894],[-67.93741,10.16881],[-67.9372,10.16855],[-67.93686,10.1682],[-67.93662,10.16799],[-67.93646,10.16787],[-67.93634,10.16779],[-67.93619,10.16773],[-67.93607,10.16766],[-67.93598,10.16759],[-67.93563,10.16727],[-67.93544,10.16708],[-67.93532,10.16699],[-67.9352,10.16693],[-67.93508,10.1669],[-67.93491,10.16689],[-67.93478,10.16691],[-67.93463,10.16696],[-67.93447,10.16702],[-67.9343,10.16705],[-67.934,10.16707],[-67.93387,10.16707],[-67.93373,10.16705],[-67.93351,10.167],[-67.93329,10.16698],[-67.93307,10.16697],[-67.93279,10.16697],[-67.93248,10.167],[-67.93211,10.167],[-67.93173,10.16699],[-67.93146,10.16697],[-67.93123,10.16696],[-67.93114,10.16694],[-67.93104,10.16692],[-67.93098,10.16689],[-67.9309,10.16684],[-67.93079,10.16675],[-67.93073,10.16668],[-67.93072,10.16663],[-67.93071,10.16657],[-67.93071,10.1665],[-67.93073,10.16637],[-67.93073,10.1663],[-67.93073,10.16625],[-67.9307,10.16615],[-67.93066,10.16608],[-67.93062,10.16604],[-67.93057,10.16602],[-67.9305,10.166],[-67.93029,10.16597],[-67.93024,10.16595],[-67.9302,10.16593],[-67.93018,10.16588],[-67.93015,10.16579],[-67.93004,10.16548],[-67.92998,10.16537],[-67.92991,10.16527],[-67.92978,10.16506],[-67.92947,10.16458],[-67.92917,10.16416],[-67.92911,10.16405],[-67.92907,10.16395],[-67.92904,10.1639],[-67.92903,10.16386],[-67.92902,10.16375],[-67.929,10.16355],[-67.92901,10.16346],[-67.92905,10.16333],[-67.92908,10.16322],[-67.92909,10.16311],[-67.92909,10.163],[-67.9291,10.16275],[-67.92913,10.16251],[-67.92917,10.16221],[-67.92919,10.16197],[-67.92922,10.1616],[-67.92928,10.16116],[-67.92929,10.16102],[-67.92931,10.16085],[-67.92934,10.16059],[-67.92934,10.16051],[-67.92933,10.16046],[-67.92933,10.16039],[-67.92927,10.16009],[-67.92924,10.16002],[-67.92919,10.15991],[-67.92909,10.15971],[-67.929,10.15952],[-67.92893,10.1594],[-67.9289,10.15937],[-67.92928,10.15863],[-67.92911,10.15794],[-67.92882,10.15765],[-67.92699,10.15495],[-67.92616,10.1538],[-67.92473,10.15147],[-67.92429,10.15045],[-67.92421,10.14884],[-67.92415,10.14846],[-67.9234,10.147],[-67.92318,10.14664],[-67.92294,10.14591],[-67.92294,10.14522],[-67.92197,10.14454],[-67.9215,10.14444],[-67.92118,10.14406],[-67.92067,10.14371],[-67.92065,10.1435],[-67.92032,10.14306],[-67.92015,10.14256],[-67.9198,10.14208],[-67.91934,10.1416],[-67.91883,10.14111],[-67.91837,10.14091],[-67.91786,10.14056],[-67.91743,10.14003],[-67.91725,10.13982],[-67.91697,10.13951],[-67.91661,10.13914],[-67.91633,10.1389],[-67.91626,10.13886],[-67.91619,10.13881],[-67.91613,10.13876],[-67.91608,10.13869],[-67.91606,10.13862],[-67.91606,10.13856],[-67.91608,10.13849],[-67.91611,10.13836],[-67.91611,10.13826],[-67.91612,10.13785],[-67.91613,10.13752],[-67.91614,10.13739],[-67.91616,10.1373],[-67.91623,10.13714],[-67.91626,10.13706],[-67.91634,10.13695],[-67.91636,10.13691],[-67.91641,10.13683],[-67.91643,10.13675],[-67.91644,10.1367],[-67.91647,10.13667],[-67.91652,10.13663],[-67.91663,10.13654],[-67.91675,10.13646],[-67.91684,10.13636],[-67.91726,10.13571],[-67.91774,10.13506],[-67.91783,10.13488],[-67.91801,10.13444],[-67.91807,10.13433],[-67.91817,10.13408],[-67.91825,10.13383],[-67.91828,10.13377],[-67.91832,10.1337],[-67.91842,10.13357],[-67.91846,10.13349],[-67.9185,10.13342],[-67.91855,10.13333],[-67.91858,10.13326],[-67.91865,10.13314],[-67.91883,10.13285],[-67.91892,10.13273],[-67.91895,10.1327],[-67.91899,10.13267],[-67.91914,10.13258],[-67.91935,10.13243],[-67.91951,10.13232],[-67.91957,10.13226],[-67.9196,10.13222],[-67.91962,10.13218],[-67.91964,10.13213],[-67.91968,10.13208],[-67.91971,10.13206],[-67.91977,10.13203],[-67.91984,10.13199],[-67.91992,10.13196],[-67.92013,10.1319],[-67.92018,10.13188],[-67.92022,10.13185],[-67.92024,10.13182],[-67.92026,10.13179],[-67.92041,10.13141],[-67.92047,10.13122],[-67.92053,10.13095],[-67.9205,10.13094],[-67.92046,10.13091],[-67.92043,10.13086],[-67.92041,10.13082],[-67.92037,10.13065],[-67.92026,10.13003],[-67.92023,10.12989],[-67.92015,10.12962],[-67.92013,10.12954],[-67.92014,10.12948],[-67.92019,10.12924],[-67.9202,10.1292],[-67.92019,10.12912],[-67.92018,10.12906],[-67.92019,10.12901],[-67.9202,10.12895],[-67.92023,10.12885],[-67.9203,10.1287],[-67.92033,10.12863],[-67.92035,10.12855],[-67.92039,10.1283],[-67.92042,10.12804],[-67.92044,10.12786],[-67.92046,10.12757],[-67.92049,10.12725],[-67.92049,10.12707],[-67.92051,10.12687],[-67.92052,10.12673],[-67.92054,10.12634],[-67.92054,10.12621],[-67.92056,10.12608],[-67.92057,10.12599],[-67.92058,10.12587],[-67.9206,10.12546],[-67.92062,10.12515],[-67.92063,10.12483],[-67.92065,10.12464],[-67.92065,10.12448],[-67.92065,10.12429],[-67.92065,10.12414],[-67.92066,10.12396],[-67.92066,10.12382],[-67.92065,10.12372],[-67.92063,10.12356],[-67.92056,10.12321],[-67.92172,10.12277],[-67.92167,10.12218],[-67.92198,10.12205],[-67.92207,10.122],[-67.92214,10.12193],[-67.92222,10.12186],[-67.92231,10.12179],[-67.9234,10.12115],[-67.92395,10.12095],[-67.92431,10.12081],[-67.92438,10.12077],[-67.92443,10.12072],[-67.92454,10.12065],[-67.92454,10.12065],[-67.92449,10.11936],[-67.92445,10.11901],[-67.92446,10.11892],[-67.92448,10.11862],[-67.92466,10.11788],[-67.92472,10.11772],[-67.92473,10.11767],[-67.9247,10.11703],[-67.92462,10.11582],[-67.9246,10.1156],[-67.92465,10.11476],[-67.92466,10.11425],[-67.92476,10.11304],[-67.92479,10.11272],[-67.92487,10.11235],[-67.92501,10.11193],[-67.92516,10.11142],[-67.92521,10.11056],[-67.92518,10.11025],[-67.92506,10.10997],[-67.92459,10.10904],[-67.9245,10.10753],[-67.92452,10.10419],[-67.92452,10.10022]]]}},{"type":"Feature","properties":{"name":"Libertador","admin_level":"6","osm_id":10833240},"geometry":{"type":"Polygon","coordinates":[[[-68.20403,10.07616],[-68.20406,10.07606],[-68.20294,10.07409],[-68.20224,10.07314],[-68.20063,10.07037],[-68.19861,10.06887],[-68.19793,10.06719],[-68.19751,10.06591],[-68.19736,10.06552],[-68.19732,10.06538],[-68.19731,10.06525],[-68.19733,10.0651],[-68.19739,10.065],[-68.19745,10.06492],[-68.19747,10.06486],[-68.19748,10.0648],[-68.19747,10.06471],[-68.19743,10.06458],[-68.19726,10.06422],[-68.19721,10.06405],[-68.19719,10.06392],[-68.1972,10.0638],[-68.19724,10.0637],[-68.19731,10.06361],[-68.1974,10.06354],[-68.19749,10.06349],[-68.1976,10.06346],[-68.19772,10.06346],[-68.19799,10.06353],[-68.19836,10.06358],[-68.19857,10.06359],[-68.19877,10.06357],[-68.19891,10.06353],[-68.19899,10.0635],[-68.19908,10.06345],[-68.19915,10.06337],[-68.19922,10.06326],[-68.19923,10.06318],[-68.19923,10.06306],[-68.19917,10.06284],[-68.1991,10.06264],[-68.19905,10.06247],[-68.19893,10.06214],[-68.19885,10.06186],[-68.19883,10.06176],[-68.19883,10.06169],[-68.19887,10.06162],[-68.19893,10.06155],[-68.19903,10.06149],[-68.19915,10.06146],[-68.19927,10.06146],[-68.19939,10.06149],[-68.19953,10.06152],[-68.19964,10.06156],[-68.19979,10.06159],[-68.19998,10.06161],[-68.20011,10.06158],[-68.20031,10.06153],[-68.20042,10.06149],[-68.20056,10.06143],[-68.20065,10.06137],[-68.20075,10.06129],[-68.20079,10.06121],[-68.20081,10.06114],[-68.2008,10.06104],[-68.2008,10.06081],[-68.20085,10.06063],[-68.20087,10.06053],[-68.20087,10.06029],[-68.20085,10.05993],[-68.20081,10.05978],[-68.20078,10.05964],[-68.20062,10.05913],[-68.20052,10.05887],[-68.20037,10.05861],[-68.2002,10.05832],[-68.20011,10.05814],[-68.20005,10.05801],[-68.20004,10.0579],[-68.20004,10.05778],[-68.20008,10.05767],[-68.20016,10.05757],[-68.20024,10.05748],[-68.20034,10.05742],[-68.20041,10.0574],[-68.20049,10.0574],[-68.2006,10.05746],[-68.20119,10.05786],[-68.20158,10.05809],[-68.20185,10.05824],[-68.20217,10.05838],[-68.2024,10.0585],[-68.20256,10.05861],[-68.20277,10.05882],[-68.20315,10.05914],[-68.20329,10.05925],[-68.20338,10.0593],[-68.20348,10.05933],[-68.20356,10.05933],[-68.20364,10.05931],[-68.20373,10.05923],[-68.20385,10.05911],[-68.20395,10.05894],[-68.204,10.05881],[-68.20406,10.05855],[-68.2041,10.05833],[-68.20413,10.05824],[-68.20417,10.05813],[-68.20424,10.05803],[-68.20431,10.05792],[-68.20437,10.05784],[-68.20442,10.05773],[-68.20447,10.05758],[-68.20456,10.05714],[-68.20462,10.05678],[-68.20464,10.05652],[-68.20466,10.0563],[-68.20469,10.05624],[-68.20473,10.05619],[-68.20478,10.05617],[-68.20488,10.05615],[-68.20501,10.05614],[-68.20513,10.05613],[-68.20532,10.05607],[-68.2055,10.05596],[-68.20563,10.05587],[-68.20577,10.05578],[-68.20586,10.05577],[-68.20599,10.05576],[-68.20616,10.0558],[-68.20636,10.05582],[-68.20654,10.05579],[-68.20684,10.05571],[-68.2072,10.05561],[-68.20731,10.05558],[-68.20744,10.05557],[-68.20755,10.0556],[-68.20764,10.05566],[-68.20773,10.05573],[-68.20781,10.0558],[-68.20789,10.05585],[-68.20795,10.05588],[-68.20803,10.05587],[-68.20811,10.05583],[-68.20821,10.05578],[-68.20829,10.05569],[-68.2085,10.05551],[-68.20885,10.05525],[-68.209,10.05516],[-68.2091,10.05513],[-68.20919,10.05511],[-68.20934,10.05511],[-68.20945,10.05509],[-68.20953,10.05505],[-68.20963,10.05497],[-68.20968,10.05489],[-68.20972,10.05474],[-68.20973,10.05454],[-68.20975,10.05428],[-68.20972,10.054],[-68.20968,10.05368],[-68.20967,10.05355],[-68.2097,10.05341],[-68.20976,10.05327],[-68.20984,10.05317],[-68.21003,10.053],[-68.21018,10.05282],[-68.21029,10.05269],[-68.2104,10.05259],[-68.2105,10.05248],[-68.21054,10.0524],[-68.21058,10.0523],[-68.21063,10.05224],[-68.21069,10.0522],[-68.21075,10.05218],[-68.21084,10.05215],[-68.21097,10.0521],[-68.21104,10.05204],[-68.21108,10.05198],[-68.21116,10.05194],[-68.21121,10.05192],[-68.21128,10.05194],[-68.21135,10.05196],[-68.2114,10.05203],[-68.21145,10.05213],[-68.21149,10.05218],[-68.21156,10.05223],[-68.21165,10.05226],[-68.21173,10.05226],[-68.21179,10.05224],[-68.21191,10.05222],[-68.21201,10.05222],[-68.21212,10.05228],[-68.21228,10.05238],[-68.2125,10.05248],[-68.21262,10.0525],[-68.21283,10.05249],[-68.21301,10.05248],[-68.21318,10.05248],[-68.21336,10.05251],[-68.21385,10.05258],[-68.21417,10.05259],[-68.21431,10.05258],[-68.21439,10.05254],[-68.21446,10.05249],[-68.2145,10.05243],[-68.21452,10.05235],[-68.21452,10.05226],[-68.21449,10.05217],[-68.21441,10.05205],[-68.21432,10.05195],[-68.21403,10.05153],[-68.21392,10.0513],[-68.21388,10.05112],[-68.21386,10.051],[-68.2138,10.05088],[-68.21375,10.05082],[-68.21347,10.05048],[-68.21334,10.05033],[-68.21329,10.05024],[-68.21326,10.05015],[-68.21324,10.05001],[-68.21327,10.04987],[-68.21334,10.04971],[-68.21345,10.04957],[-68.21363,10.04944],[-68.21374,10.04941],[-68.21389,10.04942],[-68.214,10.04946],[-68.21414,10.04954],[-68.2143,10.04968],[-68.21455,10.04994],[-68.21464,10.05002],[-68.21478,10.0501],[-68.2149,10.05013],[-68.21499,10.05012],[-68.21506,10.0501],[-68.21514,10.05003],[-68.21521,10.04991],[-68.21527,10.04976],[-68.21536,10.0495],[-68.21544,10.04925],[-68.21564,10.04846],[-68.21573,10.04815],[-68.21579,10.04795],[-68.21586,10.04785],[-68.21591,10.04782],[-68.21598,10.04779],[-68.21605,10.04779],[-68.21619,10.04779],[-68.21636,10.04783],[-68.21658,10.04785],[-68.21689,10.04787],[-68.21703,10.04789],[-68.21714,10.04789],[-68.21722,10.04785],[-68.21728,10.0478],[-68.21739,10.04773],[-68.2175,10.04769],[-68.21763,10.04771],[-68.21783,10.04777],[-68.21846,10.04804],[-68.21872,10.04816],[-68.21883,10.0482],[-68.21893,10.0482],[-68.21903,10.04818],[-68.21914,10.04813],[-68.21925,10.04806],[-68.21937,10.04796],[-68.21946,10.04783],[-68.21956,10.04765],[-68.21962,10.04747],[-68.21964,10.04732],[-68.21964,10.04723],[-68.21959,10.04712],[-68.21953,10.04703],[-68.21943,10.04695],[-68.21933,10.0469],[-68.2192,10.04684],[-68.21907,10.04675],[-68.21892,10.0466],[-68.21877,10.04643],[-68.21867,10.04628],[-68.21863,10.04619],[-68.21861,10.0461],[-68.21862,10.04601],[-68.21864,10.04591],[-68.21865,10.04582],[-68.21865,10.04573],[-68.21864,10.04562],[-68.2186,10.04539],[-68.21858,10.04522],[-68.2186,10.04508],[-68.21865,10.04494],[-68.21869,10.04485],[-68.2188,10.04479],[-68.21896,10.04472],[-68.21917,10.0447],[-68.2194,10.04469],[-68.21966,10.04467],[-68.21987,10.04467],[-68.22004,10.04468],[-68.22022,10.0447],[-68.22035,10.04475],[-68.22044,10.0448],[-68.22049,10.04488],[-68.22052,10.04497],[-68.22052,10.04503],[-68.2205,10.04514],[-68.22048,10.04524],[-68.22048,10.04533],[-68.2205,10.04545],[-68.22055,10.04573],[-68.22056,10.04584],[-68.22056,10.04594],[-68.22058,10.04603],[-68.2206,10.04609],[-68.22065,10.04612],[-68.22072,10.04613],[-68.22081,10.04612],[-68.22096,10.04609],[-68.2211,10.04603],[-68.22121,10.04596],[-68.22137,10.04587],[-68.22154,10.04578],[-68.22184,10.04567],[-68.22232,10.04554],[-68.2229,10.04541],[-68.2235,10.04525],[-68.2238,10.04517],[-68.22389,10.04513],[-68.22401,10.04506],[-68.22413,10.04496],[-68.22428,10.04478],[-68.22447,10.04459],[-68.22478,10.04425],[-68.22484,10.04417],[-68.22487,10.04409],[-68.22487,10.04403],[-68.22483,10.04395],[-68.22477,10.04388],[-68.22468,10.04383],[-68.22457,10.04376],[-68.22449,10.04364],[-68.22442,10.04348],[-68.22421,10.0429],[-68.22413,10.04266],[-68.22407,10.04248],[-68.22397,10.04231],[-68.22386,10.04212],[-68.22382,10.04202],[-68.22379,10.04191],[-68.22379,10.04179],[-68.22382,10.04164],[-68.22384,10.04155],[-68.22388,10.04149],[-68.22394,10.04145],[-68.22404,10.04143],[-68.22415,10.04143],[-68.22447,10.04145],[-68.22483,10.04148],[-68.22505,10.04151],[-68.22539,10.0416],[-68.22556,10.04165],[-68.22578,10.04166],[-68.22597,10.04165],[-68.22636,10.04162],[-68.22667,10.04159],[-68.22681,10.04155],[-68.22691,10.04149],[-68.22697,10.04141],[-68.227,10.04133],[-68.22702,10.04119],[-68.227,10.04106],[-68.22697,10.04094],[-68.22692,10.04086],[-68.22679,10.04077],[-68.22657,10.04061],[-68.22647,10.04051],[-68.22641,10.04042],[-68.22638,10.04034],[-68.22637,10.04021],[-68.22639,10.04004],[-68.22641,10.03987],[-68.22642,10.03974],[-68.22642,10.0396],[-68.22642,10.03949],[-68.22643,10.03944],[-68.22646,10.03941],[-68.2265,10.03941],[-68.22656,10.03941],[-68.2267,10.03945],[-68.22691,10.03952],[-68.22706,10.03955],[-68.22719,10.03955],[-68.22732,10.0395],[-68.22738,10.03945],[-68.22742,10.03938],[-68.22743,10.0393],[-68.22743,10.0392],[-68.22735,10.03901],[-68.22728,10.03879],[-68.22711,10.03822],[-68.22705,10.03798],[-68.22705,10.03787],[-68.22707,10.03781],[-68.22713,10.03776],[-68.22722,10.03772],[-68.22733,10.03771],[-68.22756,10.03774],[-68.22773,10.03778],[-68.22792,10.03785],[-68.2282,10.03803],[-68.22854,10.03823],[-68.22871,10.03829],[-68.22883,10.03832],[-68.22893,10.03835],[-68.22902,10.03841],[-68.22912,10.03848],[-68.22922,10.03859],[-68.22933,10.03872],[-68.22948,10.03888],[-68.2296,10.03901],[-68.22971,10.03908],[-68.22982,10.03912],[-68.22994,10.03913],[-68.23006,10.03909],[-68.23014,10.03905],[-68.2302,10.03901],[-68.23028,10.03899],[-68.23034,10.03899],[-68.23071,10.03903],[-68.23086,10.03903],[-68.23096,10.039],[-68.23103,10.03897],[-68.23106,10.03892],[-68.23109,10.03885],[-68.2311,10.03876],[-68.23117,10.03827],[-68.23121,10.0381],[-68.23126,10.03797],[-68.23131,10.03788],[-68.23139,10.03778],[-68.23142,10.03771],[-68.23143,10.03766],[-68.23143,10.03759],[-68.23141,10.03751],[-68.23138,10.03747],[-68.23134,10.03745],[-68.23129,10.03745],[-68.23122,10.03747],[-68.23099,10.03757],[-68.23085,10.03761],[-68.23077,10.03761],[-68.23071,10.0376],[-68.23063,10.03757],[-68.23057,10.03753],[-68.23054,10.03746],[-68.23054,10.03742],[-68.23055,10.03736],[-68.23058,10.03731],[-68.23062,10.03727],[-68.23068,10.03725],[-68.23078,10.03723],[-68.23088,10.0372],[-68.23092,10.03717],[-68.23094,10.03713],[-68.23095,10.03709],[-68.23094,10.037],[-68.23092,10.03694],[-68.23087,10.03689],[-68.23076,10.03682],[-68.23058,10.03678],[-68.23034,10.03673],[-68.23019,10.03667],[-68.23012,10.03661],[-68.23007,10.03652],[-68.23006,10.03643],[-68.23008,10.03632],[-68.2301,10.03619],[-68.23016,10.03594],[-68.23016,10.03583],[-68.23016,10.03573],[-68.23017,10.03563],[-68.23022,10.03556],[-68.23026,10.03552],[-68.23032,10.0355],[-68.23037,10.03551],[-68.23052,10.03558],[-68.23065,10.03565],[-68.23075,10.03573],[-68.23087,10.03578],[-68.23102,10.03579],[-68.23114,10.03576],[-68.23123,10.0357],[-68.23129,10.03561],[-68.23132,10.03548],[-68.2313,10.03532],[-68.23125,10.03521],[-68.23115,10.03505],[-68.23103,10.03496],[-68.23079,10.03484],[-68.23056,10.03476],[-68.23042,10.03472],[-68.23034,10.03467],[-68.23027,10.0346],[-68.23022,10.03453],[-68.23021,10.03442],[-68.23023,10.03433],[-68.23027,10.03424],[-68.23038,10.03415],[-68.23055,10.03409],[-68.23072,10.03406],[-68.23085,10.03405],[-68.23099,10.03404],[-68.23114,10.034],[-68.23131,10.03393],[-68.2314,10.0339],[-68.23155,10.03389],[-68.23164,10.03391],[-68.23173,10.03394],[-68.23184,10.03395],[-68.23195,10.03394],[-68.23206,10.03388],[-68.23215,10.03379],[-68.23221,10.0337],[-68.23223,10.03358],[-68.23223,10.03346],[-68.2322,10.03325],[-68.23214,10.033],[-68.23212,10.03285],[-68.23215,10.03272],[-68.23218,10.03263],[-68.23225,10.03255],[-68.23237,10.03248],[-68.23297,10.03227],[-68.2338,10.03207],[-68.2345,10.03192],[-68.23482,10.03184],[-68.23497,10.03182],[-68.23509,10.03182],[-68.23519,10.03184],[-68.23529,10.03192],[-68.23541,10.03204],[-68.23582,10.03255],[-68.23588,10.03263],[-68.23595,10.03268],[-68.23602,10.03269],[-68.23609,10.03267],[-68.2362,10.03258],[-68.23627,10.03249],[-68.23637,10.03232],[-68.23642,10.03221],[-68.23645,10.03209],[-68.23648,10.03194],[-68.23649,10.03177],[-68.23648,10.03168],[-68.23646,10.03158],[-68.23644,10.0315],[-68.23639,10.03141],[-68.23624,10.03124],[-68.2362,10.03117],[-68.23617,10.03106],[-68.23618,10.03096],[-68.23623,10.03084],[-68.2363,10.03068],[-68.23633,10.03059],[-68.23637,10.03046],[-68.23637,10.03035],[-68.23634,10.03023],[-68.23633,10.03015],[-68.23631,10.03009],[-68.23631,10.03001],[-68.23633,10.02995],[-68.23637,10.02992],[-68.23643,10.02991],[-68.23649,10.02992],[-68.23657,10.02998],[-68.23668,10.03005],[-68.23683,10.03014],[-68.23693,10.0302],[-68.2371,10.03028],[-68.2372,10.03034],[-68.23728,10.0304],[-68.23736,10.03049],[-68.2374,10.03058],[-68.23744,10.03064],[-68.23753,10.03072],[-68.23764,10.03075],[-68.23777,10.03074],[-68.23793,10.03068],[-68.23806,10.03061],[-68.23818,10.03051],[-68.23824,10.03042],[-68.23832,10.03018],[-68.23835,10.03002],[-68.23834,10.02983],[-68.23832,10.02972],[-68.23829,10.02967],[-68.23824,10.02963],[-68.23817,10.0296],[-68.23809,10.02959],[-68.23797,10.0296],[-68.23784,10.02966],[-68.23768,10.02973],[-68.23747,10.02979],[-68.23727,10.02982],[-68.23711,10.0298],[-68.237,10.02975],[-68.23685,10.02962],[-68.23674,10.0295],[-68.23656,10.02936],[-68.2364,10.02926],[-68.23627,10.02918],[-68.23617,10.02907],[-68.23609,10.02894],[-68.23609,10.02886],[-68.23611,10.02879],[-68.23614,10.02876],[-68.23621,10.02873],[-68.23627,10.02872],[-68.23635,10.02874],[-68.23648,10.02879],[-68.23659,10.02881],[-68.23674,10.02884],[-68.23691,10.02885],[-68.23716,10.02885],[-68.23741,10.02883],[-68.23756,10.02882],[-68.23777,10.02879],[-68.23791,10.02875],[-68.23802,10.0287],[-68.23812,10.02863],[-68.23828,10.02847],[-68.23836,10.02841],[-68.23844,10.02836],[-68.23856,10.02832],[-68.23873,10.02827],[-68.23881,10.02824],[-68.2389,10.02816],[-68.23899,10.02809],[-68.23907,10.02803],[-68.23916,10.028],[-68.23926,10.02799],[-68.23936,10.02801],[-68.23945,10.02803],[-68.23952,10.02804],[-68.23958,10.02803],[-68.23963,10.02799],[-68.23968,10.02791],[-68.23973,10.0278],[-68.23975,10.0276],[-68.23975,10.02754],[-68.23973,10.02745],[-68.2397,10.0274],[-68.23962,10.02734],[-68.23949,10.0273],[-68.23926,10.02728],[-68.23901,10.02727],[-68.23883,10.02724],[-68.23869,10.0272],[-68.23851,10.02711],[-68.23839,10.02705],[-68.23833,10.02701],[-68.23829,10.02694],[-68.23828,10.02687],[-68.2383,10.02682],[-68.23835,10.02674],[-68.23847,10.02669],[-68.23856,10.02664],[-68.23864,10.02655],[-68.2387,10.02644],[-68.23877,10.02632],[-68.23888,10.02622],[-68.23905,10.02615],[-68.23918,10.02612],[-68.23931,10.02612],[-68.23946,10.02614],[-68.23962,10.02617],[-68.23977,10.02622],[-68.23991,10.02627],[-68.24037,10.0265],[-68.24045,10.02654],[-68.24053,10.02655],[-68.2406,10.02654],[-68.24066,10.02652],[-68.24074,10.02646],[-68.24088,10.0263],[-68.24104,10.02612],[-68.24121,10.02585],[-68.24138,10.02562],[-68.24146,10.02554],[-68.24153,10.0255],[-68.24157,10.02551],[-68.24164,10.02552],[-68.24169,10.02556],[-68.24172,10.02561],[-68.24176,10.02574],[-68.24178,10.02588],[-68.24177,10.02601],[-68.24174,10.02613],[-68.24172,10.02623],[-68.24175,10.02632],[-68.24182,10.02641],[-68.24193,10.02646],[-68.24208,10.02649],[-68.24219,10.02649],[-68.24229,10.02647],[-68.24242,10.02642],[-68.24249,10.02636],[-68.24256,10.02627],[-68.24258,10.02618],[-68.24262,10.02604],[-68.24267,10.02596],[-68.24277,10.02585],[-68.24293,10.02572],[-68.24301,10.02567],[-68.24309,10.02557],[-68.24314,10.02549],[-68.24318,10.02539],[-68.24324,10.02528],[-68.24331,10.02519],[-68.24341,10.0251],[-68.24356,10.02503],[-68.24372,10.02499],[-68.24388,10.02495],[-68.24401,10.02496],[-68.24415,10.025],[-68.24428,10.02508],[-68.24454,10.02522],[-68.24472,10.02529],[-68.24496,10.0253],[-68.24518,10.02528],[-68.24531,10.02525],[-68.24536,10.0252],[-68.24538,10.02513],[-68.24537,10.02504],[-68.24533,10.0249],[-68.24526,10.02478],[-68.24517,10.0247],[-68.24496,10.02454],[-68.24459,10.02423],[-68.24448,10.02411],[-68.24441,10.02401],[-68.2444,10.0239],[-68.2444,10.0238],[-68.24446,10.02368],[-68.24458,10.02357],[-68.2447,10.02346],[-68.24477,10.02334],[-68.2448,10.02326],[-68.2448,10.02317],[-68.2448,10.02304],[-68.24481,10.02294],[-68.24485,10.02285],[-68.24507,10.02253],[-68.24518,10.02242],[-68.24527,10.02237],[-68.24535,10.02233],[-68.24545,10.0223],[-68.24566,10.02225],[-68.24583,10.0222],[-68.24598,10.02211],[-68.24604,10.02205],[-68.24609,10.02197],[-68.24612,10.02186],[-68.24614,10.02174],[-68.24614,10.02162],[-68.2461,10.0215],[-68.24601,10.02138],[-68.24588,10.0213],[-68.24578,10.02126],[-68.24551,10.02124],[-68.24519,10.02126],[-68.24496,10.02126],[-68.24483,10.02124],[-68.2447,10.02117],[-68.24461,10.0211],[-68.24459,10.02104],[-68.2446,10.02095],[-68.24462,10.02085],[-68.24463,10.02074],[-68.24464,10.0206],[-68.24467,10.0205],[-68.24472,10.02044],[-68.24479,10.02038],[-68.24497,10.02022],[-68.24531,10.01997],[-68.24548,10.01985],[-68.24566,10.01976],[-68.24586,10.01972],[-68.24601,10.01968],[-68.24617,10.01961],[-68.24636,10.01944],[-68.24664,10.01912],[-68.24681,10.01887],[-68.24691,10.01868],[-68.24698,10.01853],[-68.24719,10.01818],[-68.24727,10.01808],[-68.24739,10.01798],[-68.24749,10.01791],[-68.24755,10.01784],[-68.24757,10.01779],[-68.24756,10.01773],[-68.24753,10.01767],[-68.2475,10.01759],[-68.24748,10.01752],[-68.24749,10.0174],[-68.24752,10.01733],[-68.24759,10.01725],[-68.24767,10.01719],[-68.24775,10.01708],[-68.24778,10.01699],[-68.24776,10.0169],[-68.24771,10.01685],[-68.24763,10.01681],[-68.24733,10.0167],[-68.24717,10.0166],[-68.24709,10.01648],[-68.24705,10.01638],[-68.24703,10.01626],[-68.24701,10.01613],[-68.24699,10.01595],[-68.24701,10.01582],[-68.24704,10.01573],[-68.24712,10.01562],[-68.24724,10.01555],[-68.24741,10.01549],[-68.24753,10.01545],[-68.24769,10.01542],[-68.2478,10.01537],[-68.2479,10.0153],[-68.24803,10.01517],[-68.24806,10.0151],[-68.24805,10.01503],[-68.248,10.01495],[-68.24792,10.01488],[-68.24785,10.01483],[-68.24779,10.01473],[-68.24776,10.01464],[-68.24777,10.01454],[-68.24779,10.01443],[-68.24785,10.01432],[-68.24791,10.01426],[-68.24799,10.01422],[-68.24818,10.01417],[-68.24844,10.01412],[-68.24852,10.01411],[-68.2486,10.01406],[-68.24868,10.01397],[-68.2487,10.01388],[-68.24872,10.01375],[-68.24874,10.01364],[-68.24879,10.01355],[-68.2489,10.01343],[-68.24917,10.01322],[-68.24933,10.01307],[-68.24943,10.01291],[-68.24947,10.01281],[-68.24945,10.01269],[-68.2494,10.01262],[-68.24932,10.01255],[-68.24919,10.01253],[-68.24896,10.01253],[-68.24874,10.01254],[-68.24864,10.01253],[-68.24856,10.01248],[-68.24853,10.01243],[-68.24852,10.01235],[-68.24853,10.01229],[-68.2487,10.01183],[-68.24874,10.01161],[-68.24876,10.01146],[-68.24874,10.01127],[-68.24874,10.01117],[-68.24878,10.01103],[-68.24885,10.01089],[-68.24899,10.01073],[-68.24912,10.01061],[-68.24928,10.01048],[-68.24941,10.01045],[-68.24953,10.01045],[-68.2497,10.01048],[-68.24983,10.01051],[-68.24993,10.01049],[-68.25003,10.01046],[-68.25012,10.01038],[-68.25025,10.01021],[-68.2503,10.01003],[-68.25029,10.00991],[-68.25024,10.00981],[-68.25015,10.00975],[-68.24995,10.0097],[-68.24972,10.00967],[-68.24942,10.0096],[-68.24925,10.00954],[-68.24911,10.00945],[-68.24889,10.00925],[-68.24866,10.00903],[-68.24859,10.0089],[-68.24854,10.00879],[-68.24852,10.00866],[-68.24851,10.00848],[-68.24852,10.0084],[-68.24855,10.00834],[-68.24864,10.00829],[-68.24874,10.00826],[-68.24886,10.00826],[-68.24896,10.00827],[-68.24914,10.00829],[-68.24924,10.00831],[-68.24932,10.0083],[-68.24939,10.00829],[-68.24947,10.00825],[-68.24959,10.00819],[-68.24977,10.00807],[-68.24988,10.00797],[-68.24995,10.00789],[-68.25004,10.00775],[-68.25014,10.00758],[-68.25042,10.00728],[-68.25058,10.00711],[-68.25073,10.00694],[-68.25085,10.00675],[-68.25089,10.00662],[-68.25089,10.0065],[-68.25085,10.00633],[-68.25079,10.00622],[-68.25073,10.00615],[-68.25062,10.00605],[-68.25041,10.00596],[-68.2501,10.00587],[-68.24987,10.00582],[-68.24974,10.00577],[-68.24965,10.00568],[-68.24958,10.00556],[-68.24949,10.0053],[-68.24939,10.00491],[-68.24927,10.00457],[-68.24922,10.00446],[-68.24913,10.00432],[-68.24903,10.00419],[-68.24894,10.00406],[-68.24888,10.0039],[-68.24885,10.00378],[-68.24876,10.00335],[-68.24865,10.00283],[-68.24859,10.00261],[-68.24852,10.00249],[-68.24845,10.0024],[-68.24835,10.0023],[-68.2482,10.00219],[-68.2481,10.00207],[-68.24798,10.00188],[-68.24786,10.00162],[-68.24784,10.0015],[-68.24784,10.0014],[-68.24787,10.00131],[-68.24793,10.00121],[-68.24809,10.0011],[-68.24834,10.00101],[-68.24866,10.00095],[-68.24888,10.00092],[-68.24909,10.00091],[-68.24946,10.00094],[-68.24981,10.001],[-68.2501,10.00106],[-68.25042,10.00117],[-68.25077,10.00134],[-68.25108,10.00147],[-68.25176,10.00169],[-68.25203,10.00178],[-68.25218,10.00178],[-68.25232,10.00176],[-68.2524,10.00169],[-68.25246,10.00161],[-68.25248,10.00147],[-68.25246,10.00133],[-68.25243,10.00123],[-68.25236,10.00113],[-68.25221,10.00101],[-68.2519,10.0008],[-68.25166,10.00069],[-68.25149,10.00065],[-68.25132,10.00063],[-68.25107,10.00061],[-68.25088,10.00056],[-68.2507,10.00048],[-68.25049,10.00035],[-68.25001,10.00001],[-68.24979,9.99985],[-68.2497,9.99979],[-68.24964,9.99974],[-68.24959,9.99964],[-68.24955,9.99945],[-68.2495,9.99906],[-68.24949,9.99889],[-68.2495,9.99878],[-68.24952,9.99867],[-68.24961,9.99842],[-68.24967,9.9982],[-68.24968,9.99799],[-68.24967,9.99772],[-68.24966,9.99759],[-68.2496,9.99744],[-68.24958,9.99737],[-68.24957,9.99729],[-68.2496,9.9972],[-68.24966,9.99707],[-68.24985,9.99677],[-68.25009,9.99645],[-68.25022,9.99634],[-68.25033,9.99627],[-68.25043,9.99625],[-68.25057,9.99627],[-68.25063,9.99629],[-68.25075,9.99635],[-68.25083,9.99639],[-68.25093,9.99639],[-68.25105,9.99637],[-68.25116,9.9963],[-68.25123,9.99623],[-68.25126,9.99613],[-68.25126,9.99604],[-68.25125,9.99596],[-68.25126,9.9959],[-68.2513,9.99583],[-68.25139,9.99576],[-68.25148,9.9957],[-68.25164,9.99563],[-68.25175,9.99558],[-68.25191,9.99548],[-68.25201,9.99537],[-68.25208,9.99525],[-68.2521,9.99513],[-68.25209,9.99505],[-68.25203,9.99496],[-68.25195,9.9949],[-68.25185,9.99485],[-68.25176,9.99485],[-68.25162,9.99488],[-68.25147,9.9949],[-68.25125,9.99491],[-68.25111,9.99489],[-68.25105,9.99487],[-68.25101,9.99482],[-68.25099,9.99474],[-68.25097,9.99461],[-68.25095,9.99443],[-68.25091,9.99423],[-68.25086,9.9941],[-68.25081,9.99401],[-68.25072,9.99392],[-68.25059,9.99385],[-68.25038,9.99375],[-68.25026,9.99369],[-68.25018,9.99359],[-68.2501,9.99344],[-68.25006,9.99327],[-68.25004,9.9931],[-68.25006,9.99291],[-68.25008,9.99274],[-68.25013,9.99231],[-68.25015,9.99215],[-68.25017,9.99207],[-68.25023,9.99195],[-68.25029,9.99181],[-68.25034,9.99162],[-68.25037,9.99141],[-68.25037,9.99133],[-68.25035,9.99126],[-68.25032,9.99121],[-68.25024,9.99115],[-68.25014,9.99106],[-68.25006,9.99096],[-68.24998,9.99082],[-68.24987,9.99056],[-68.2498,9.99039],[-68.24979,9.99028],[-68.2498,9.99017],[-68.24982,9.99002],[-68.24989,9.98987],[-68.24994,9.98975],[-68.24998,9.98961],[-68.25,9.98943],[-68.24998,9.98905],[-68.24995,9.98882],[-68.2499,9.98855],[-68.24977,9.9882],[-68.24954,9.98765],[-68.24935,9.98715],[-68.24928,9.98696],[-68.24919,9.98681],[-68.24915,9.98669],[-68.24913,9.98662],[-68.24914,9.98654],[-68.24918,9.98645],[-68.24923,9.98639],[-68.24932,9.98633],[-68.24947,9.9863],[-68.24965,9.98627],[-68.24977,9.98622],[-68.24992,9.98616],[-68.25009,9.98603],[-68.25016,9.98598],[-68.25022,9.9859],[-68.25025,9.98581],[-68.25025,9.98572],[-68.25025,9.98563],[-68.2502,9.98549],[-68.25015,9.98536],[-68.25007,9.98504],[-68.25003,9.98486],[-68.24998,9.98477],[-68.24994,9.98473],[-68.24986,9.98468],[-68.24973,9.98465],[-68.24952,9.98463],[-68.24903,9.98455],[-68.24888,9.98449],[-68.24875,9.98438],[-68.24861,9.98417],[-68.24845,9.98389],[-68.2484,9.98373],[-68.24839,9.98362],[-68.24841,9.98351],[-68.24848,9.98321],[-68.24856,9.98279],[-68.24863,9.98229],[-68.2487,9.98191],[-68.24878,9.98164],[-68.24888,9.9813],[-68.24893,9.981],[-68.24894,9.98088],[-68.24893,9.9808],[-68.24888,9.98074],[-68.24882,9.9807],[-68.24871,9.98066],[-68.24859,9.98065],[-68.24843,9.98061],[-68.24827,9.98055],[-68.24811,9.98045],[-68.24797,9.98034],[-68.24787,9.98022],[-68.24776,9.98007],[-68.24765,9.97984],[-68.24757,9.97963],[-68.2475,9.97943],[-68.24747,9.97931],[-68.24746,9.97915],[-68.24747,9.979],[-68.24752,9.97869],[-68.24755,9.97842],[-68.24754,9.97822],[-68.24751,9.97813],[-68.24746,9.97807],[-68.24739,9.97803],[-68.2473,9.97803],[-68.24718,9.97806],[-68.24695,9.97812],[-68.24675,9.9782],[-68.24656,9.97829],[-68.24644,9.97834],[-68.24631,9.97838],[-68.24617,9.97838],[-68.24604,9.97834],[-68.24593,9.97827],[-68.24584,9.97819],[-68.24577,9.97809],[-68.24571,9.97794],[-68.24562,9.97767],[-68.24555,9.97746],[-68.24543,9.97721],[-68.24525,9.97686],[-68.24513,9.97667],[-68.24502,9.97652],[-68.24495,9.97646],[-68.24487,9.97644],[-68.24477,9.97644],[-68.24463,9.97648],[-68.24449,9.97651],[-68.24439,9.97652],[-68.24428,9.97651],[-68.24417,9.97647],[-68.24407,9.97642],[-68.24398,9.97635],[-68.24386,9.97624],[-68.24366,9.97607],[-68.24339,9.97582],[-68.24325,9.97563],[-68.24313,9.97542],[-68.24307,9.97528],[-68.24305,9.97511],[-68.24306,9.97497],[-68.24313,9.9747],[-68.24322,9.97437],[-68.24325,9.97418],[-68.2432,9.97402],[-68.24312,9.9739],[-68.24301,9.97374],[-68.24299,9.97366],[-68.24297,9.97357],[-68.24298,9.97343],[-68.24298,9.97333],[-68.24297,9.97325],[-68.24292,9.97319],[-68.24285,9.97315],[-68.24277,9.97311],[-68.24235,9.97299],[-68.24202,9.97288],[-68.24181,9.97278],[-68.24168,9.97271],[-68.24156,9.97261],[-68.24145,9.97249],[-68.24095,9.97194],[-68.24078,9.97177],[-68.24061,9.97164],[-68.24025,9.97136],[-68.24005,9.97118],[-68.23985,9.97096],[-68.23967,9.97076],[-68.23949,9.97057],[-68.23926,9.97025],[-68.23905,9.96999],[-68.23899,9.96989],[-68.23898,9.96976],[-68.23899,9.96967],[-68.23904,9.96959],[-68.23913,9.96954],[-68.23924,9.9695],[-68.23936,9.96947],[-68.2395,9.96945],[-68.23961,9.96941],[-68.2397,9.96931],[-68.23976,9.9692],[-68.23981,9.96906],[-68.23983,9.96896],[-68.23979,9.96887],[-68.23972,9.96882],[-68.23961,9.96876],[-68.2395,9.96869],[-68.2394,9.96858],[-68.23933,9.96846],[-68.23928,9.96837],[-68.23921,9.96828],[-68.23909,9.9682],[-68.23903,9.96811],[-68.23903,9.96804],[-68.23908,9.96796],[-68.23917,9.96791],[-68.23926,9.96787],[-68.23935,9.96781],[-68.23943,9.96774],[-68.23952,9.96767],[-68.23962,9.96761],[-68.23975,9.96757],[-68.23984,9.96755],[-68.23995,9.9675],[-68.24002,9.96743],[-68.24004,9.96733],[-68.24004,9.96724],[-68.24006,9.96718],[-68.24011,9.96713],[-68.24017,9.9671],[-68.24026,9.96709],[-68.24041,9.96705],[-68.24055,9.96698],[-68.24062,9.96692],[-68.24067,9.96686],[-68.24069,9.96678],[-68.24069,9.96669],[-68.24066,9.96652],[-68.24064,9.96642],[-68.24057,9.96634],[-68.24047,9.96628],[-68.24038,9.96625],[-68.24028,9.96624],[-68.24015,9.96625],[-68.24003,9.96627],[-68.23981,9.96633],[-68.23968,9.96641],[-68.23958,9.96652],[-68.23951,9.96662],[-68.23943,9.96666],[-68.23932,9.96668],[-68.23924,9.96666],[-68.23914,9.96658],[-68.23905,9.96646],[-68.23899,9.96636],[-68.23874,9.96593],[-68.23856,9.96564],[-68.23841,9.96545],[-68.2383,9.96533],[-68.23818,9.96526],[-68.23801,9.96517],[-68.23777,9.96509],[-68.23752,9.96504],[-68.23731,9.96504],[-68.23708,9.96506],[-68.23694,9.9651],[-68.23685,9.96514],[-68.23677,9.9652],[-68.23667,9.96526],[-68.23651,9.96533],[-68.23638,9.96542],[-68.23625,9.96553],[-68.23608,9.96567],[-68.23597,9.96574],[-68.23583,9.96577],[-68.2357,9.96575],[-68.23558,9.9657],[-68.23545,9.9656],[-68.23537,9.96553],[-68.23532,9.96542],[-68.23525,9.96522],[-68.23519,9.96507],[-68.23511,9.96494],[-68.23498,9.96481],[-68.23479,9.96467],[-68.2345,9.96449],[-68.23441,9.96445],[-68.23433,9.96445],[-68.23426,9.96445],[-68.23417,9.96448],[-68.23409,9.96453],[-68.23401,9.9646],[-68.23387,9.96469],[-68.23368,9.9648],[-68.2333,9.96498],[-68.23313,9.96505],[-68.233,9.96508],[-68.23285,9.96507],[-68.23275,9.96504],[-68.23263,9.96496],[-68.23255,9.9649],[-68.23245,9.96481],[-68.23227,9.96461],[-68.23215,9.96451],[-68.23187,9.96435],[-68.23154,9.96423],[-68.23099,9.96406],[-68.23067,9.96396],[-68.2305,9.96392],[-68.23038,9.96392],[-68.23028,9.96395],[-68.2302,9.964],[-68.23013,9.96406],[-68.23006,9.96414],[-68.22977,9.96466],[-68.22965,9.96482],[-68.22957,9.96489],[-68.22946,9.96492],[-68.22936,9.96492],[-68.22923,9.96488],[-68.22882,9.96473],[-68.22872,9.96471],[-68.22864,9.96469],[-68.22847,9.96469],[-68.2283,9.96472],[-68.22821,9.96476],[-68.22809,9.96484],[-68.22788,9.96511],[-68.22768,9.96536],[-68.22747,9.96555],[-68.22719,9.96577],[-68.22705,9.96587],[-68.22695,9.96592],[-68.22682,9.96596],[-68.22663,9.96596],[-68.22617,9.96592],[-68.22582,9.9659],[-68.22565,9.96591],[-68.22549,9.96591],[-68.22537,9.96585],[-68.22525,9.96577],[-68.22506,9.9656],[-68.2249,9.96546],[-68.22479,9.96536],[-68.22472,9.96528],[-68.22458,9.96509],[-68.22454,9.96499],[-68.2245,9.96489],[-68.22444,9.96479],[-68.22427,9.96462],[-68.22382,9.96417],[-68.22357,9.96401],[-68.22339,9.96389],[-68.22331,9.9638],[-68.22325,9.9637],[-68.22321,9.96355],[-68.22314,9.96331],[-68.22308,9.9632],[-68.22299,9.96311],[-68.22287,9.96305],[-68.22273,9.963],[-68.22258,9.96297],[-68.22244,9.96296],[-68.22234,9.96299],[-68.22226,9.96305],[-68.2222,9.96314],[-68.22217,9.96322],[-68.22216,9.96334],[-68.22218,9.96359],[-68.22222,9.96384],[-68.22228,9.96414],[-68.22233,9.96426],[-68.2224,9.96438],[-68.22251,9.96452],[-68.22262,9.96467],[-68.22266,9.96477],[-68.22271,9.96489],[-68.22272,9.96498],[-68.22272,9.96517],[-68.22269,9.96536],[-68.22266,9.96548],[-68.22263,9.96563],[-68.22263,9.96572],[-68.22265,9.96589],[-68.22268,9.96606],[-68.22277,9.96646],[-68.2229,9.96693],[-68.223,9.96726],[-68.22311,9.96761],[-68.22316,9.96783],[-68.2232,9.96803],[-68.22321,9.96831],[-68.22317,9.96846],[-68.2231,9.96861],[-68.22302,9.9687],[-68.22295,9.96874],[-68.22288,9.96876],[-68.22278,9.96874],[-68.22267,9.9687],[-68.22256,9.96862],[-68.22242,9.96853],[-68.22228,9.96843],[-68.22212,9.96832],[-68.22202,9.96829],[-68.22177,9.96826],[-68.2216,9.96822],[-68.22141,9.96816],[-68.22128,9.96813],[-68.22118,9.96815],[-68.22104,9.96822],[-68.22084,9.96837],[-68.22069,9.9685],[-68.22061,9.96859],[-68.22056,9.96866],[-68.22049,9.96872],[-68.22042,9.96874],[-68.22034,9.96874],[-68.22029,9.96871],[-68.22021,9.96863],[-68.22014,9.96855],[-68.22003,9.96849],[-68.2199,9.96841],[-68.21977,9.96833],[-68.21967,9.96826],[-68.21958,9.96815],[-68.21944,9.96792],[-68.21918,9.96743],[-68.2188,9.96685],[-68.21865,9.96664],[-68.21847,9.96641],[-68.2183,9.96619],[-68.21801,9.96574],[-68.21784,9.96551],[-68.2177,9.96537],[-68.2176,9.9653],[-68.21749,9.96527],[-68.21742,9.96526],[-68.21731,9.96526],[-68.21706,9.96532],[-68.2169,9.96537],[-68.21679,9.9654],[-68.21672,9.96539],[-68.21667,9.96535],[-68.21665,9.96532],[-68.21664,9.96525],[-68.21656,9.96468],[-68.21651,9.96456],[-68.21643,9.96448],[-68.21635,9.96445],[-68.21625,9.96443],[-68.21613,9.96445],[-68.21602,9.9645],[-68.21589,9.96462],[-68.21574,9.96482],[-68.21559,9.965],[-68.21545,9.96508],[-68.21512,9.96517],[-68.21475,9.96528],[-68.21455,9.96533],[-68.21441,9.96533],[-68.21429,9.96528],[-68.21422,9.96518],[-68.21417,9.96508],[-68.21402,9.96476],[-68.21389,9.96451],[-68.21382,9.96437],[-68.21378,9.96425],[-68.21377,9.96416],[-68.21381,9.96404],[-68.21388,9.9639],[-68.214,9.96374],[-68.21424,9.9634],[-68.21459,9.96301],[-68.21474,9.96284],[-68.21486,9.96265],[-68.21491,9.96254],[-68.21493,9.96244],[-68.21492,9.96233],[-68.21489,9.96221],[-68.21482,9.96209],[-68.21471,9.96194],[-68.21445,9.96169],[-68.21411,9.96139],[-68.21402,9.96126],[-68.21399,9.96117],[-68.21396,9.96105],[-68.21395,9.96087],[-68.21397,9.96066],[-68.214,9.96057],[-68.21408,9.96047],[-68.2142,9.96042],[-68.21438,9.96038],[-68.21465,9.96037],[-68.21524,9.96045],[-68.2154,9.96048],[-68.21559,9.96048],[-68.21579,9.96045],[-68.21596,9.96041],[-68.21614,9.96034],[-68.21633,9.96024],[-68.21669,9.96002],[-68.2169,9.95984],[-68.21709,9.95965],[-68.21718,9.95951],[-68.21724,9.95933],[-68.21727,9.95915],[-68.21725,9.95899],[-68.21722,9.95886],[-68.21717,9.95879],[-68.21712,9.95877],[-68.21702,9.95877],[-68.21691,9.95881],[-68.21676,9.9589],[-68.21647,9.95904],[-68.2162,9.95918],[-68.21598,9.95926],[-68.21581,9.9593],[-68.21561,9.95933],[-68.21537,9.95934],[-68.21486,9.9593],[-68.21447,9.95924],[-68.21436,9.95919],[-68.2143,9.95914],[-68.21422,9.95903],[-68.21403,9.95851],[-68.21392,9.9582],[-68.2138,9.95802],[-68.21368,9.95791],[-68.21359,9.95785],[-68.21346,9.95782],[-68.21336,9.95782],[-68.21323,9.95785],[-68.21283,9.95805],[-68.21265,9.95817],[-68.21251,9.9583],[-68.21243,9.95834],[-68.21235,9.95833],[-68.21229,9.9583],[-68.21222,9.9582],[-68.21217,9.95808],[-68.21216,9.95795],[-68.21218,9.95781],[-68.21223,9.95752],[-68.21227,9.95737],[-68.21239,9.95713],[-68.21262,9.95671],[-68.2127,9.95653],[-68.21272,9.95639],[-68.21272,9.95625],[-68.21269,9.95609],[-68.2126,9.9559],[-68.21248,9.95573],[-68.21235,9.95564],[-68.21216,9.95557],[-68.21192,9.9555],[-68.21178,9.95549],[-68.21167,9.95549],[-68.21148,9.9555],[-68.2114,9.9555],[-68.21134,9.95548],[-68.21127,9.95543],[-68.2112,9.95535],[-68.21117,9.95523],[-68.21113,9.95506],[-68.21104,9.95474],[-68.21095,9.95443],[-68.21086,9.95417],[-68.21069,9.95387],[-68.21046,9.95348],[-68.21035,9.95325],[-68.21029,9.95301],[-68.21025,9.95269],[-68.21021,9.95222],[-68.21017,9.95203],[-68.21012,9.95189],[-68.21,9.95175],[-68.20983,9.95169],[-68.20962,9.95167],[-68.20928,9.95174],[-68.20905,9.95183],[-68.20876,9.95204],[-68.20862,9.95224],[-68.20855,9.95238],[-68.20853,9.95247],[-68.20853,9.95257],[-68.20856,9.95268],[-68.2086,9.95279],[-68.2086,9.9529],[-68.20859,9.95302],[-68.20849,9.9533],[-68.20842,9.95345],[-68.20832,9.95366],[-68.20828,9.95374],[-68.20818,9.95383],[-68.2081,9.95387],[-68.20799,9.95387],[-68.20786,9.95386],[-68.20747,9.95378],[-68.20719,9.95373],[-68.20708,9.95372],[-68.20691,9.95367],[-68.20675,9.95361],[-68.20657,9.95353],[-68.20651,9.95349],[-68.20643,9.95341],[-68.20639,9.9533],[-68.20637,9.95321],[-68.2064,9.95306],[-68.20644,9.95295],[-68.2065,9.95285],[-68.20661,9.95274],[-68.20689,9.95249],[-68.20702,9.9524],[-68.20711,9.95231],[-68.20715,9.95222],[-68.20716,9.95209],[-68.20715,9.95175],[-68.20712,9.95165],[-68.20706,9.95158],[-68.20697,9.9515],[-68.20683,9.95139],[-68.20671,9.9513],[-68.20659,9.95121],[-68.20649,9.95112],[-68.20641,9.95102],[-68.20637,9.95093],[-68.2063,9.95068],[-68.20627,9.95056],[-68.20626,9.95043],[-68.20629,9.95031],[-68.20641,9.95019],[-68.20656,9.95004],[-68.20682,9.94988],[-68.20696,9.94982],[-68.20712,9.94977],[-68.20727,9.94976],[-68.20746,9.94979],[-68.20772,9.9498],[-68.20791,9.94978],[-68.20813,9.94974],[-68.20826,9.94971],[-68.20845,9.94965],[-68.20863,9.9496],[-68.2088,9.94955],[-68.20891,9.94951],[-68.20903,9.94943],[-68.20912,9.94933],[-68.20926,9.94915],[-68.20946,9.94888],[-68.20956,9.94868],[-68.20966,9.94837],[-68.20971,9.94816],[-68.20973,9.94799],[-68.20972,9.94784],[-68.2097,9.94775],[-68.2096,9.94759],[-68.20911,9.9471],[-68.2089,9.94692],[-68.20867,9.94668],[-68.20855,9.94651],[-68.2085,9.9464],[-68.20847,9.94624],[-68.20844,9.94594],[-68.20844,9.94569],[-68.20843,9.94536],[-68.20838,9.94508],[-68.20832,9.9448],[-68.20814,9.94417],[-68.20795,9.9434],[-68.20789,9.94321],[-68.20783,9.94312],[-68.20775,9.94299],[-68.20766,9.94292],[-68.20756,9.94286],[-68.20739,9.9428],[-68.20703,9.9427],[-68.20684,9.94265],[-68.20673,9.94263],[-68.20666,9.94259],[-68.2066,9.94254],[-68.20656,9.94245],[-68.20656,9.94236],[-68.20659,9.94223],[-68.20662,9.94211],[-68.20667,9.94202],[-68.20674,9.94191],[-68.20682,9.94179],[-68.20686,9.94164],[-68.20687,9.94156],[-68.20683,9.94146],[-68.20679,9.9414],[-68.2067,9.94135],[-68.2066,9.94128],[-68.20646,9.94117],[-68.2062,9.94097],[-68.20596,9.94078],[-68.20576,9.94065],[-68.20565,9.94058],[-68.20559,9.9405],[-68.20553,9.94038],[-68.20546,9.9402],[-68.20537,9.93989],[-68.20528,9.93961],[-68.20514,9.93932],[-68.2051,9.93924],[-68.20505,9.93915],[-68.20496,9.93909],[-68.20486,9.93905],[-68.20477,9.93907],[-68.20465,9.93915],[-68.20443,9.93941],[-68.20429,9.93966],[-68.2042,9.93987],[-68.20416,9.93999],[-68.20414,9.94022],[-68.2041,9.94041],[-68.20404,9.94059],[-68.20395,9.94068],[-68.20388,9.94071],[-68.20378,9.94072],[-68.20334,9.94071],[-68.20317,9.94068],[-68.20305,9.94062],[-68.20298,9.94059],[-68.2029,9.94058],[-68.20283,9.94059],[-68.20273,9.94064],[-68.20241,9.94084],[-68.20202,9.94108],[-68.20183,9.94121],[-68.20165,9.94131],[-68.20147,9.94139],[-68.20131,9.94143],[-68.20118,9.94144],[-68.20107,9.94143],[-68.20096,9.9414],[-68.20081,9.94133],[-68.20067,9.94124],[-68.2006,9.94118],[-68.20056,9.94112],[-68.20053,9.94104],[-68.2004,9.94068],[-68.20033,9.94047],[-68.20025,9.94033],[-68.20004,9.93999],[-68.19989,9.93982],[-68.19974,9.93971],[-68.19937,9.93945],[-68.1989,9.93916],[-68.19866,9.93909],[-68.19852,9.93908],[-68.1984,9.93909],[-68.19726,9.9393],[-68.19674,9.93947],[-68.19634,9.93962],[-68.19605,9.93975],[-68.19584,9.93989],[-68.19532,9.94034],[-68.19489,9.94073],[-68.1947,9.94087],[-68.19446,9.941],[-68.19418,9.94106],[-68.19377,9.94112],[-68.19286,9.94116],[-68.19222,9.94122],[-68.19189,9.94133],[-68.19156,9.94146],[-68.19136,9.94161],[-68.19112,9.94195],[-68.19086,9.94235],[-68.19059,9.94278],[-68.19026,9.94333],[-68.19006,9.9437],[-68.18989,9.94396],[-68.18972,9.9441],[-68.18955,9.94419],[-68.18941,9.94422],[-68.18928,9.94421],[-68.18913,9.94416],[-68.18906,9.94411],[-68.189,9.944],[-68.18895,9.94386],[-68.18893,9.94363],[-68.18893,9.94349],[-68.18892,9.94339],[-68.18884,9.9433],[-68.18875,9.94325],[-68.18853,9.94313],[-68.18837,9.94304],[-68.18824,9.943],[-68.1881,9.94299],[-68.18797,9.94302],[-68.18723,9.94324],[-68.18687,9.94333],[-68.18666,9.94341],[-68.18641,9.94354],[-68.18567,9.94394],[-68.18521,9.94418],[-68.18496,9.9443],[-68.18472,9.94435],[-68.18449,9.94436],[-68.1843,9.94434],[-68.18417,9.9443],[-68.18407,9.94423],[-68.18394,9.94413],[-68.18375,9.94391],[-68.1836,9.94371],[-68.18347,9.94355],[-68.18331,9.94329],[-68.18309,9.94294],[-68.18302,9.94279],[-68.18295,9.94258],[-68.1828,9.94205],[-68.18275,9.94182],[-68.18273,9.94163],[-68.18273,9.94152],[-68.18273,9.94144],[-68.1827,9.94137],[-68.1826,9.94127],[-68.18247,9.9412],[-68.18232,9.94109],[-68.1822,9.94098],[-68.18208,9.94083],[-68.18196,9.94066],[-68.18185,9.94055],[-68.18169,9.94045],[-68.18145,9.94032],[-68.18126,9.94022],[-68.18114,9.94017],[-68.18095,9.94012],[-68.18073,9.94008],[-68.18045,9.94002],[-68.18018,9.93999],[-68.17991,9.93997],[-68.1794,9.93999],[-68.17907,9.94002],[-68.17887,9.94005],[-68.17872,9.94011],[-68.17853,9.94024],[-68.17836,9.94036],[-68.17814,9.94047],[-68.17781,9.94062],[-68.1777,9.94067],[-68.17759,9.94069],[-68.1775,9.94068],[-68.17736,9.94064],[-68.17723,9.94059],[-68.17712,9.94055],[-68.17694,9.94051],[-68.17668,9.94046],[-68.17652,9.94043],[-68.17643,9.94038],[-68.17633,9.94029],[-68.17627,9.94021],[-68.17618,9.94012],[-68.17609,9.94006],[-68.17597,9.94004],[-68.17591,9.94004],[-68.1758,9.94005],[-68.17573,9.94009],[-68.17565,9.94016],[-68.17558,9.94024],[-68.1755,9.94029],[-68.17543,9.94031],[-68.17531,9.94031],[-68.17519,9.94029],[-68.17507,9.94025],[-68.17498,9.94019],[-68.17488,9.94016],[-68.17479,9.94014],[-68.17468,9.94016],[-68.17446,9.94022],[-68.17426,9.94031],[-68.17421,9.94034],[-68.17416,9.94038],[-68.17411,9.94046],[-68.17405,9.94054],[-68.17399,9.9406],[-68.17387,9.94067],[-68.17376,9.9407],[-68.17358,9.9407],[-68.17336,9.94066],[-68.17313,9.94057],[-68.17296,9.94046],[-68.17272,9.9403],[-68.17262,9.94018],[-68.17255,9.94004],[-68.17247,9.93983],[-68.17244,9.93968],[-68.17241,9.93945],[-68.17239,9.93928],[-68.17241,9.93911],[-68.17245,9.93886],[-68.17243,9.93874],[-68.17239,9.93857],[-68.17237,9.93848],[-68.17236,9.93835],[-68.17235,9.93822],[-68.17232,9.93814],[-68.17227,9.93808],[-68.17221,9.93805],[-68.17204,9.93804],[-68.17152,9.93804],[-68.17109,9.93808],[-68.17084,9.93809],[-68.17071,9.93808],[-68.17057,9.93803],[-68.17046,9.938],[-68.17038,9.93798],[-68.17025,9.938],[-68.17014,9.93805],[-68.17002,9.93806],[-68.1699,9.93804],[-68.1698,9.938],[-68.16968,9.93793],[-68.16962,9.9379],[-68.16953,9.93787],[-68.16944,9.93782],[-68.16939,9.93778],[-68.16936,9.93771],[-68.16936,9.93766],[-68.1694,9.93761],[-68.16947,9.93756],[-68.16973,9.9374],[-68.16992,9.93725],[-68.17008,9.93709],[-68.17021,9.9369],[-68.17028,9.93675],[-68.17029,9.93663],[-68.17025,9.93639],[-68.17022,9.93624],[-68.17008,9.93597],[-68.16993,9.93567],[-68.16977,9.93547],[-68.16966,9.93528],[-68.16961,9.9352],[-68.16958,9.93509],[-68.16956,9.93491],[-68.16952,9.93477],[-68.16943,9.9346],[-68.16932,9.9344],[-68.16928,9.93427],[-68.16927,9.93412],[-68.1693,9.93396],[-68.16936,9.93377],[-68.16946,9.93352],[-68.16959,9.93323],[-68.16965,9.93304],[-68.16973,9.93287],[-68.1698,9.93276],[-68.16986,9.93267],[-68.16996,9.93258],[-68.17017,9.93247],[-68.17064,9.93221],[-68.17075,9.93214],[-68.17083,9.93208],[-68.17089,9.93203],[-68.17098,9.93199],[-68.17106,9.93197],[-68.17113,9.93196],[-68.1712,9.93195],[-68.17128,9.93191],[-68.17136,9.93185],[-68.17141,9.93176],[-68.17143,9.93168],[-68.17143,9.93162],[-68.17142,9.93154],[-68.17135,9.93143],[-68.17128,9.93134],[-68.17117,9.93125],[-68.17103,9.93112],[-68.17089,9.93098],[-68.17081,9.93089],[-68.17075,9.93081],[-68.17066,9.93074],[-68.17056,9.93069],[-68.17044,9.93063],[-68.17036,9.93055],[-68.17032,9.93049],[-68.17031,9.9304],[-68.17031,9.93022],[-68.17035,9.92988],[-68.17037,9.92961],[-68.1704,9.92947],[-68.17044,9.92934],[-68.17045,9.92926],[-68.17045,9.92916],[-68.17045,9.92908],[-68.17048,9.92898],[-68.1705,9.9289],[-68.1705,9.92885],[-68.17048,9.92879],[-68.17042,9.92875],[-68.17034,9.92872],[-68.17027,9.9287],[-68.17015,9.92865],[-68.17002,9.92857],[-68.16989,9.92849],[-68.16981,9.92845],[-68.16972,9.92842],[-68.16962,9.92842],[-68.1695,9.92841],[-68.16943,9.92838],[-68.16933,9.92832],[-68.1691,9.92816],[-68.16875,9.92789],[-68.16846,9.92762],[-68.16823,9.92743],[-68.16813,9.92732],[-68.16807,9.92721],[-68.16805,9.92713],[-68.16804,9.92703],[-68.16802,9.92652],[-68.168,9.92615],[-68.16799,9.92599],[-68.16789,9.9256],[-68.16781,9.92524],[-68.16769,9.92489],[-68.16761,9.92469],[-68.16751,9.92451],[-68.16735,9.92431],[-68.16721,9.92414],[-68.16698,9.9239],[-68.16691,9.92383],[-68.16688,9.92376],[-68.16687,9.92368],[-68.16689,9.92358],[-68.16695,9.92334],[-68.16704,9.92306],[-68.16706,9.92297],[-68.16706,9.92288],[-68.16704,9.92281],[-68.167,9.92274],[-68.16692,9.92267],[-68.16667,9.92251],[-68.16198,9.92081],[-68.14513,9.91838],[-68.14236,9.9084],[-68.13676,9.88828],[-68.13353,9.88415],[-68.12627,9.88548],[-68.12645,9.88798],[-68.12647,9.88849],[-68.12639,9.88879],[-68.12621,9.88904],[-68.12596,9.88919],[-68.12562,9.88927],[-68.12524,9.88928],[-68.12479,9.88928],[-68.12436,9.88929],[-68.12396,9.88938],[-68.12273,9.88975],[-68.12178,9.89017],[-68.12126,9.89036],[-68.12073,9.89054],[-68.12007,9.89063],[-68.11957,9.89056],[-68.11916,9.89041],[-68.1189,9.89024],[-68.11679,9.88862],[-68.10343,9.88739],[-68.08572,9.89612],[-68.08393,9.89655],[-68.08227,9.89623],[-68.08094,9.89559],[-68.08028,9.89439],[-68.07937,9.89476],[-68.07889,9.89428],[-68.07836,9.89461],[-68.07729,9.89449],[-68.07623,9.89504],[-68.07556,9.89601],[-68.07412,9.8963],[-68.07171,9.89641],[-68.06955,9.89761],[-68.06804,9.89987],[-68.06667,9.90325],[-68.06535,9.90401],[-68.06478,9.90509],[-68.06298,9.90543],[-68.06091,9.90584],[-68.0609,9.90714],[-68.05986,9.90788],[-68.05641,9.90815],[-68.05506,9.90917],[-68.05464,9.91086],[-68.05514,9.91225],[-68.05545,9.91327],[-68.0534,9.91395],[-68.05214,9.91381],[-68.04964,9.91358],[-68.04715,9.91457],[-68.04549,9.91756],[-68.04448,9.9225],[-68.04305,9.92842],[-68.04208,9.93038],[-68.03878,9.93242],[-68.03606,9.9354],[-68.03259,9.93835],[-68.03254,9.93837],[-68.03252,9.93843],[-68.03252,9.93848],[-68.03251,9.93854],[-68.03249,9.93858],[-68.03245,9.93862],[-68.03241,9.93865],[-68.03235,9.93867],[-68.0323,9.93865],[-68.03225,9.93863],[-68.0322,9.9386],[-68.03215,9.93857],[-68.03212,9.93853],[-68.03207,9.9385],[-68.03197,9.93844],[-68.03192,9.93843],[-68.03187,9.93842],[-68.03174,9.93845],[-68.03169,9.93847],[-68.03165,9.9385],[-68.0316,9.93854],[-68.03155,9.93857],[-68.03151,9.9386],[-68.03147,9.93865],[-68.03144,9.9387],[-68.03141,9.93875],[-68.03139,9.93881],[-68.03137,9.93885],[-68.03135,9.9389],[-68.03131,9.93895],[-68.03127,9.93898],[-68.03122,9.93902],[-68.03118,9.93905],[-68.03114,9.93907],[-68.03109,9.93908],[-68.03097,9.93908],[-68.03092,9.93908],[-68.03087,9.9391],[-68.03083,9.93913],[-68.03079,9.93917],[-68.03079,9.93923],[-68.0308,9.93928],[-68.03084,9.9394],[-68.03087,9.93945],[-68.03091,9.93949],[-68.03093,9.93954],[-68.03094,9.9396],[-68.03094,9.93965],[-68.03091,9.9397],[-68.03088,9.93975],[-68.03083,9.93977],[-68.03078,9.9398],[-68.03073,9.93982],[-68.03068,9.93985],[-68.03047,9.93999],[-68.03042,9.94002],[-68.03032,9.94007],[-68.03026,9.94011],[-68.03017,9.94017],[-68.03006,9.94023],[-68.03002,9.94025],[-68.02996,9.94027],[-68.02991,9.94027],[-68.02986,9.94026],[-68.02982,9.94022],[-68.02979,9.94017],[-68.02976,9.94013],[-68.02973,9.94008],[-68.0297,9.94005],[-68.02965,9.94002],[-68.0296,9.94],[-68.02954,9.93999],[-68.02943,9.93999],[-68.02938,9.94001],[-68.02929,9.94007],[-68.02926,9.94012],[-68.0292,9.94022],[-68.02916,9.94026],[-68.02911,9.94029],[-68.02907,9.94032],[-68.02903,9.94036],[-68.029,9.9404],[-68.02899,9.94046],[-68.02899,9.94051],[-68.02898,9.94056],[-68.02898,9.94061],[-68.029,9.94067],[-68.02901,9.94072],[-68.02903,9.94078],[-68.02903,9.94084],[-68.02902,9.94089],[-68.02898,9.94094],[-68.02894,9.94097],[-68.02889,9.941],[-68.02884,9.94102],[-68.02868,9.9411],[-68.02863,9.94113],[-68.02858,9.94116],[-68.02853,9.9412],[-68.02849,9.94123],[-68.02844,9.94126],[-68.02839,9.94127],[-68.02834,9.94128],[-68.02829,9.94131],[-68.02823,9.94133],[-68.02818,9.94133],[-68.02813,9.94132],[-68.02809,9.94128],[-68.02805,9.94119],[-68.02801,9.94114],[-68.02795,9.9411],[-68.0279,9.94107],[-68.02786,9.94104],[-68.02782,9.94099],[-68.0278,9.94094],[-68.02778,9.94088],[-68.02774,9.94078],[-68.02772,9.94073],[-68.02768,9.94069],[-68.02764,9.94065],[-68.0276,9.94061],[-68.02756,9.94059],[-68.0275,9.94058],[-68.02745,9.94059],[-68.0274,9.94062],[-68.02735,9.94066],[-68.02731,9.94071],[-68.02727,9.94075],[-68.02721,9.94077],[-68.02711,9.94078],[-68.02705,9.9408],[-68.02701,9.94083],[-68.02697,9.94087],[-68.02693,9.94091],[-68.02684,9.94098],[-68.02679,9.941],[-68.02673,9.94105],[-68.02668,9.94108],[-68.02665,9.94113],[-68.02663,9.94118],[-68.02662,9.94123],[-68.02662,9.94134],[-68.02662,9.9414],[-68.02662,9.94146],[-68.02658,9.94152],[-68.02653,9.94156],[-68.02648,9.94159],[-68.0263,9.94168],[-68.02625,9.94169],[-68.02619,9.94171],[-68.02609,9.94176],[-68.02598,9.94181],[-68.02592,9.94183],[-68.02587,9.94183],[-68.0258,9.94183],[-68.02574,9.94182],[-68.02563,9.94178],[-68.02553,9.94175],[-68.02539,9.94175],[-68.02528,9.94175],[-68.02522,9.94176],[-68.02505,9.94183],[-68.02499,9.94184],[-68.02494,9.94185],[-68.02488,9.94185],[-68.02482,9.94184],[-68.02469,9.9418],[-68.02458,9.94177],[-68.02452,9.94176],[-68.02447,9.94176],[-68.02441,9.94176],[-68.02436,9.94178],[-68.0243,9.94181],[-68.02426,9.94185],[-68.02422,9.9419],[-68.0242,9.94194],[-68.02419,9.942],[-68.02417,9.94207],[-68.02416,9.94214],[-68.02415,9.9422],[-68.02412,9.94226],[-68.02408,9.94229],[-68.02403,9.94231],[-68.02397,9.94231],[-68.02386,9.94228],[-68.02381,9.94228],[-68.02375,9.9423],[-68.0237,9.94233],[-68.02365,9.94238],[-68.02362,9.94242],[-68.02359,9.94247],[-68.02106,9.94297],[-68.0178,9.94281],[-68.01575,9.9423],[-68.01381,9.94268],[-68.01124,9.94303],[-68.00769,9.94356],[-68.00722,9.94361],[-68.00703,9.94758],[-68.00785,9.94903],[-68.00886,9.94965],[-68.00943,9.94965],[-68.00965,9.94981],[-68.00964,9.95034],[-68.00965,9.95079],[-68.00993,9.95093],[-68.00998,9.95134],[-68.0105,9.95136],[-68.01046,9.95187],[-68.01138,9.95315],[-68.0115,9.95384],[-68.0116,9.9553],[-68.01212,9.95695],[-68.01234,9.9573],[-68.01267,9.95792],[-68.0128,9.95818],[-68.01279,9.95847],[-68.01268,9.95902],[-68.01267,9.95982],[-68.01271,9.96011],[-68.01278,9.9604],[-68.01287,9.9607],[-68.01293,9.96107],[-68.01301,9.96134],[-68.01301,9.96156],[-68.0131,9.96198],[-68.01312,9.96245],[-68.01317,9.96282],[-68.01322,9.96328],[-68.01334,9.96366],[-68.0135,9.96419],[-68.01338,9.96475],[-68.01397,9.96631],[-68.01446,9.96734],[-68.01474,9.9676],[-68.01479,9.96789],[-68.01483,9.96824],[-68.01474,9.96901],[-68.01483,9.96932],[-68.01485,9.96956],[-68.01503,9.97006],[-68.01511,9.9706],[-68.0153,9.97112],[-68.01545,9.97139],[-68.01559,9.97191],[-68.01549,9.97235],[-68.0156,9.97276],[-68.01562,9.9731],[-68.01568,9.9734],[-68.01554,9.97367],[-68.01557,9.97393],[-68.01568,9.97413],[-68.01579,9.9743],[-68.01586,9.97456],[-68.01589,9.97494],[-68.01593,9.97518],[-68.016,9.9754],[-68.01624,9.97572],[-68.01645,9.97599],[-68.01665,9.97634],[-68.01693,9.97709],[-68.01711,9.97756],[-68.01731,9.97795],[-68.01754,9.97837],[-68.01804,9.97905],[-68.01919,9.9794],[-68.021,9.97968],[-68.02124,9.97964],[-68.0214,9.97964],[-68.0216,9.97964],[-68.02178,9.97965],[-68.02207,9.97967],[-68.02245,9.97971],[-68.02373,9.9799],[-68.02387,9.97994],[-68.024,9.98005],[-68.0247,9.9803],[-68.02496,9.98028],[-68.02521,9.98023],[-68.02536,9.98014],[-68.02563,9.98004],[-68.02585,9.9799],[-68.02608,9.97976],[-68.02646,9.97961],[-68.02708,9.97946],[-68.02742,9.97936],[-68.0277,9.97934],[-68.02806,9.97936],[-68.02831,9.97945],[-68.02853,9.97952],[-68.0287,9.97958],[-68.02887,9.97963],[-68.02901,9.97968],[-68.02919,9.97974],[-68.02945,9.9798],[-68.02985,9.9799],[-68.0301,9.97997],[-68.03028,9.98004],[-68.03053,9.98014],[-68.03069,9.98018],[-68.03083,9.98022],[-68.03101,9.98024],[-68.03119,9.98024],[-68.03156,9.98019],[-68.03187,9.98014],[-68.03214,9.98013],[-68.0323,9.98016],[-68.03246,9.9802],[-68.03271,9.98031],[-68.03286,9.98038],[-68.03319,9.98058],[-68.0335,9.9807],[-68.03365,9.98074],[-68.03378,9.98076],[-68.03394,9.98076],[-68.03423,9.9807],[-68.03464,9.98062],[-68.03477,9.98061],[-68.03489,9.9806],[-68.03505,9.98062],[-68.03516,9.98065],[-68.03527,9.98071],[-68.03537,9.98078],[-68.03547,9.98084],[-68.03559,9.98094],[-68.03574,9.98107],[-68.03591,9.98122],[-68.03607,9.98132],[-68.03618,9.98137],[-68.03638,9.98145],[-68.03658,9.9815],[-68.03722,9.9816],[-68.03782,9.98168],[-68.03815,9.98172],[-68.03852,9.98174],[-68.03893,9.98173],[-68.0393,9.98172],[-68.03998,9.98165],[-68.04043,9.98181],[-68.0406,9.98191],[-68.04074,9.98201],[-68.0409,9.98222],[-68.04102,9.98241],[-68.04114,9.98261],[-68.04124,9.98276],[-68.04139,9.98291],[-68.04152,9.98307],[-68.04171,9.98324],[-68.04189,9.98335],[-68.04207,9.98346],[-68.04236,9.98356],[-68.04256,9.98366],[-68.04273,9.98378],[-68.04287,9.98393],[-68.04298,9.98414],[-68.04302,9.98432],[-68.04315,9.98453],[-68.04323,9.98466],[-68.04335,9.98481],[-68.04352,9.98489],[-68.04392,9.98498],[-68.04418,9.98505],[-68.04439,9.98511],[-68.04484,9.98575],[-68.04517,9.98632],[-68.04545,9.98678],[-68.04568,9.98716],[-68.04593,9.98748],[-68.04616,9.98774],[-68.04646,9.98803],[-68.047,9.98859],[-68.04727,9.98895],[-68.04698,9.98958],[-68.04687,9.98982],[-68.04681,9.99005],[-68.04681,9.99026],[-68.04688,9.99089],[-68.04708,9.99157],[-68.04693,9.99176],[-68.04689,9.99191],[-68.04721,9.9923],[-68.04744,9.99257],[-68.04757,9.99277],[-68.04762,9.99288],[-68.04792,9.99323],[-68.04816,9.99348],[-68.04829,9.99368],[-68.04835,9.99382],[-68.04838,9.994],[-68.04845,9.99417],[-68.04855,9.99437],[-68.04864,9.99453],[-68.04872,9.99468],[-68.04881,9.99484],[-68.04885,9.99503],[-68.0489,9.99528],[-68.04895,9.99546],[-68.04902,9.99558],[-68.04912,9.99577],[-68.04938,9.99602],[-68.04979,9.99631],[-68.05021,9.99657],[-68.05052,9.99672],[-68.05068,9.99681],[-68.05089,9.99696],[-68.05111,9.99711],[-68.05125,9.99723],[-68.05139,9.99736],[-68.0515,9.99751],[-68.05168,9.99775],[-68.05188,9.99804],[-68.05198,9.99826],[-68.05206,9.99847],[-68.05213,9.99868],[-68.05215,9.99883],[-68.05218,9.99907],[-68.05188,10.00071],[-68.05189,10.00413],[-68.05222,10.00489],[-68.05238,10.00502],[-68.05251,10.00515],[-68.05268,10.00537],[-68.05282,10.00564],[-68.05293,10.00582],[-68.05298,10.00598],[-68.05302,10.00616],[-68.05304,10.00631],[-68.0531,10.00647],[-68.05316,10.00664],[-68.05335,10.00685],[-68.05342,10.00698],[-68.0535,10.00711],[-68.05357,10.00725],[-68.05366,10.00744],[-68.05373,10.00774],[-68.05383,10.00824],[-68.05366,10.00899],[-68.05359,10.0092],[-68.05354,10.00939],[-68.05346,10.00957],[-68.05329,10.00979],[-68.05319,10.00995],[-68.05288,10.01042],[-68.05272,10.01056],[-68.05233,10.01079],[-68.05212,10.01099],[-68.05199,10.01119],[-68.0519,10.01142],[-68.05188,10.01166],[-68.05188,10.01204],[-68.05187,10.01234],[-68.05183,10.01273],[-68.05182,10.01302],[-68.05178,10.01331],[-68.05173,10.01358],[-68.0517,10.01381],[-68.05156,10.01415],[-68.05146,10.01439],[-68.05139,10.01468],[-68.05137,10.01489],[-68.05135,10.0151],[-68.05134,10.01527],[-68.0514,10.01562],[-68.05145,10.01598],[-68.05151,10.01618],[-68.05158,10.01636],[-68.05171,10.01654],[-68.05183,10.01665],[-68.05198,10.01673],[-68.05221,10.01682],[-68.0524,10.01693],[-68.05254,10.01702],[-68.05262,10.01717],[-68.05266,10.01729],[-68.05272,10.01748],[-68.05272,10.01759],[-68.0527,10.01773],[-68.05268,10.01789],[-68.0527,10.018],[-68.05277,10.01817],[-68.05284,10.01829],[-68.05304,10.01847],[-68.05321,10.01856],[-68.05336,10.01867],[-68.0535,10.01885],[-68.0536,10.01907],[-68.05381,10.01967],[-68.05383,10.01988],[-68.05385,10.02028],[-68.05388,10.02073],[-68.05546,10.02106],[-68.0556,10.02156],[-68.05574,10.02193],[-68.05602,10.02238],[-68.05648,10.02299],[-68.05661,10.02316],[-68.05676,10.02342],[-68.0568,10.02373],[-68.05681,10.02413],[-68.05674,10.02435],[-68.05669,10.02448],[-68.05654,10.02465],[-68.05631,10.02484],[-68.05606,10.02505],[-68.0559,10.02523],[-68.05574,10.02549],[-68.05564,10.02586],[-68.0556,10.02606],[-68.0556,10.02635],[-68.05565,10.02663],[-68.05572,10.02685],[-68.05576,10.02711],[-68.05573,10.02735],[-68.05568,10.02755],[-68.05563,10.02779],[-68.05559,10.02813],[-68.05563,10.02839],[-68.05568,10.02863],[-68.05578,10.0289],[-68.05594,10.02916],[-68.05613,10.02934],[-68.05634,10.02952],[-68.05664,10.02968],[-68.05685,10.02975],[-68.05682,10.03015],[-68.05679,10.03032],[-68.05678,10.03039],[-68.05674,10.03045],[-68.0567,10.03049],[-68.05665,10.03052],[-68.05661,10.03052],[-68.05657,10.03052],[-68.05653,10.03053],[-68.05649,10.03054],[-68.05646,10.03059],[-68.05643,10.03069],[-68.05637,10.03078],[-68.05632,10.03084],[-68.05625,10.0309],[-68.05617,10.03093],[-68.05611,10.03094],[-68.05605,10.03093],[-68.056,10.0309],[-68.05595,10.03086],[-68.05588,10.03078],[-68.0558,10.03071],[-68.05574,10.03068],[-68.05568,10.03068],[-68.05562,10.03069],[-68.05558,10.03072],[-68.05555,10.03077],[-68.05553,10.03085],[-68.0555,10.03092],[-68.05545,10.031],[-68.0554,10.03103],[-68.05534,10.03105],[-68.0553,10.03105],[-68.05526,10.03104],[-68.0551,10.03099],[-68.05491,10.03096],[-68.05479,10.03095],[-68.05474,10.03097],[-68.05468,10.03101],[-68.05466,10.03105],[-68.05463,10.03114],[-68.05462,10.03119],[-68.05463,10.03125],[-68.05466,10.03131],[-68.05478,10.03146],[-68.0549,10.03159],[-68.05496,10.03167],[-68.055,10.03176],[-68.05503,10.03184],[-68.05503,10.03191],[-68.05502,10.03196],[-68.05499,10.03202],[-68.05494,10.03211],[-68.05491,10.03218],[-68.05489,10.03225],[-68.05485,10.0323],[-68.0548,10.03232],[-68.05476,10.03232],[-68.0547,10.0323],[-68.05464,10.03224],[-68.05457,10.03216],[-68.05444,10.03204],[-68.05436,10.032],[-68.05423,10.03199],[-68.05412,10.03199],[-68.05401,10.03201],[-68.05394,10.03203],[-68.05391,10.03206],[-68.05389,10.0321],[-68.05389,10.03217],[-68.05389,10.03226],[-68.05391,10.03241],[-68.05394,10.03261],[-68.05394,10.03269],[-68.05391,10.03277],[-68.05383,10.03299],[-68.05377,10.03308],[-68.05375,10.03313],[-68.05375,10.03318],[-68.05377,10.03327],[-68.0538,10.03333],[-68.05386,10.03338],[-68.05392,10.03342],[-68.05408,10.03351],[-68.0542,10.03359],[-68.05438,10.03371],[-68.05449,10.03381],[-68.05459,10.03392],[-68.05473,10.03413],[-68.05482,10.03428],[-68.05484,10.03433],[-68.05484,10.03437],[-68.05482,10.03439],[-68.05478,10.03441],[-68.05473,10.03441],[-68.05466,10.03437],[-68.05459,10.03433],[-68.0545,10.03432],[-68.05442,10.03434],[-68.0544,10.03438],[-68.0544,10.03443],[-68.05444,10.03447],[-68.05447,10.0345],[-68.05455,10.03454],[-68.05468,10.03464],[-68.05477,10.03471],[-68.05482,10.03479],[-68.05492,10.03498],[-68.05497,10.03505],[-68.05505,10.03514],[-68.05516,10.03521],[-68.05528,10.03529],[-68.05534,10.03534],[-68.05537,10.03539],[-68.05539,10.03546],[-68.0554,10.03554],[-68.05538,10.0356],[-68.05534,10.03563],[-68.05528,10.03565],[-68.0552,10.03564],[-68.05509,10.0356],[-68.05498,10.03557],[-68.0549,10.03555],[-68.05485,10.03555],[-68.05478,10.03557],[-68.0547,10.03563],[-68.05466,10.0357],[-68.05463,10.03575],[-68.05459,10.03577],[-68.05454,10.03577],[-68.05449,10.03576],[-68.05439,10.03574],[-68.05434,10.03574],[-68.05427,10.03577],[-68.05423,10.03581],[-68.05421,10.03586],[-68.05418,10.03596],[-68.05417,10.03608],[-68.05415,10.03615],[-68.05413,10.03619],[-68.0541,10.03623],[-68.05406,10.03629],[-68.05403,10.03635],[-68.05402,10.03639],[-68.05403,10.03644],[-68.05404,10.03653],[-68.05407,10.03662],[-68.05411,10.03673],[-68.05417,10.03685],[-68.05422,10.03692],[-68.05427,10.03697],[-68.05428,10.03701],[-68.05428,10.03705],[-68.05428,10.03709],[-68.05429,10.03717],[-68.0543,10.03722],[-68.05431,10.03726],[-68.05434,10.0373],[-68.05438,10.03741],[-68.0544,10.03747],[-68.05442,10.03755],[-68.05445,10.03758],[-68.05449,10.0376],[-68.05453,10.03761],[-68.05457,10.0376],[-68.05462,10.03756],[-68.05466,10.03751],[-68.05467,10.03748],[-68.05467,10.03742],[-68.05465,10.03736],[-68.05463,10.03723],[-68.05457,10.03706],[-68.05457,10.037],[-68.05458,10.03695],[-68.05459,10.0369],[-68.05462,10.03686],[-68.05467,10.03684],[-68.05473,10.03682],[-68.05481,10.03681],[-68.05488,10.03681],[-68.05495,10.03684],[-68.05503,10.03689],[-68.05509,10.03696],[-68.05512,10.03701],[-68.05512,10.03705],[-68.05513,10.03709],[-68.05514,10.03714],[-68.05517,10.03718],[-68.05523,10.03723],[-68.05531,10.03727],[-68.05547,10.03733],[-68.05558,10.03738],[-68.05564,10.0374],[-68.05568,10.03744],[-68.05569,10.03749],[-68.05569,10.03754],[-68.05566,10.03759],[-68.0556,10.03764],[-68.05554,10.03767],[-68.05543,10.03772],[-68.0553,10.03782],[-68.05518,10.03793],[-68.05507,10.03807],[-68.05502,10.03815],[-68.05499,10.03822],[-68.05497,10.03833],[-68.05496,10.03854],[-68.05496,10.03879],[-68.05497,10.03887],[-68.05499,10.03893],[-68.05503,10.039],[-68.05514,10.03912],[-68.05524,10.03921],[-68.05534,10.03928],[-68.05539,10.03933],[-68.05541,10.03938],[-68.05542,10.03942],[-68.05542,10.03949],[-68.05541,10.03966],[-68.0554,10.03976],[-68.0554,10.03986],[-68.05541,10.03995],[-68.05547,10.04015],[-68.05549,10.04019],[-68.05552,10.04021],[-68.05555,10.04022],[-68.0556,10.04023],[-68.05569,10.04022],[-68.05578,10.0402],[-68.05582,10.04018],[-68.05586,10.04015],[-68.0559,10.04011],[-68.05594,10.04008],[-68.05597,10.04007],[-68.05601,10.04008],[-68.05605,10.04013],[-68.05607,10.04017],[-68.05609,10.04025],[-68.0561,10.04036],[-68.05612,10.04044],[-68.05614,10.04051],[-68.05617,10.04057],[-68.05618,10.04061],[-68.05617,10.04064],[-68.05614,10.04069],[-68.0561,10.04073],[-68.05603,10.04079],[-68.05601,10.04083],[-68.056,10.04087],[-68.056,10.04097],[-68.056,10.04111],[-68.056,10.04116],[-68.05601,10.0412],[-68.05604,10.04123],[-68.05606,10.04123],[-68.0561,10.04122],[-68.05614,10.04121],[-68.05633,10.04114],[-68.05638,10.04113],[-68.05643,10.04113],[-68.05646,10.04114],[-68.0565,10.04117],[-68.05663,10.04127],[-68.05676,10.04136],[-68.05687,10.04143],[-68.05693,10.0415],[-68.05702,10.04162],[-68.05708,10.0417],[-68.0571,10.04176],[-68.0571,10.04184],[-68.05708,10.04188],[-68.05704,10.04191],[-68.05696,10.04194],[-68.05688,10.04194],[-68.05683,10.04193],[-68.05679,10.0419],[-68.05675,10.04183],[-68.05671,10.04176],[-68.05665,10.04172],[-68.05659,10.04172],[-68.05653,10.04175],[-68.05649,10.04179],[-68.05642,10.04188],[-68.05637,10.04196],[-68.05634,10.04205],[-68.05631,10.04215],[-68.05628,10.0422],[-68.05622,10.04227],[-68.05614,10.04234],[-68.05612,10.04238],[-68.05609,10.04244],[-68.05609,10.0425],[-68.05608,10.04256],[-68.0561,10.04269],[-68.05611,10.04281],[-68.05612,10.04289],[-68.05609,10.04295],[-68.05605,10.04309],[-68.05603,10.04319],[-68.05602,10.04335],[-68.05602,10.04345],[-68.05603,10.04352],[-68.05605,10.04357],[-68.05608,10.04359],[-68.05611,10.0436],[-68.05615,10.04361],[-68.05618,10.04362],[-68.05623,10.04366],[-68.05625,10.04371],[-68.05627,10.04376],[-68.05628,10.04384],[-68.05627,10.04391],[-68.05625,10.04396],[-68.05621,10.04401],[-68.05612,10.04408],[-68.05608,10.0441],[-68.05603,10.04414],[-68.05602,10.04418],[-68.05603,10.04423],[-68.05607,10.04428],[-68.05611,10.04431],[-68.05622,10.04431],[-68.05649,10.04429],[-68.05655,10.0443],[-68.0566,10.04431],[-68.05666,10.04433],[-68.05671,10.04437],[-68.05676,10.04444],[-68.05677,10.0445],[-68.05678,10.0446],[-68.0568,10.04465],[-68.05682,10.04471],[-68.05687,10.04477],[-68.05694,10.04483],[-68.05703,10.04489],[-68.05707,10.04493],[-68.0571,10.04497],[-68.05713,10.04501],[-68.05719,10.04506],[-68.05726,10.04509],[-68.05733,10.04511],[-68.05737,10.04514],[-68.0574,10.04516],[-68.05741,10.04518],[-68.0574,10.0452],[-68.05738,10.04523],[-68.05735,10.04525],[-68.0573,10.04527],[-68.05724,10.04531],[-68.0572,10.04536],[-68.05716,10.04545],[-68.05714,10.0455],[-68.05712,10.04554],[-68.05712,10.04558],[-68.05713,10.04561],[-68.05714,10.04564],[-68.05717,10.04572],[-68.05718,10.04579],[-68.05718,10.04584],[-68.05717,10.04587],[-68.05714,10.04591],[-68.05704,10.04597],[-68.05694,10.04602],[-68.05688,10.04605],[-68.05684,10.04605],[-68.0568,10.04603],[-68.05676,10.046],[-68.05668,10.04596],[-68.05663,10.04595],[-68.05658,10.04597],[-68.05652,10.046],[-68.05645,10.04605],[-68.0564,10.04609],[-68.05635,10.0461],[-68.0563,10.0461],[-68.05624,10.04609],[-68.0562,10.0461],[-68.05618,10.04612],[-68.05617,10.04614],[-68.05616,10.04618],[-68.05616,10.04622],[-68.05618,10.04632],[-68.05618,10.04638],[-68.05616,10.04646],[-68.05613,10.04652],[-68.05607,10.0466],[-68.05604,10.04664],[-68.05603,10.04667],[-68.05602,10.04671],[-68.05604,10.04675],[-68.05606,10.04678],[-68.05611,10.0468],[-68.05616,10.04684],[-68.05619,10.04687],[-68.0562,10.04691],[-68.05619,10.04695],[-68.05616,10.04699],[-68.05606,10.04707],[-68.05601,10.04711],[-68.05594,10.04713],[-68.05588,10.04714],[-68.05584,10.04716],[-68.05582,10.0472],[-68.05582,10.04724],[-68.05583,10.04728],[-68.05586,10.04733],[-68.05589,10.04736],[-68.05593,10.04739],[-68.05599,10.04743],[-68.05602,10.04747],[-68.05605,10.04752],[-68.05606,10.04756],[-68.05604,10.04762],[-68.05597,10.04774],[-68.05593,10.04781],[-68.05591,10.04785],[-68.05592,10.04789],[-68.05595,10.04792],[-68.05598,10.04793],[-68.05604,10.04793],[-68.05608,10.04794],[-68.05613,10.04798],[-68.05615,10.04802],[-68.05617,10.04807],[-68.05617,10.04817],[-68.05616,10.04826],[-68.0561,10.04837],[-68.05601,10.0485],[-68.05595,10.0486],[-68.05593,10.04865],[-68.05592,10.04872],[-68.05593,10.04879],[-68.05596,10.04892],[-68.05598,10.04899],[-68.05597,10.04904],[-68.05595,10.04908],[-68.05591,10.04912],[-68.05586,10.04914],[-68.05577,10.04914],[-68.05566,10.04913],[-68.0556,10.0491],[-68.05554,10.04905],[-68.05551,10.04899],[-68.0555,10.04889],[-68.05549,10.04876],[-68.05549,10.04869],[-68.05549,10.04861],[-68.0555,10.04852],[-68.05551,10.04845],[-68.05552,10.04837],[-68.05551,10.04829],[-68.05547,10.04823],[-68.05542,10.04817],[-68.05532,10.04804],[-68.05529,10.04801],[-68.05524,10.048],[-68.05519,10.04801],[-68.05518,10.04804],[-68.05517,10.0481],[-68.05516,10.04815],[-68.05515,10.04821],[-68.05511,10.0483],[-68.05508,10.04836],[-68.05506,10.04842],[-68.05503,10.04846],[-68.055,10.04848],[-68.05494,10.04851],[-68.05488,10.04854],[-68.05486,10.04856],[-68.05483,10.04861],[-68.05481,10.04866],[-68.05474,10.04887],[-68.05471,10.04894],[-68.05468,10.04898],[-68.05462,10.04902],[-68.05456,10.04904],[-68.05453,10.04907],[-68.05452,10.04911],[-68.05453,10.04915],[-68.05456,10.04919],[-68.0546,10.04926],[-68.05462,10.04932],[-68.05462,10.04937],[-68.0546,10.04944],[-68.05455,10.04952],[-68.0545,10.04957],[-68.05439,10.04963],[-68.05427,10.04969],[-68.0542,10.04972],[-68.05409,10.04978],[-68.05399,10.04983],[-68.05394,10.04988],[-68.05391,10.04992],[-68.05388,10.04996],[-68.05385,10.04999],[-68.05381,10.05001],[-68.05369,10.05004],[-68.0536,10.05007],[-68.05353,10.05008],[-68.05348,10.05008],[-68.05342,10.05007],[-68.05335,10.05004],[-68.05329,10.05],[-68.05323,10.04995],[-68.05316,10.0499],[-68.05312,10.04984],[-68.05308,10.04976],[-68.05305,10.04972],[-68.05294,10.04965],[-68.05283,10.04956],[-68.05279,10.04954],[-68.05276,10.04954],[-68.05273,10.04953],[-68.0527,10.04955],[-68.05266,10.0496],[-68.05264,10.04964],[-68.0526,10.0497],[-68.05251,10.04981],[-68.05246,10.04988],[-68.05243,10.04995],[-68.05242,10.05001],[-68.05243,10.05007],[-68.05246,10.05011],[-68.05249,10.05014],[-68.05255,10.05017],[-68.05269,10.05023],[-68.05277,10.05026],[-68.05282,10.05027],[-68.05286,10.05027],[-68.05291,10.05025],[-68.05298,10.05021],[-68.05305,10.05019],[-68.0531,10.05019],[-68.05314,10.05023],[-68.05315,10.05027],[-68.05316,10.05033],[-68.05313,10.05049],[-68.05311,10.05063],[-68.05308,10.05071],[-68.05307,10.05075],[-68.05302,10.05078],[-68.05298,10.05079],[-68.05294,10.05078],[-68.0529,10.05074],[-68.05289,10.0507],[-68.05287,10.05064],[-68.05285,10.05062],[-68.05282,10.05061],[-68.05279,10.05062],[-68.05276,10.05063],[-68.05271,10.05066],[-68.05256,10.05079],[-68.05248,10.05087],[-68.05242,10.05091],[-68.05238,10.05094],[-68.05237,10.05098],[-68.05237,10.05102],[-68.05238,10.05107],[-68.05241,10.0511],[-68.05246,10.05113],[-68.0525,10.05114],[-68.05255,10.05114],[-68.05259,10.05112],[-68.05261,10.05109],[-68.05264,10.05105],[-68.05267,10.051],[-68.05272,10.05099],[-68.05281,10.05101],[-68.05287,10.05106],[-68.05292,10.05112],[-68.05299,10.05122],[-68.05303,10.05131],[-68.05306,10.05141],[-68.05307,10.0515],[-68.05306,10.05154],[-68.05302,10.05161],[-68.05283,10.05182],[-68.05278,10.05186],[-68.05274,10.05186],[-68.05269,10.05186],[-68.05262,10.05185],[-68.05255,10.05187],[-68.05251,10.05191],[-68.0525,10.05196],[-68.0525,10.05201],[-68.05253,10.05207],[-68.05256,10.05211],[-68.05257,10.05216],[-68.05256,10.05219],[-68.05254,10.05222],[-68.05249,10.05223],[-68.05245,10.05222],[-68.05239,10.0522],[-68.05233,10.05214],[-68.05225,10.05209],[-68.05217,10.05205],[-68.05208,10.05201],[-68.052,10.05197],[-68.05194,10.05192],[-68.05188,10.05189],[-68.05183,10.05188],[-68.05179,10.0519],[-68.05176,10.05194],[-68.05173,10.052],[-68.05167,10.05206],[-68.0516,10.05214],[-68.05156,10.05221],[-68.05155,10.05227],[-68.05155,10.05234],[-68.05157,10.0524],[-68.0516,10.05245],[-68.05165,10.05248],[-68.05171,10.05249],[-68.05179,10.05249],[-68.0519,10.05249],[-68.05194,10.05249],[-68.05199,10.05251],[-68.05202,10.05254],[-68.05204,10.05258],[-68.05204,10.05263],[-68.05203,10.05267],[-68.05199,10.05278],[-68.05194,10.05288],[-68.05186,10.05309],[-68.05182,10.05314],[-68.05176,10.05317],[-68.0517,10.05318],[-68.05158,10.05318],[-68.0514,10.05316],[-68.05136,10.05317],[-68.05133,10.05318],[-68.05131,10.05322],[-68.05131,10.05328],[-68.05133,10.05332],[-68.05136,10.05337],[-68.05141,10.05343],[-68.05148,10.05349],[-68.05152,10.05355],[-68.05154,10.0536],[-68.05154,10.05364],[-68.05152,10.05369],[-68.05149,10.05373],[-68.0514,10.05382],[-68.05137,10.05386],[-68.05136,10.05391],[-68.05135,10.05397],[-68.05131,10.05419],[-68.05129,10.05446],[-68.05129,10.05452],[-68.05132,10.05457],[-68.05135,10.0546],[-68.05141,10.05464],[-68.05146,10.05465],[-68.05157,10.05466],[-68.05169,10.05467],[-68.05174,10.05469],[-68.05179,10.05474],[-68.05183,10.0548],[-68.05185,10.05484],[-68.05188,10.05491],[-68.05193,10.05497],[-68.05198,10.05501],[-68.05205,10.05506],[-68.05219,10.05511],[-68.05236,10.05517],[-68.05241,10.0552],[-68.05244,10.05523],[-68.05247,10.05527],[-68.05247,10.05532],[-68.05246,10.05537],[-68.05243,10.05541],[-68.0524,10.05544],[-68.05232,10.05548],[-68.05221,10.05554],[-68.05205,10.05564],[-68.05196,10.05571],[-68.05192,10.05574],[-68.05186,10.05576],[-68.05181,10.05576],[-68.05175,10.05574],[-68.05169,10.0557],[-68.05162,10.05565],[-68.05158,10.05563],[-68.05153,10.05563],[-68.05148,10.05565],[-68.05144,10.0557],[-68.05144,10.05575],[-68.05144,10.0558],[-68.05145,10.05595],[-68.05147,10.05613],[-68.0515,10.05638],[-68.05148,10.05649],[-68.05146,10.05657],[-68.05139,10.05671],[-68.0513,10.05684],[-68.0512,10.057],[-68.05105,10.05717],[-68.05101,10.05726],[-68.05096,10.05736],[-68.05092,10.0575],[-68.05088,10.05763],[-68.05081,10.05783],[-68.05074,10.05805],[-68.05072,10.05814],[-68.0507,10.05822],[-68.05071,10.05828],[-68.05072,10.05834],[-68.05089,10.05876],[-68.05113,10.05882],[-68.05135,10.05887],[-68.05159,10.05895],[-68.05212,10.05917],[-68.05311,10.05957],[-68.05413,10.05993],[-68.05472,10.06014],[-68.05516,10.06031],[-68.05539,10.06039],[-68.05566,10.0605],[-68.05597,10.06064],[-68.05626,10.0608],[-68.05647,10.06093],[-68.05667,10.06108],[-68.05687,10.06125],[-68.05705,10.06141],[-68.0573,10.06162],[-68.05761,10.06189],[-68.05785,10.06212],[-68.05803,10.06228],[-68.05816,10.06242],[-68.0583,10.06251],[-68.05849,10.0626],[-68.05858,10.06265],[-68.05867,10.06272],[-68.05882,10.06294],[-68.0589,10.06303],[-68.05898,10.06311],[-68.05907,10.06317],[-68.05915,10.0632],[-68.05921,10.06322],[-68.05929,10.06326],[-68.05937,10.06334],[-68.05951,10.06353],[-68.06006,10.06414],[-68.0609,10.0651],[-68.06139,10.0656],[-68.06187,10.06613],[-68.06203,10.0663],[-68.06216,10.06639],[-68.06228,10.06649],[-68.06243,10.06668],[-68.06261,10.06698],[-68.06283,10.06733],[-68.06293,10.06747],[-68.06311,10.06776],[-68.06339,10.06824],[-68.06353,10.06845],[-68.06369,10.06869],[-68.06392,10.06906],[-68.06449,10.06983],[-68.0654,10.0711],[-68.06568,10.07149],[-68.06605,10.07201],[-68.06676,10.07295],[-68.06684,10.07302],[-68.0669,10.07309],[-68.06694,10.07315],[-68.06699,10.07325],[-68.06703,10.07334],[-68.06708,10.07343],[-68.06712,10.07351],[-68.06716,10.07358],[-68.0672,10.07364],[-68.06725,10.07369],[-68.06732,10.07376],[-68.06775,10.07406],[-68.06824,10.07442],[-68.06848,10.07459],[-68.06855,10.07466],[-68.06861,10.07474],[-68.06869,10.07482],[-68.06884,10.07494],[-68.06926,10.07514],[-68.0694,10.07522],[-68.06949,10.07529],[-68.06959,10.07536],[-68.06972,10.07547],[-68.0698,10.07551],[-68.06986,10.07552],[-68.06993,10.07552],[-68.07004,10.07553],[-68.07017,10.07557],[-68.07034,10.07566],[-68.07054,10.07581],[-68.07064,10.07595],[-68.07081,10.07616],[-68.07093,10.0763],[-68.07101,10.07642],[-68.07106,10.07656],[-68.07109,10.07671],[-68.07109,10.07691],[-68.07106,10.07707],[-68.07107,10.07716],[-68.0711,10.07724],[-68.07115,10.07729],[-68.07125,10.07732],[-68.07131,10.07734],[-68.07151,10.07736],[-68.07169,10.07737],[-68.07179,10.0774],[-68.07184,10.07747],[-68.07187,10.07758],[-68.07187,10.07767],[-68.07182,10.07782],[-68.07176,10.07793],[-68.07169,10.07802],[-68.07157,10.07809],[-68.07144,10.07812],[-68.07129,10.07814],[-68.07116,10.07819],[-68.07103,10.07827],[-68.07095,10.07837],[-68.07088,10.07852],[-68.07081,10.07875],[-68.07079,10.07891],[-68.07079,10.07903],[-68.07081,10.07918],[-68.07083,10.07938],[-68.07086,10.07952],[-68.07091,10.0796],[-68.07096,10.07965],[-68.07103,10.07971],[-68.07117,10.0798],[-68.07126,10.0799],[-68.07133,10.08],[-68.07137,10.08007],[-68.07139,10.08011],[-68.07139,10.08017],[-68.07137,10.08024],[-68.07132,10.0803],[-68.07128,10.08033],[-68.07126,10.08037],[-68.07125,10.08041],[-68.07126,10.08045],[-68.07129,10.08048],[-68.07131,10.08049],[-68.07135,10.08049],[-68.07142,10.08047],[-68.07151,10.08044],[-68.07161,10.08043],[-68.07168,10.08045],[-68.07173,10.08048],[-68.07179,10.08053],[-68.07184,10.0806],[-68.07188,10.0807],[-68.07193,10.08092],[-68.07199,10.08113],[-68.07204,10.08125],[-68.07207,10.08134],[-68.07216,10.08163],[-68.07221,10.08188],[-68.07223,10.08196],[-68.07225,10.08201],[-68.07229,10.08204],[-68.07238,10.0821],[-68.07247,10.08217],[-68.07253,10.08223],[-68.07258,10.0823],[-68.07259,10.08236],[-68.07263,10.08249],[-68.07266,10.08256],[-68.07271,10.08262],[-68.07276,10.08266],[-68.07282,10.08269],[-68.07292,10.08271],[-68.07308,10.08271],[-68.07316,10.08272],[-68.07327,10.08274],[-68.07335,10.08277],[-68.07339,10.08281],[-68.07343,10.0829],[-68.07348,10.08306],[-68.07349,10.08317],[-68.07349,10.08328],[-68.07348,10.08345],[-68.07347,10.08352],[-68.07344,10.08358],[-68.0734,10.08362],[-68.07337,10.08366],[-68.07335,10.0837],[-68.07335,10.08374],[-68.07338,10.08377],[-68.07341,10.08379],[-68.07346,10.08383],[-68.07364,10.08391],[-68.07371,10.08396],[-68.07378,10.084],[-68.07383,10.08405],[-68.07386,10.08411],[-68.07386,10.08414],[-68.07385,10.08416],[-68.07382,10.08417],[-68.0738,10.08415],[-68.07375,10.08412],[-68.07371,10.08409],[-68.07364,10.08406],[-68.07359,10.08406],[-68.07354,10.08407],[-68.0735,10.08409],[-68.07344,10.08414],[-68.07341,10.08421],[-68.07339,10.08431],[-68.07338,10.08439],[-68.07339,10.08456],[-68.07339,10.08468],[-68.0734,10.08477],[-68.07341,10.08481],[-68.07343,10.08484],[-68.07345,10.08485],[-68.07348,10.08485],[-68.07353,10.08485],[-68.07361,10.08483],[-68.07367,10.08483],[-68.07372,10.08483],[-68.07376,10.08484],[-68.0738,10.08487],[-68.07384,10.08492],[-68.07387,10.08499],[-68.0739,10.08503],[-68.07393,10.08504],[-68.07395,10.08504],[-68.07397,10.08502],[-68.07398,10.08499],[-68.074,10.08497],[-68.07403,10.08497],[-68.07407,10.08497],[-68.07412,10.08499],[-68.07419,10.08504],[-68.07428,10.08513],[-68.07434,10.08519],[-68.07436,10.08522],[-68.07436,10.08526],[-68.07435,10.08528],[-68.07433,10.08529],[-68.07428,10.08529],[-68.07424,10.08527],[-68.07419,10.08526],[-68.07414,10.08525],[-68.07409,10.08526],[-68.07406,10.08529],[-68.07403,10.08533],[-68.07401,10.0854],[-68.074,10.08547],[-68.07401,10.08551],[-68.07403,10.08556],[-68.07406,10.08561],[-68.07409,10.08568],[-68.07415,10.0858],[-68.07423,10.08593],[-68.07428,10.08602],[-68.07431,10.08611],[-68.07431,10.08619],[-68.07431,10.08625],[-68.07428,10.0863],[-68.07424,10.08636],[-68.07421,10.0864],[-68.07421,10.08644],[-68.07422,10.08647],[-68.07425,10.0865],[-68.07428,10.08652],[-68.07433,10.08653],[-68.07436,10.08655],[-68.07437,10.08658],[-68.07438,10.08662],[-68.0744,10.08673],[-68.07439,10.08681],[-68.07436,10.08688],[-68.07433,10.08698],[-68.07431,10.08704],[-68.07431,10.08708],[-68.07433,10.08711],[-68.07435,10.08713],[-68.07439,10.08713],[-68.07441,10.08712],[-68.07444,10.08709],[-68.07447,10.08708],[-68.07451,10.08707],[-68.07455,10.08708],[-68.07462,10.08713],[-68.07471,10.08723],[-68.07483,10.08737],[-68.07486,10.08744],[-68.07489,10.08752],[-68.0749,10.08758],[-68.07489,10.08768],[-68.07488,10.08772],[-68.07489,10.08776],[-68.07491,10.0878],[-68.07493,10.08782],[-68.07498,10.08787],[-68.07507,10.08796],[-68.07518,10.08809],[-68.07532,10.08826],[-68.07549,10.08841],[-68.07556,10.08846],[-68.07567,10.0885],[-68.0758,10.08854],[-68.07587,10.08855],[-68.07595,10.08857],[-68.07599,10.0886],[-68.07602,10.08864],[-68.07603,10.08867],[-68.07603,10.08871],[-68.07601,10.08887],[-68.07601,10.08892],[-68.07603,10.08898],[-68.07606,10.08902],[-68.07609,10.08906],[-68.07616,10.08911],[-68.07618,10.08913],[-68.07619,10.08917],[-68.07619,10.0892],[-68.07616,10.08925],[-68.07615,10.08931],[-68.07614,10.08935],[-68.07614,10.0894],[-68.07614,10.08943],[-68.07616,10.08946],[-68.07622,10.08949],[-68.07628,10.0895],[-68.07635,10.0895],[-68.0764,10.0895],[-68.07646,10.08947],[-68.07652,10.08944],[-68.07657,10.08942],[-68.07662,10.08941],[-68.07668,10.0894],[-68.07673,10.08942],[-68.07679,10.08945],[-68.07685,10.0895],[-68.07692,10.08954],[-68.07696,10.08955],[-68.07702,10.08957],[-68.07706,10.0896],[-68.07709,10.08965],[-68.0771,10.0897],[-68.0771,10.08975],[-68.07707,10.08981],[-68.07703,10.08987],[-68.07693,10.08995],[-68.07682,10.09001],[-68.07677,10.09003],[-68.07673,10.09006],[-68.07672,10.0901],[-68.07672,10.09014],[-68.07673,10.09019],[-68.07676,10.09024],[-68.07686,10.09042],[-68.07691,10.09055],[-68.07696,10.09068],[-68.077,10.09079],[-68.07708,10.09093],[-68.07712,10.09098],[-68.07716,10.09103],[-68.07723,10.09124],[-68.07735,10.09159],[-68.07739,10.09173],[-68.07742,10.09179],[-68.07745,10.09182],[-68.07748,10.09183],[-68.07754,10.09185],[-68.07758,10.09188],[-68.0776,10.09192],[-68.07761,10.09196],[-68.07759,10.09201],[-68.07756,10.09206],[-68.07744,10.09216],[-68.07735,10.09223],[-68.07725,10.09229],[-68.07714,10.09234],[-68.07708,10.09236],[-68.07704,10.09236],[-68.07699,10.09234],[-68.07696,10.09232],[-68.07691,10.09228],[-68.07687,10.09224],[-68.07682,10.09221],[-68.07676,10.09221],[-68.07671,10.09223],[-68.0766,10.09228],[-68.07653,10.09233],[-68.07652,10.09235],[-68.07652,10.09238],[-68.07653,10.09241],[-68.07655,10.09242],[-68.07661,10.09242],[-68.07664,10.09243],[-68.07667,10.09244],[-68.07669,10.09246],[-68.07673,10.09251],[-68.07676,10.09261],[-68.07678,10.09267],[-68.07678,10.09273],[-68.07676,10.09278],[-68.07673,10.09282],[-68.07669,10.09286],[-68.07663,10.09288],[-68.07658,10.09289],[-68.07644,10.09292],[-68.07634,10.09294],[-68.0762,10.09295],[-68.07618,10.09296],[-68.07615,10.09298],[-68.07615,10.09301],[-68.07617,10.09303],[-68.07619,10.09305],[-68.07625,10.09306],[-68.07628,10.09307],[-68.0763,10.09308],[-68.07632,10.0931],[-68.07632,10.09313],[-68.07631,10.09317],[-68.07628,10.09322],[-68.07619,10.09339],[-68.07608,10.09363],[-68.07607,10.09371],[-68.07608,10.0939],[-68.07607,10.09419],[-68.07605,10.09434],[-68.07602,10.09449],[-68.07593,10.09483],[-68.07586,10.09493],[-68.07583,10.09498],[-68.07582,10.09504],[-68.07582,10.09509],[-68.07584,10.09514],[-68.07587,10.09519],[-68.07591,10.09523],[-68.07593,10.09528],[-68.07591,10.09533],[-68.07586,10.09536],[-68.07581,10.09537],[-68.07576,10.09535],[-68.07566,10.09533],[-68.07555,10.09533],[-68.07538,10.09536],[-68.07519,10.09542],[-68.07501,10.09555],[-68.07497,10.09559],[-68.07492,10.09563],[-68.07488,10.09567],[-68.07485,10.09572],[-68.07483,10.09577],[-68.0748,10.09588],[-68.0748,10.09594],[-68.07481,10.096],[-68.07482,10.09611],[-68.07481,10.09616],[-68.07479,10.09621],[-68.07472,10.09629],[-68.07468,10.09633],[-68.07463,10.09636],[-68.07459,10.09639],[-68.07439,10.0965],[-68.07413,10.09658],[-68.07408,10.09659],[-68.07402,10.09659],[-68.07397,10.09659],[-68.07392,10.0966],[-68.0738,10.09663],[-68.07374,10.09666],[-68.07372,10.09669],[-68.07371,10.09671],[-68.07371,10.09674],[-68.07373,10.09677],[-68.07375,10.09679],[-68.07379,10.09682],[-68.07382,10.09687],[-68.07386,10.09699],[-68.07388,10.09712],[-68.0739,10.09734],[-68.07392,10.09739],[-68.07397,10.09743],[-68.07401,10.09747],[-68.07402,10.09752],[-68.07402,10.09758],[-68.07399,10.09762],[-68.07394,10.09765],[-68.07388,10.09765],[-68.07383,10.09762],[-68.07377,10.09761],[-68.07372,10.0976],[-68.07365,10.09763],[-68.07362,10.09767],[-68.07358,10.09771],[-68.07354,10.09776],[-68.07351,10.09781],[-68.07349,10.09786],[-68.07347,10.09793],[-68.07345,10.09798],[-68.07344,10.09804],[-68.07342,10.09817],[-68.0734,10.09828],[-68.0734,10.0984],[-68.07341,10.09846],[-68.07343,10.09851],[-68.07346,10.09856],[-68.07351,10.09859],[-68.07356,10.09861],[-68.07361,10.09863],[-68.07372,10.09866],[-68.07377,10.09869],[-68.07381,10.09873],[-68.07379,10.09878],[-68.07375,10.09882],[-68.0737,10.09885],[-68.07364,10.09885],[-68.07353,10.09883],[-68.07348,10.09882],[-68.07342,10.09882],[-68.07337,10.09884],[-68.07326,10.0989],[-68.07321,10.09893],[-68.07316,10.09897],[-68.07307,10.09903],[-68.07304,10.09907],[-68.07299,10.0991],[-68.07293,10.09912],[-68.07274,10.09911],[-68.07269,10.09912],[-68.07264,10.09914],[-68.07259,10.09918],[-68.07254,10.09921],[-68.07246,10.09929],[-68.07241,10.0993],[-68.07236,10.09928],[-68.07233,10.09923],[-68.07231,10.09918],[-68.0723,10.09913],[-68.07228,10.09908],[-68.07225,10.09903],[-68.07221,10.09899],[-68.07217,10.09896],[-68.07215,10.09891],[-68.07215,10.0988],[-68.07214,10.09874],[-68.0721,10.0987],[-68.07205,10.09868],[-68.072,10.09866],[-68.07196,10.09863],[-68.07193,10.09858],[-68.0719,10.09854],[-68.07187,10.09843],[-68.07186,10.09838],[-68.07181,10.09835],[-68.07176,10.09836],[-68.07172,10.09838],[-68.07168,10.09842],[-68.07162,10.09851],[-68.07158,10.09867],[-68.07155,10.09872],[-68.0715,10.09874],[-68.07145,10.09872],[-68.07142,10.09868],[-68.07137,10.09865],[-68.07132,10.09866],[-68.07126,10.09869],[-68.07112,10.09881],[-68.07109,10.09886],[-68.07107,10.09891],[-68.07105,10.09897],[-68.07105,10.09902],[-68.07105,10.09908],[-68.07103,10.09913],[-68.07101,10.09918],[-68.07096,10.09928],[-68.0709,10.09935],[-68.07086,10.09938],[-68.07081,10.0994],[-68.07076,10.09942],[-68.07071,10.09945],[-68.07067,10.09949],[-68.07065,10.09954],[-68.07063,10.0996],[-68.07063,10.09972],[-68.07064,10.09978],[-68.07067,10.09983],[-68.0707,10.09987],[-68.07074,10.09992],[-68.0709,10.10007],[-68.07099,10.10014],[-68.07104,10.10017],[-68.07106,10.10022],[-68.07107,10.10028],[-68.07106,10.10033],[-68.07106,10.10039],[-68.07106,10.10044],[-68.0711,10.10048],[-68.07114,10.10052],[-68.07115,10.10057],[-68.07114,10.10062],[-68.0711,10.10067],[-68.07106,10.10071],[-68.07101,10.10074],[-68.07095,10.1008],[-68.07092,10.10085],[-68.07091,10.1009],[-68.0709,10.10095],[-68.07092,10.10101],[-68.07096,10.10105],[-68.07102,10.10105],[-68.07108,10.10104],[-68.07113,10.10104],[-68.07118,10.10108],[-68.07121,10.10113],[-68.0712,10.10119],[-68.07117,10.10124],[-68.07114,10.10128],[-68.07113,10.10134],[-68.07113,10.1014],[-68.07116,10.10145],[-68.0712,10.10149],[-68.07126,10.10153],[-68.07131,10.10156],[-68.07137,10.10157],[-68.07142,10.10158],[-68.07148,10.1016],[-68.07152,10.10164],[-68.07155,10.10169],[-68.07157,10.10174],[-68.07156,10.10179],[-68.07153,10.10183],[-68.07144,10.10189],[-68.07138,10.1019],[-68.07133,10.10192],[-68.07124,10.10198],[-68.07117,10.10207],[-68.07114,10.10212],[-68.07109,10.10222],[-68.07107,10.10228],[-68.07105,10.10233],[-68.07104,10.10238],[-68.07103,10.10244],[-68.07104,10.10249],[-68.07109,10.10259],[-68.07115,10.10269],[-68.0712,10.10273],[-68.07122,10.10279],[-68.07127,10.1029],[-68.0713,10.10295],[-68.07134,10.10298],[-68.0714,10.10301],[-68.07146,10.10304],[-68.07161,10.10305],[-68.07167,10.10306],[-68.07172,10.10309],[-68.07177,10.10312],[-68.0718,10.10317],[-68.07181,10.10323],[-68.07179,10.10328],[-68.07176,10.10332],[-68.07172,10.10336],[-68.07168,10.1034],[-68.07161,10.10349],[-68.07153,10.10357],[-68.07137,10.10366],[-68.07121,10.10365],[-68.07103,10.10363],[-68.07097,10.10363],[-68.07091,10.10365],[-68.07081,10.1037],[-68.07072,10.10376],[-68.07058,10.10389],[-68.07051,10.10397],[-68.07028,10.10412],[-68.06979,10.10439],[-68.06947,10.10459],[-68.06927,10.10474],[-68.06905,10.10493],[-68.06885,10.10505],[-68.0688,10.10508],[-68.06875,10.10511],[-68.06869,10.10512],[-68.06864,10.10513],[-68.06858,10.10513],[-68.06853,10.10514],[-68.06847,10.10516],[-68.06841,10.10518],[-68.06832,10.10526],[-68.06828,10.10532],[-68.06826,10.10537],[-68.06826,10.10549],[-68.06824,10.10554],[-68.0682,10.10559],[-68.06816,10.10562],[-68.06811,10.10566],[-68.0678,10.10585],[-68.06775,10.10588],[-68.06771,10.10591],[-68.06767,10.10595],[-68.06763,10.10601],[-68.06758,10.10611],[-68.06755,10.10616],[-68.06745,10.10622],[-68.06729,10.10626],[-68.06724,10.10628],[-68.06714,10.10634],[-68.06703,10.10638],[-68.06694,10.1064],[-68.06671,10.10644],[-68.06646,10.1065],[-68.06618,10.10657],[-68.06581,10.10668],[-68.06568,10.10668],[-68.06558,10.10667],[-68.06553,10.10666],[-68.06542,10.10663],[-68.06536,10.10662],[-68.06531,10.10663],[-68.06525,10.10665],[-68.06522,10.10669],[-68.06519,10.10673],[-68.06517,10.10679],[-68.06517,10.10684],[-68.06517,10.1069],[-68.06517,10.10695],[-68.06516,10.10701],[-68.06514,10.10707],[-68.06511,10.10712],[-68.06502,10.10724],[-68.06495,10.10733],[-68.0649,10.10737],[-68.06485,10.10741],[-68.0648,10.10742],[-68.06474,10.10743],[-68.06463,10.10746],[-68.06451,10.10747],[-68.06446,10.10748],[-68.06441,10.10749],[-68.06436,10.10751],[-68.06431,10.10754],[-68.06426,10.10757],[-68.06419,10.10766],[-68.06407,10.10778],[-68.064,10.10786],[-68.06394,10.10795],[-68.06391,10.10801],[-68.0639,10.10806],[-68.06389,10.10812],[-68.0639,10.10817],[-68.06391,10.10823],[-68.06392,10.10828],[-68.06388,10.10832],[-68.06384,10.10835],[-68.06378,10.10836],[-68.06373,10.10839],[-68.06368,10.10843],[-68.06365,10.10847],[-68.06363,10.10852],[-68.06362,10.10858],[-68.06361,10.10863],[-68.06358,10.10869],[-68.06353,10.10872],[-68.06348,10.10873],[-68.06342,10.10874],[-68.06331,10.10875],[-68.06321,10.1088],[-68.06316,10.10883],[-68.06312,10.10887],[-68.06309,10.10892],[-68.06306,10.10897],[-68.06302,10.10901],[-68.06297,10.10902],[-68.06291,10.10903],[-68.0628,10.10903],[-68.06245,10.10911],[-68.06224,10.10916],[-68.06206,10.1092],[-68.06201,10.10922],[-68.06196,10.10923],[-68.06184,10.10928],[-68.06176,10.10935],[-68.06169,10.10944],[-68.06164,10.10957],[-68.06157,10.10991],[-68.06151,10.11004],[-68.06142,10.1102],[-68.06133,10.11049],[-68.06128,10.11065],[-68.06125,10.1108],[-68.06123,10.11087],[-68.06121,10.11093],[-68.06118,10.11098],[-68.06111,10.11106],[-68.06105,10.11117],[-68.06101,10.11129],[-68.06099,10.1114],[-68.06097,10.11145],[-68.06094,10.1115],[-68.0609,10.11154],[-68.06086,10.11158],[-68.06081,10.11159],[-68.0607,10.11159],[-68.06065,10.11162],[-68.0606,10.11165],[-68.06056,10.11169],[-68.06054,10.11174],[-68.0605,10.11178],[-68.06047,10.11182],[-68.06043,10.11185],[-68.0604,10.1119],[-68.06037,10.11201],[-68.06035,10.11206],[-68.06031,10.1121],[-68.06027,10.11214],[-68.06022,10.11216],[-68.06018,10.1122],[-68.06015,10.11225],[-68.06011,10.11229],[-68.06006,10.11232],[-68.06003,10.11237],[-68.06,10.11241],[-68.05997,10.11245],[-68.05995,10.1125],[-68.05993,10.11255],[-68.05993,10.11261],[-68.05996,10.11266],[-68.05998,10.11271],[-68.05996,10.11282],[-68.05994,10.11288],[-68.05994,10.11297],[-68.05993,10.11302],[-68.05993,10.11307],[-68.05994,10.11313],[-68.05994,10.11319],[-68.05993,10.11325],[-68.05992,10.1133],[-68.0599,10.11335],[-68.05987,10.11339],[-68.05983,10.11342],[-68.05978,10.11345],[-68.05962,10.11351],[-68.05957,10.11354],[-68.05942,10.11359],[-68.05936,10.11361],[-68.05931,10.11362],[-68.05926,10.11364],[-68.05921,10.11367],[-68.05917,10.1137],[-68.05912,10.11373],[-68.05906,10.11382],[-68.05904,10.11387],[-68.05902,10.11392],[-68.059,10.11397],[-68.05899,10.11403],[-68.05905,10.11412],[-68.05907,10.11418],[-68.05908,10.1142],[-68.05908,10.11425],[-68.05907,10.11431],[-68.05905,10.11436],[-68.05903,10.11442],[-68.05903,10.11447],[-68.05903,10.11452],[-68.05902,10.11458],[-68.059,10.11463],[-68.05899,10.11469],[-68.05898,10.11474],[-68.05899,10.1148],[-68.05903,10.11487],[-68.05905,10.11489],[-68.05909,10.11497],[-68.0591,10.11499],[-68.0591,10.11502],[-68.05908,10.11505],[-68.05906,10.11507],[-68.05903,10.11508],[-68.05899,10.11508],[-68.05896,10.11508],[-68.05894,10.1151],[-68.05892,10.11512],[-68.05891,10.11515],[-68.0589,10.11518],[-68.05891,10.11521],[-68.05892,10.11524],[-68.05894,10.11526],[-68.05897,10.11528],[-68.059,10.1153],[-68.05902,10.11531],[-68.05905,10.11532],[-68.05907,10.11534],[-68.05908,10.11539],[-68.05908,10.11544],[-68.05905,10.11554],[-68.05896,10.11573],[-68.05879,10.11606],[-68.05863,10.11628],[-68.05836,10.11655],[-68.05814,10.11684],[-68.05796,10.11698],[-68.05775,10.11711],[-68.05756,10.11721],[-68.05751,10.11724],[-68.05746,10.11726],[-68.05744,10.11731],[-68.05743,10.11736],[-68.05746,10.11742],[-68.05749,10.11747],[-68.05752,10.11752],[-68.05757,10.11762],[-68.05765,10.11771],[-68.05769,10.11778],[-68.05774,10.11781],[-68.05778,10.11786],[-68.05787,10.118],[-68.0579,10.11805],[-68.05793,10.1181],[-68.05803,10.11824],[-68.05807,10.11828],[-68.0581,10.11833],[-68.05812,10.11843],[-68.05814,10.11849],[-68.05818,10.11852],[-68.05822,10.11856],[-68.05831,10.11863],[-68.05835,10.11868],[-68.05838,10.11872],[-68.05842,10.11878],[-68.05844,10.11883],[-68.05844,10.11889],[-68.05843,10.11895],[-68.05845,10.119],[-68.05849,10.11904],[-68.05859,10.11911],[-68.05862,10.11916],[-68.05864,10.11922],[-68.05865,10.11927],[-68.05869,10.11948],[-68.05873,10.11959],[-68.05873,10.11964],[-68.0587,10.11975],[-68.05865,10.11979],[-68.0586,10.11979],[-68.05855,10.11978],[-68.0585,10.11977],[-68.05845,10.11978],[-68.05841,10.11982],[-68.05839,10.11987],[-68.0584,10.11993],[-68.05841,10.11999],[-68.05845,10.12013],[-68.05848,10.12017],[-68.05851,10.12022],[-68.05856,10.12025],[-68.05866,10.12031],[-68.05871,10.12035],[-68.05876,10.12038],[-68.05884,10.12045],[-68.05888,10.12049],[-68.05893,10.12053],[-68.05898,10.12056],[-68.05902,10.12059],[-68.05906,10.12064],[-68.05907,10.12069],[-68.05908,10.12078],[-68.05908,10.12095],[-68.05906,10.12126],[-68.05906,10.12139],[-68.05907,10.12151],[-68.05909,10.12163],[-68.05912,10.12174],[-68.05914,10.12183],[-68.05916,10.12192],[-68.05917,10.12197],[-68.0592,10.12204],[-68.05921,10.12209],[-68.0592,10.12213],[-68.05917,10.12218],[-68.05914,10.12222],[-68.05909,10.12229],[-68.05905,10.12236],[-68.05904,10.12242],[-68.05905,10.12248],[-68.05906,10.12252],[-68.05907,10.12258],[-68.05907,10.12262],[-68.05906,10.12276],[-68.05906,10.12291],[-68.05908,10.12303],[-68.05908,10.12314],[-68.05908,10.1232],[-68.05907,10.12326],[-68.05905,10.12337],[-68.05904,10.12347],[-68.05906,10.12355],[-68.05908,10.12368],[-68.05911,10.1238],[-68.05915,10.1239],[-68.05921,10.12407],[-68.05923,10.12414],[-68.05923,10.12419],[-68.05922,10.12423],[-68.05921,10.12428],[-68.0592,10.12431],[-68.05921,10.12433],[-68.05923,10.12434],[-68.05925,10.12435],[-68.05927,10.12436],[-68.05928,10.12439],[-68.05929,10.12442],[-68.0593,10.1245],[-68.05932,10.1247],[-68.05934,10.12485],[-68.05937,10.12499],[-68.05941,10.12511],[-68.05944,10.12519],[-68.05948,10.12527],[-68.05952,10.12535],[-68.05958,10.12541],[-68.05984,10.12561],[-68.06018,10.12592],[-68.06069,10.12634],[-68.06079,10.12624],[-68.06114,10.12659],[-68.06126,10.12646],[-68.06147,10.12671],[-68.06185,10.12736],[-68.06185,10.12767],[-68.06185,10.12842],[-68.06202,10.12873],[-68.06217,10.12874],[-68.06214,10.12891],[-68.06267,10.12939],[-68.06328,10.12992],[-68.06277,10.13047],[-68.06216,10.13114],[-68.06259,10.13153],[-68.06256,10.13159],[-68.06208,10.1321],[-68.06153,10.1327],[-68.06155,10.13272],[-68.06165,10.13278],[-68.06179,10.1328],[-68.06192,10.13282],[-68.06204,10.13285],[-68.06214,10.13285],[-68.06226,10.13288],[-68.06233,10.13295],[-68.06236,10.13307],[-68.06237,10.13317],[-68.06236,10.13328],[-68.06236,10.13339],[-68.0624,10.13349],[-68.06249,10.13357],[-68.06258,10.13363],[-68.06265,10.13369],[-68.06275,10.13375],[-68.06281,10.13384],[-68.06287,10.13395],[-68.06292,10.13405],[-68.06301,10.13413],[-68.06311,10.13417],[-68.06322,10.13422],[-68.06332,10.13428],[-68.0634,10.13436],[-68.06342,10.13446],[-68.06341,10.13458],[-68.06341,10.13469],[-68.06344,10.13481],[-68.06349,10.13491],[-68.06357,10.13509],[-68.06363,10.13519],[-68.06369,10.13528],[-68.06376,10.13538],[-68.06385,10.13544],[-68.06397,10.13547],[-68.06408,10.13551],[-68.06419,10.13556],[-68.06428,10.13563],[-68.06434,10.13572],[-68.0644,10.13582],[-68.06441,10.13594],[-68.06443,10.13605],[-68.06449,10.13615],[-68.06455,10.13624],[-68.06469,10.13639],[-68.06477,10.13651],[-68.06487,10.13671],[-68.06495,10.13679],[-68.06505,10.13686],[-68.06508,10.13687],[-68.06517,10.13695],[-68.06527,10.137],[-68.06538,10.13703],[-68.0655,10.13703],[-68.06561,10.13705],[-68.06572,10.13709],[-68.06582,10.13715],[-68.06588,10.13724],[-68.06591,10.13735],[-68.06587,10.13746],[-68.0658,10.13755],[-68.06574,10.13764],[-68.06573,10.13775],[-68.06572,10.13798],[-68.06568,10.13807],[-68.06562,10.13829],[-68.06558,10.13839],[-68.06548,10.13848],[-68.06538,10.13854],[-68.06528,10.13858],[-68.06506,10.13863],[-68.06483,10.13869],[-68.06472,10.13873],[-68.06451,10.13878],[-68.0644,10.13883],[-68.06431,10.1389],[-68.06421,10.13896],[-68.06413,10.13905],[-68.06408,10.13916],[-68.06408,10.13927],[-68.0641,10.13938],[-68.06417,10.13947],[-68.06426,10.13955],[-68.06442,10.13964],[-68.06455,10.13965],[-68.06467,10.13967],[-68.06479,10.13967],[-68.06491,10.13964],[-68.06508,10.13962],[-68.0652,10.13961],[-68.06526,10.13963],[-68.06531,10.13966],[-68.06533,10.13971],[-68.06533,10.13977],[-68.0653,10.13981],[-68.06524,10.13985],[-68.0651,10.13996],[-68.06507,10.14001],[-68.06505,10.14007],[-68.06504,10.14025],[-68.06505,10.14041],[-68.06507,10.14047],[-68.06508,10.14053],[-68.06512,10.14057],[-68.06517,10.1406],[-68.06529,10.14062],[-68.0654,10.14065],[-68.06559,10.14075],[-68.06572,10.1409],[-68.06582,10.14095],[-68.06589,10.14104],[-68.06595,10.14113],[-68.066,10.14123],[-68.06603,10.14135],[-68.06603,10.14146],[-68.066,10.14156],[-68.06595,10.14166],[-68.06592,10.14177],[-68.06592,10.14188],[-68.06595,10.14199],[-68.06593,10.14211],[-68.06591,10.14221],[-68.06589,10.14235],[-68.06591,10.14257],[-68.06594,10.14268],[-68.06598,10.14278],[-68.06604,10.14287],[-68.06614,10.14293],[-68.06625,10.14294],[-68.06636,10.14291],[-68.06648,10.14288],[-68.06659,10.14287],[-68.06669,10.14293],[-68.06676,10.14299],[-68.0668,10.14307],[-68.06686,10.14327],[-68.06685,10.14334],[-68.06682,10.14344],[-68.06682,10.14355],[-68.06685,10.14366],[-68.06686,10.14377],[-68.06688,10.14388],[-68.06688,10.14409],[-68.06686,10.14421],[-68.06682,10.1443],[-68.06675,10.1444],[-68.06669,10.14449],[-68.06664,10.14458],[-68.06659,10.14468],[-68.06655,10.14478],[-68.06655,10.14489],[-68.06657,10.145],[-68.06663,10.14509],[-68.06679,10.1452],[-68.06691,10.1452],[-68.06702,10.14521],[-68.06712,10.14527],[-68.06721,10.14534],[-68.06727,10.14543],[-68.06732,10.14553],[-68.06734,10.14564],[-68.06739,10.14574],[-68.06744,10.14584],[-68.06747,10.14596],[-68.06748,10.14619],[-68.06746,10.1464],[-68.06746,10.14663],[-68.06744,10.14674],[-68.0674,10.14686],[-68.06732,10.14695],[-68.06722,10.147],[-68.06713,10.14707],[-68.06705,10.14715],[-68.06699,10.14724],[-68.06698,10.14735],[-68.06698,10.1476],[-68.06697,10.14771],[-68.06695,10.14782],[-68.06688,10.148],[-68.06685,10.1481],[-68.06684,10.14822],[-68.06684,10.14834],[-68.06688,10.14844],[-68.06695,10.14854],[-68.06704,10.14861],[-68.0671,10.1487],[-68.06716,10.1488],[-68.06721,10.1489],[-68.06723,10.14901],[-68.06727,10.14912],[-68.06727,10.14922],[-68.06724,10.14944],[-68.06714,10.14967],[-68.0671,10.14977],[-68.06708,10.14987],[-68.06709,10.14998],[-68.06711,10.1501],[-68.06712,10.1502],[-68.06711,10.15042],[-68.06771,10.15039],[-68.06788,10.1544],[-68.06695,10.15612],[-68.06631,10.15906],[-68.06715,10.16065],[-68.06681,10.16188],[-68.06684,10.16335],[-68.06662,10.16523],[-68.0664,10.16661],[-68.06403,10.17019],[-68.06344,10.17177],[-68.06994,10.17594],[-68.07513,10.17547],[-68.07524,10.17548],[-68.07547,10.1755],[-68.0756,10.17554],[-68.07571,10.17557],[-68.07582,10.17561],[-68.07594,10.17564],[-68.07617,10.17572],[-68.07627,10.17578],[-68.07636,10.17587],[-68.07648,10.17605],[-68.07764,10.17426],[-68.07901,10.17399],[-68.08034,10.17266],[-68.08195,10.17171],[-68.08422,10.17052],[-68.08591,10.16976],[-68.08784,10.16937],[-68.09095,10.16953],[-68.09222,10.16906],[-68.09449,10.16889],[-68.09616,10.16912],[-68.09807,10.17032],[-68.09928,10.17058],[-68.10059,10.17061],[-68.10184,10.17099],[-68.10218,10.17192],[-68.10223,10.17205],[-68.10223,10.17217],[-68.10225,10.17261],[-68.10227,10.17273],[-68.1023,10.17283],[-68.10237,10.17293],[-68.10261,10.1732],[-68.10271,10.17327],[-68.10283,10.17332],[-68.1029,10.17338],[-68.10293,10.17344],[-68.10294,10.17352],[-68.10295,10.17361],[-68.10297,10.17369],[-68.10301,10.17377],[-68.10304,10.17386],[-68.10307,10.17395],[-68.10315,10.17448],[-68.10326,10.17499],[-68.10333,10.17524],[-68.10351,10.17534],[-68.10372,10.17556],[-68.1039,10.17574],[-68.10401,10.17595],[-68.10408,10.17627],[-68.10407,10.17659],[-68.10395,10.17687],[-68.10407,10.17695],[-68.10414,10.177],[-68.10429,10.17708],[-68.10436,10.17717],[-68.10444,10.17731],[-68.10458,10.17767],[-68.10468,10.17802],[-68.10487,10.17848],[-68.10474,10.17906],[-68.10448,10.17962],[-68.10434,10.17999],[-68.10433,10.18017],[-68.10434,10.18036],[-68.10436,10.18049],[-68.10439,10.18059],[-68.10446,10.18069],[-68.10454,10.18086],[-68.10459,10.18101],[-68.10461,10.18111],[-68.1046,10.18118],[-68.10452,10.18144],[-68.10438,10.18169],[-68.10435,10.18183],[-68.10437,10.18199],[-68.1044,10.18214],[-68.10447,10.18228],[-68.10458,10.18243],[-68.10505,10.18282],[-68.1056,10.18337],[-68.10576,10.18357],[-68.10592,10.18383],[-68.10608,10.18411],[-68.10617,10.18428],[-68.1062,10.18438],[-68.10621,10.1845],[-68.10619,10.1846],[-68.10614,10.18481],[-68.10611,10.18501],[-68.10614,10.1852],[-68.1062,10.18535],[-68.10631,10.18556],[-68.10646,10.18574],[-68.10674,10.18604],[-68.10705,10.18633],[-68.10758,10.18673],[-68.10786,10.18696],[-68.10796,10.18706],[-68.10801,10.18717],[-68.10805,10.18729],[-68.10822,10.18772],[-68.10852,10.18841],[-68.10875,10.18886],[-68.10881,10.18903],[-68.10886,10.18924],[-68.10892,10.1896],[-68.10891,10.18973],[-68.10886,10.18995],[-68.10873,10.19049],[-68.10866,10.19078],[-68.10861,10.19096],[-68.10856,10.19112],[-68.10856,10.19121],[-68.10858,10.19129],[-68.10865,10.19135],[-68.10877,10.19141],[-68.10898,10.1915],[-68.10917,10.19162],[-68.10936,10.19176],[-68.10948,10.19187],[-68.10964,10.19197],[-68.10978,10.19207],[-68.10993,10.19219],[-68.11015,10.19237],[-68.11029,10.19251],[-68.11044,10.19261],[-68.11058,10.19268],[-68.11085,10.1928],[-68.11102,10.19291],[-68.11132,10.19315],[-68.11162,10.19346],[-68.11189,10.19369],[-68.11209,10.19385],[-68.11221,10.19402],[-68.11233,10.19418],[-68.11243,10.19434],[-68.11257,10.1945],[-68.11275,10.19464],[-68.11313,10.19495],[-68.11331,10.19512],[-68.11345,10.19526],[-68.11354,10.19543],[-68.11358,10.19559],[-68.1136,10.19575],[-68.11362,10.19588],[-68.11367,10.19602],[-68.11376,10.19615],[-68.11389,10.19631],[-68.11398,10.19645],[-68.11405,10.1966],[-68.11422,10.19684],[-68.11429,10.19692],[-68.11431,10.19703],[-68.11436,10.19739],[-68.1144,10.1975],[-68.11445,10.19762],[-68.11449,10.19771],[-68.11455,10.19779],[-68.11463,10.19786],[-68.11473,10.19792],[-68.11486,10.19796],[-68.1151,10.19805],[-68.11535,10.19818],[-68.11552,10.19828],[-68.11569,10.1984],[-68.11582,10.19853],[-68.11592,10.19864],[-68.11601,10.19878],[-68.1161,10.19893],[-68.11617,10.19908],[-68.11634,10.19942],[-68.11665,10.19999],[-68.11617,10.20073],[-68.1158,10.20131],[-68.1157,10.20154],[-68.11558,10.20185],[-68.11552,10.20207],[-68.11544,10.20221],[-68.11534,10.20244],[-68.11527,10.20278],[-68.11528,10.203],[-68.1153,10.20313],[-68.11535,10.20327],[-68.11544,10.20343],[-68.11558,10.2036],[-68.11573,10.20391],[-68.11581,10.20424],[-68.11595,10.20495],[-68.11604,10.20543],[-68.11614,10.20579],[-68.11658,10.20681],[-68.1169,10.20763],[-68.11709,10.20797],[-68.11723,10.20834],[-68.11743,10.20869],[-68.11758,10.20891],[-68.11775,10.20913],[-68.11797,10.20911],[-68.11812,10.20913],[-68.11822,10.20919],[-68.1183,10.20929],[-68.11836,10.20937],[-68.11845,10.20947],[-68.11859,10.20956],[-68.11885,10.20969],[-68.11905,10.2098],[-68.11918,10.2099],[-68.11925,10.21001],[-68.11936,10.21018],[-68.11954,10.21055],[-68.11963,10.21076],[-68.11974,10.21094],[-68.11984,10.21108],[-68.12002,10.21128],[-68.12043,10.21164],[-68.12081,10.2119],[-68.12107,10.21206],[-68.12124,10.21222],[-68.12134,10.21236],[-68.12144,10.21253],[-68.12148,10.21265],[-68.12152,10.21285],[-68.12161,10.21321],[-68.12165,10.21339],[-68.12171,10.21354],[-68.12177,10.21367],[-68.12188,10.21378],[-68.12202,10.21391],[-68.12223,10.21405],[-68.12269,10.21429],[-68.12348,10.21471],[-68.12384,10.21489],[-68.12397,10.21499],[-68.12413,10.21516],[-68.12407,10.21542],[-68.12407,10.21559],[-68.12407,10.21571],[-68.12411,10.21593],[-68.1242,10.21618],[-68.12428,10.21648],[-68.12438,10.21703],[-68.12442,10.21737],[-68.12443,10.21756],[-68.12442,10.21803],[-68.12441,10.21836],[-68.12441,10.21864],[-68.12447,10.2189],[-68.12456,10.21919],[-68.12467,10.21944],[-68.12473,10.21958],[-68.12475,10.2198],[-68.12473,10.22002],[-68.12473,10.22027],[-68.12477,10.22053],[-68.12489,10.22093],[-68.12505,10.22127],[-68.12517,10.22164],[-68.12527,10.22211],[-68.12549,10.22287],[-68.12572,10.22314],[-68.1259,10.2234],[-68.12607,10.22372],[-68.12625,10.22408],[-68.12597,10.2247],[-68.12578,10.22519],[-68.12542,10.22609],[-68.12518,10.22673],[-68.12463,10.22771],[-68.12462,10.22829],[-68.12458,10.22864],[-68.12452,10.22912],[-68.12438,10.22999],[-68.12382,10.23054],[-68.12362,10.23069],[-68.12312,10.23107],[-68.12218,10.23188],[-68.12116,10.233],[-68.12036,10.23383],[-68.12045,10.23452],[-68.1205,10.23481],[-68.12051,10.23508],[-68.12045,10.23545],[-68.12036,10.23578],[-68.1203,10.23614],[-68.1203,10.23654],[-68.12021,10.23726],[-68.1202,10.23776],[-68.12017,10.23827],[-68.12005,10.23869],[-68.1198,10.2391],[-68.11953,10.23946],[-68.11917,10.23985],[-68.11767,10.24113],[-68.11824,10.24156],[-68.11858,10.24175],[-68.11893,10.24198],[-68.11943,10.24226],[-68.11969,10.24253],[-68.12067,10.2438],[-68.12069,10.24479],[-68.12071,10.24531],[-68.12062,10.24573],[-68.12054,10.24608],[-68.12044,10.24649],[-68.12028,10.24718],[-68.12123,10.24771],[-68.12182,10.24803],[-68.12252,10.2484],[-68.12316,10.24877],[-68.12392,10.24924],[-68.12439,10.24963],[-68.12464,10.24991],[-68.12496,10.25011],[-68.12538,10.25029],[-68.12583,10.25048],[-68.12673,10.25088],[-68.12722,10.25156],[-68.12762,10.25192],[-68.12809,10.25228],[-68.129,10.25284],[-68.12962,10.25322],[-68.1295,10.2544],[-68.13073,10.25457],[-68.13149,10.25467],[-68.13207,10.2558],[-68.13247,10.25653],[-68.13335,10.25639],[-68.13402,10.25633],[-68.1347,10.25635],[-68.13543,10.25649],[-68.13603,10.25657],[-68.13637,10.25672],[-68.13666,10.25689],[-68.13707,10.25714],[-68.13746,10.25737],[-68.13784,10.25757],[-68.13832,10.25775],[-68.13886,10.25789],[-68.13943,10.25798],[-68.14022,10.25793],[-68.14124,10.25783],[-68.14293,10.25769],[-68.14285,10.25714],[-68.14272,10.25628],[-68.14251,10.2556],[-68.14234,10.25507],[-68.14221,10.25471],[-68.14211,10.2544],[-68.14193,10.25405],[-68.14182,10.2538],[-68.14176,10.25352],[-68.14176,10.25323],[-68.14175,10.25264],[-68.14176,10.25225],[-68.14164,10.25172],[-68.14146,10.25146],[-68.14127,10.2512],[-68.14096,10.25088],[-68.14065,10.25047],[-68.14029,10.25003],[-68.14053,10.24932],[-68.14065,10.24889],[-68.14076,10.24833],[-68.14094,10.24726],[-68.14108,10.2466],[-68.14121,10.24607],[-68.14128,10.24555],[-68.14129,10.2451],[-68.14126,10.24456],[-68.14129,10.2442],[-68.14142,10.24367],[-68.14161,10.24322],[-68.14184,10.24275],[-68.14206,10.24242],[-68.14225,10.24211],[-68.14249,10.24181],[-68.14272,10.24146],[-68.14287,10.24085],[-68.14293,10.24062],[-68.14301,10.24037],[-68.14312,10.24019],[-68.14323,10.23995],[-68.1433,10.23952],[-68.14343,10.23879],[-68.14359,10.23787],[-68.14378,10.23723],[-68.1439,10.23676],[-68.14399,10.23641],[-68.14402,10.2361],[-68.14406,10.23562],[-68.14427,10.23507],[-68.14472,10.23448],[-68.14506,10.23417],[-68.14539,10.2339],[-68.1457,10.23356],[-68.14584,10.2332],[-68.14585,10.23294],[-68.14574,10.2325],[-68.14561,10.232],[-68.14559,10.23162],[-68.14563,10.23114],[-68.14576,10.23073],[-68.14598,10.23037],[-68.14613,10.23014],[-68.1462,10.22999],[-68.14623,10.22993],[-68.14632,10.22965],[-68.14643,10.22945],[-68.14655,10.2293],[-68.14671,10.22911],[-68.14683,10.22895],[-68.14692,10.22876],[-68.14695,10.22864],[-68.14698,10.22845],[-68.14698,10.22806],[-68.14702,10.22777],[-68.14708,10.22759],[-68.14722,10.22746],[-68.14735,10.22738],[-68.14756,10.22729],[-68.1478,10.22715],[-68.14818,10.22677],[-68.14843,10.22641],[-68.14864,10.22607],[-68.14879,10.22589],[-68.14906,10.22565],[-68.14947,10.22546],[-68.14967,10.22541],[-68.15001,10.22528],[-68.15054,10.2251],[-68.15088,10.2249],[-68.15119,10.22472],[-68.15124,10.22388],[-68.15126,10.22305],[-68.15121,10.22266],[-68.15085,10.22146],[-68.15118,10.22049],[-68.15125,10.21997],[-68.15129,10.21973],[-68.15129,10.21935],[-68.15127,10.21901],[-68.15117,10.21867],[-68.15096,10.21799],[-68.15089,10.21757],[-68.15073,10.21704],[-68.15052,10.21656],[-68.15031,10.21623],[-68.15014,10.21591],[-68.15001,10.21548],[-68.15,10.21511],[-68.15004,10.21469],[-68.15012,10.21428],[-68.15026,10.21393],[-68.15053,10.21353],[-68.15073,10.21328],[-68.15108,10.21286],[-68.15153,10.21246],[-68.15163,10.21237],[-68.15172,10.21226],[-68.15177,10.21215],[-68.15182,10.21202],[-68.15187,10.21192],[-68.15199,10.21169],[-68.15206,10.21158],[-68.15211,10.21147],[-68.15212,10.21137],[-68.15211,10.21131],[-68.15205,10.21106],[-68.15203,10.21089],[-68.15207,10.21049],[-68.1521,10.21014],[-68.15214,10.20994],[-68.1522,10.2098],[-68.15224,10.20967],[-68.15234,10.20955],[-68.15252,10.20937],[-68.15272,10.20919],[-68.15291,10.20896],[-68.15302,10.20879],[-68.1531,10.20865],[-68.15318,10.20849],[-68.15325,10.20834],[-68.15332,10.2082],[-68.15339,10.20799],[-68.15346,10.20779],[-68.1535,10.20768],[-68.15355,10.20757],[-68.15363,10.20745],[-68.15372,10.20736],[-68.15385,10.20724],[-68.15403,10.20703],[-68.15394,10.20669],[-68.1539,10.20653],[-68.15386,10.20639],[-68.15371,10.20613],[-68.15362,10.20601],[-68.15358,10.20593],[-68.15355,10.20585],[-68.15357,10.20574],[-68.1536,10.20566],[-68.15364,10.20552],[-68.15366,10.2054],[-68.15366,10.20527],[-68.15361,10.20491],[-68.15353,10.20457],[-68.15349,10.20435],[-68.15349,10.20427],[-68.15349,10.20418],[-68.15349,10.20412],[-68.15348,10.20404],[-68.15343,10.20394],[-68.15336,10.20386],[-68.15327,10.20371],[-68.15317,10.2036],[-68.15305,10.20346],[-68.15287,10.20328],[-68.15295,10.20299],[-68.15302,10.2028],[-68.15308,10.20268],[-68.15316,10.20252],[-68.15319,10.2024],[-68.15322,10.20229],[-68.15326,10.20211],[-68.15343,10.20159],[-68.15353,10.20131],[-68.15358,10.20119],[-68.15363,10.2011],[-68.15371,10.20101],[-68.15377,10.20089],[-68.15379,10.2008],[-68.1538,10.20073],[-68.15378,10.20066],[-68.15376,10.20059],[-68.15376,10.20051],[-68.15378,10.20042],[-68.15387,10.20026],[-68.15399,10.20005],[-68.15404,10.19996],[-68.15408,10.19987],[-68.15407,10.19978],[-68.15405,10.19967],[-68.15398,10.19954],[-68.1539,10.19942],[-68.15376,10.19919],[-68.15367,10.19903],[-68.1536,10.19886],[-68.15347,10.19826],[-68.15345,10.1981],[-68.1534,10.19793],[-68.15334,10.1977],[-68.1533,10.19748],[-68.15323,10.19701],[-68.15321,10.19692],[-68.15314,10.19684],[-68.15307,10.19677],[-68.15297,10.19669],[-68.15288,10.19664],[-68.15277,10.19657],[-68.15268,10.19648],[-68.15256,10.1963],[-68.1527,10.19598],[-68.15281,10.19575],[-68.15273,10.19557],[-68.15269,10.19545],[-68.15263,10.19533],[-68.15255,10.1952],[-68.15248,10.19509],[-68.1524,10.195],[-68.15228,10.1949],[-68.15217,10.1948],[-68.152,10.19462],[-68.15193,10.19447],[-68.15185,10.19422],[-68.15196,10.19407],[-68.152,10.19397],[-68.15201,10.19384],[-68.15199,10.19368],[-68.15197,10.19334],[-68.15197,10.19323],[-68.15197,10.19309],[-68.15201,10.19299],[-68.15211,10.19283],[-68.15218,10.19271],[-68.15222,10.19254],[-68.15231,10.19223],[-68.15222,10.19203],[-68.15215,10.19187],[-68.15204,10.19173],[-68.15191,10.19161],[-68.15181,10.19152],[-68.15168,10.19144],[-68.15152,10.19134],[-68.15142,10.19129],[-68.15133,10.19125],[-68.15125,10.19118],[-68.15115,10.19108],[-68.15102,10.19092],[-68.1509,10.19069],[-68.15088,10.19062],[-68.15087,10.19053],[-68.15087,10.19043],[-68.15087,10.19033],[-68.15085,10.19022],[-68.15081,10.19007],[-68.15079,10.19],[-68.15075,10.18994],[-68.15071,10.18991],[-68.15066,10.18989],[-68.15056,10.18985],[-68.15044,10.18979],[-68.15035,10.18973],[-68.15028,10.18967],[-68.15024,10.18961],[-68.15019,10.18953],[-68.15024,10.18936],[-68.15031,10.18912],[-68.15045,10.18863],[-68.15052,10.18842],[-68.15058,10.18822],[-68.1506,10.18804],[-68.15062,10.1879],[-68.15061,10.18767],[-68.15055,10.1873],[-68.15052,10.1872],[-68.15047,10.18711],[-68.15043,10.18704],[-68.15038,10.18697],[-68.15032,10.1869],[-68.15025,10.18685],[-68.15018,10.18681],[-68.15007,10.18671],[-68.1499,10.18654],[-68.14979,10.1864],[-68.14963,10.18619],[-68.14966,10.18616],[-68.14973,10.1861],[-68.14978,10.18607],[-68.14985,10.18604],[-68.14992,10.18598],[-68.14996,10.18591],[-68.14999,10.18582],[-68.15003,10.18567],[-68.15003,10.18556],[-68.15007,10.18536],[-68.15008,10.18529],[-68.15009,10.18519],[-68.15007,10.18502],[-68.15005,10.18494],[-68.15004,10.18484],[-68.15005,10.18477],[-68.15006,10.18471],[-68.15006,10.18461],[-68.15004,10.18452],[-68.15,10.18438],[-68.14999,10.18427],[-68.14999,10.18416],[-68.14999,10.18406],[-68.14998,10.18398],[-68.14995,10.18392],[-68.14992,10.18388],[-68.14983,10.18381],[-68.14975,10.18375],[-68.1497,10.18371],[-68.14959,10.18361],[-68.14941,10.18344],[-68.1492,10.18324],[-68.14907,10.1831],[-68.14872,10.18284],[-68.14849,10.18267],[-68.14838,10.18255],[-68.14833,10.18246],[-68.14829,10.18234],[-68.14824,10.18215],[-68.1482,10.1819],[-68.14814,10.1815],[-68.14809,10.18119],[-68.14802,10.18089],[-68.14794,10.18059],[-68.14795,10.18036],[-68.14794,10.18024],[-68.1479,10.18014],[-68.1478,10.1799],[-68.14765,10.17957],[-68.14761,10.17947],[-68.1476,10.17941],[-68.1476,10.17933],[-68.14761,10.17924],[-68.14761,10.17916],[-68.14758,10.17902],[-68.14754,10.1789],[-68.14747,10.17876],[-68.14735,10.17857],[-68.14731,10.17848],[-68.14729,10.17841],[-68.14728,10.17832],[-68.14728,10.17822],[-68.14729,10.17814],[-68.14733,10.17807],[-68.14739,10.178],[-68.14755,10.17786],[-68.14761,10.17781],[-68.14766,10.17777],[-68.14772,10.17766],[-68.14783,10.17749],[-68.14794,10.17736],[-68.14809,10.17726],[-68.14821,10.17719],[-68.14831,10.17713],[-68.14838,10.17705],[-68.14845,10.17694],[-68.14852,10.17682],[-68.14857,10.17675],[-68.14867,10.17666],[-68.14882,10.17651],[-68.14906,10.17626],[-68.14917,10.17612],[-68.14937,10.17588],[-68.14941,10.17568],[-68.14945,10.17556],[-68.14954,10.17534],[-68.14973,10.17502],[-68.14983,10.17481],[-68.14991,10.17461],[-68.14981,10.17436],[-68.14975,10.17422],[-68.14969,10.17405],[-68.14965,10.17398],[-68.14962,10.1739],[-68.14959,10.17382],[-68.14961,10.17375],[-68.14966,10.17368],[-68.14977,10.17358],[-68.14986,10.17332],[-68.14992,10.17317],[-68.14994,10.17308],[-68.14994,10.17298],[-68.14994,10.17291],[-68.14994,10.17282],[-68.14999,10.17272],[-68.1501,10.17262],[-68.15025,10.17247],[-68.1503,10.17241],[-68.15038,10.17232],[-68.15042,10.1722],[-68.15045,10.17207],[-68.15045,10.17201],[-68.15044,10.17194],[-68.15042,10.17187],[-68.15037,10.17178],[-68.15034,10.17165],[-68.1503,10.17149],[-68.15028,10.17131],[-68.15038,10.17127],[-68.1506,10.17114],[-68.15066,10.1711],[-68.15071,10.17104],[-68.15074,10.17097],[-68.15077,10.17088],[-68.15077,10.17078],[-68.15075,10.17047],[-68.15072,10.17009],[-68.15071,10.16989],[-68.15072,10.16981],[-68.15077,10.1697],[-68.15094,10.16945],[-68.15097,10.16937],[-68.15098,10.16931],[-68.15097,10.16923],[-68.15095,10.16915],[-68.15093,10.16909],[-68.15093,10.16899],[-68.15091,10.16883],[-68.15088,10.1687],[-68.15085,10.16858],[-68.15085,10.16853],[-68.15085,10.16848],[-68.15087,10.16842],[-68.15095,10.16835],[-68.15103,10.16827],[-68.15153,10.16783],[-68.15163,10.16774],[-68.15168,10.16762],[-68.15172,10.16752],[-68.15176,10.16742],[-68.15183,10.16736],[-68.15195,10.16732],[-68.15214,10.16728],[-68.15223,10.16728],[-68.15233,10.16728],[-68.15244,10.16726],[-68.15257,10.16719],[-68.15268,10.16711],[-68.15282,10.16698],[-68.15293,10.16686],[-68.15296,10.16681],[-68.15298,10.16672],[-68.15297,10.16662],[-68.15295,10.16639],[-68.15295,10.16628],[-68.15297,10.16617],[-68.15301,10.16607],[-68.15305,10.16596],[-68.15306,10.16582],[-68.15303,10.1657],[-68.15299,10.16552],[-68.15296,10.16528],[-68.15296,10.16495],[-68.15299,10.16483],[-68.15302,10.16471],[-68.15307,10.1646],[-68.15317,10.16448],[-68.15325,10.16441],[-68.15338,10.1643],[-68.15362,10.16412],[-68.1536,10.16399],[-68.15358,10.16389],[-68.15356,10.1638],[-68.15357,10.16371],[-68.15364,10.16362],[-68.15372,10.16353],[-68.15382,10.16342],[-68.15395,10.16318],[-68.15417,10.16278],[-68.15392,10.16234],[-68.15386,10.16208],[-68.15382,10.16197],[-68.15379,10.16188],[-68.15378,10.1618],[-68.15379,10.16174],[-68.15382,10.16169],[-68.15387,10.1616],[-68.15406,10.16138],[-68.1542,10.16122],[-68.15429,10.16115],[-68.15442,10.16109],[-68.15457,10.161],[-68.15485,10.16055],[-68.15499,10.16038],[-68.15513,10.16026],[-68.15532,10.16005],[-68.15541,10.15995],[-68.15546,10.15983],[-68.15558,10.1597],[-68.15572,10.15961],[-68.15581,10.15953],[-68.15587,10.15943],[-68.15591,10.15937],[-68.15598,10.1593],[-68.15603,10.15924],[-68.15611,10.15912],[-68.15617,10.15903],[-68.15621,10.15896],[-68.15629,10.15887],[-68.1564,10.1588],[-68.15649,10.15876],[-68.1566,10.15873],[-68.15669,10.15869],[-68.1568,10.15862],[-68.15694,10.15855],[-68.15692,10.1582],[-68.15696,10.15815],[-68.15707,10.15805],[-68.1572,10.15793],[-68.1573,10.15787],[-68.15736,10.15782],[-68.15743,10.15777],[-68.15757,10.15771],[-68.15787,10.15762],[-68.1582,10.15753],[-68.15831,10.15751],[-68.15842,10.1575],[-68.1586,10.15751],[-68.15862,10.15742],[-68.15865,10.15737],[-68.15868,10.15733],[-68.15873,10.15731],[-68.15881,10.15729],[-68.15889,10.15728],[-68.15897,10.15725],[-68.15904,10.1572],[-68.15917,10.15711],[-68.15935,10.157],[-68.15951,10.15692],[-68.15968,10.15684],[-68.1599,10.15676],[-68.16022,10.15668],[-68.16029,10.15642],[-68.16034,10.15627],[-68.16033,10.1561],[-68.16031,10.15588],[-68.16037,10.15583],[-68.16043,10.15579],[-68.16053,10.15576],[-68.16068,10.15571],[-68.16097,10.1556],[-68.16123,10.15552],[-68.1613,10.15536],[-68.16136,10.15526],[-68.16144,10.15518],[-68.16152,10.15508],[-68.16159,10.155],[-68.16169,10.15487],[-68.16178,10.15474],[-68.16183,10.15468],[-68.1619,10.15461],[-68.16196,10.15457],[-68.16208,10.15451],[-68.16218,10.15445],[-68.16231,10.15434],[-68.16238,10.15424],[-68.16241,10.15413],[-68.16246,10.154],[-68.16249,10.15394],[-68.16252,10.15392],[-68.16262,10.15388],[-68.16267,10.15386],[-68.16273,10.15381],[-68.16279,10.15372],[-68.16284,10.15361],[-68.16288,10.15353],[-68.16298,10.15341],[-68.16311,10.15329],[-68.16323,10.1532],[-68.16321,10.15314],[-68.16318,10.15308],[-68.16311,10.15295],[-68.16325,10.15274],[-68.16339,10.15249],[-68.16349,10.15232],[-68.16354,10.15223],[-68.16358,10.15217],[-68.1636,10.15209],[-68.16362,10.15198],[-68.16368,10.15183],[-68.16376,10.15168],[-68.16382,10.15158],[-68.16389,10.15146],[-68.16395,10.15127],[-68.16395,10.1511],[-68.16395,10.15104],[-68.16396,10.15097],[-68.16402,10.1509],[-68.16408,10.15085],[-68.16414,10.1508],[-68.16422,10.15074],[-68.16427,10.15068],[-68.16432,10.15057],[-68.16439,10.15044],[-68.16447,10.15034],[-68.16459,10.15024],[-68.16476,10.15012],[-68.16499,10.14998],[-68.16517,10.14986],[-68.16531,10.14977],[-68.16542,10.1497],[-68.1655,10.14965],[-68.16557,10.14957],[-68.16564,10.14951],[-68.16571,10.14948],[-68.16579,10.14945],[-68.16587,10.1494],[-68.16595,10.14935],[-68.16604,10.14927],[-68.16615,10.1492],[-68.16624,10.14915],[-68.16628,10.14912],[-68.16634,10.14904],[-68.16641,10.14894],[-68.16645,10.14885],[-68.1665,10.14873],[-68.16653,10.14865],[-68.16656,10.14857],[-68.1666,10.14844],[-68.16665,10.14828],[-68.16666,10.14822],[-68.16668,10.14814],[-68.16671,10.14807],[-68.16678,10.148],[-68.16686,10.14796],[-68.16703,10.1479],[-68.16726,10.14784],[-68.16753,10.14776],[-68.16771,10.1477],[-68.16792,10.14762],[-68.1681,10.14752],[-68.16822,10.14745],[-68.16831,10.14735],[-68.16838,10.14727],[-68.16843,10.14718],[-68.16845,10.14705],[-68.16848,10.14696],[-68.16855,10.14686],[-68.16863,10.14675],[-68.16868,10.14666],[-68.16871,10.14655],[-68.16871,10.14647],[-68.16867,10.1464],[-68.16858,10.1462],[-68.16856,10.14613],[-68.16855,10.14605],[-68.16856,10.14597],[-68.1686,10.14588],[-68.16869,10.14576],[-68.16874,10.14569],[-68.16877,10.14562],[-68.16877,10.14554],[-68.16876,10.14546],[-68.16874,10.14536],[-68.16873,10.14526],[-68.16875,10.14516],[-68.16882,10.14497],[-68.16889,10.1448],[-68.16897,10.1446],[-68.16905,10.1444],[-68.16917,10.14409],[-68.1693,10.14384],[-68.16944,10.14357],[-68.1695,10.14347],[-68.16965,10.14328],[-68.1698,10.14315],[-68.16985,10.14309],[-68.16991,10.143],[-68.16996,10.14288],[-68.17005,10.1427],[-68.17013,10.14252],[-68.1702,10.14236],[-68.17028,10.14224],[-68.17031,10.14214],[-68.17035,10.14201],[-68.1704,10.14186],[-68.17047,10.14169],[-68.17051,10.14158],[-68.17054,10.14147],[-68.17055,10.14134],[-68.17058,10.14109],[-68.17101,10.14084],[-68.17117,10.14075],[-68.17145,10.14062],[-68.17142,10.14037],[-68.17137,10.14012],[-68.17135,10.13996],[-68.17131,10.13984],[-68.17123,10.13971],[-68.17107,10.13942],[-68.17103,10.13932],[-68.17101,10.13928],[-68.17101,10.13922],[-68.17104,10.13916],[-68.17111,10.13909],[-68.17119,10.13902],[-68.17129,10.1389],[-68.17134,10.13881],[-68.17139,10.13873],[-68.17142,10.13857],[-68.17142,10.13836],[-68.17143,10.13829],[-68.17145,10.13822],[-68.17147,10.13811],[-68.17149,10.13801],[-68.17152,10.13787],[-68.17155,10.13777],[-68.17159,10.13769],[-68.17165,10.13761],[-68.17175,10.13754],[-68.17183,10.13749],[-68.1719,10.13744],[-68.17197,10.13736],[-68.17203,10.13727],[-68.17208,10.13716],[-68.17211,10.13708],[-68.17214,10.13697],[-68.1722,10.13686],[-68.1723,10.1367],[-68.17236,10.1366],[-68.17242,10.13653],[-68.17258,10.13642],[-68.17279,10.13622],[-68.17298,10.13603],[-68.17308,10.13582],[-68.17317,10.13564],[-68.17323,10.13547],[-68.17329,10.13528],[-68.17339,10.13502],[-68.17332,10.1348],[-68.17329,10.13467],[-68.17327,10.1345],[-68.17326,10.13434],[-68.17325,10.13416],[-68.17325,10.13393],[-68.17355,10.13372],[-68.17366,10.13365],[-68.17378,10.13355],[-68.17392,10.13343],[-68.17408,10.13329],[-68.17406,10.13292],[-68.17405,10.13285],[-68.17403,10.13276],[-68.17403,10.13268],[-68.17403,10.13263],[-68.17405,10.13257],[-68.17408,10.1325],[-68.17411,10.13236],[-68.17417,10.13208],[-68.17421,10.13189],[-68.17426,10.13176],[-68.17432,10.13162],[-68.17444,10.13156],[-68.17448,10.13152],[-68.17452,10.13146],[-68.17457,10.13136],[-68.17462,10.13126],[-68.17471,10.13116],[-68.17481,10.13106],[-68.17489,10.13101],[-68.17501,10.13097],[-68.1751,10.13095],[-68.17527,10.13088],[-68.17546,10.13078],[-68.17565,10.13068],[-68.1757,10.13064],[-68.17575,10.13057],[-68.17581,10.13046],[-68.17595,10.13022],[-68.17607,10.13011],[-68.17621,10.13002],[-68.17635,10.12995],[-68.17649,10.12991],[-68.17662,10.1299],[-68.17672,10.12989],[-68.17686,10.12992],[-68.17697,10.12998],[-68.17713,10.13007],[-68.17728,10.12984],[-68.17739,10.1297],[-68.17753,10.12952],[-68.1776,10.12943],[-68.17768,10.12936],[-68.17777,10.12932],[-68.1779,10.12931],[-68.17811,10.12932],[-68.17832,10.12904],[-68.17843,10.12892],[-68.17859,10.12874],[-68.17868,10.12864],[-68.17879,10.12852],[-68.17886,10.12843],[-68.17892,10.12834],[-68.17898,10.12825],[-68.17907,10.12821],[-68.17924,10.12816],[-68.17941,10.12812],[-68.17957,10.12809],[-68.17975,10.12807],[-68.18004,10.12807],[-68.17997,10.12775],[-68.17995,10.12767],[-68.17994,10.12759],[-68.17996,10.12755],[-68.18003,10.12747],[-68.18007,10.12739],[-68.18013,10.12729],[-68.18034,10.12687],[-68.18052,10.12658],[-68.18066,10.12638],[-68.1808,10.12623],[-68.18098,10.12604],[-68.181,10.12578],[-68.18101,10.12561],[-68.18105,10.12532],[-68.18109,10.12506],[-68.18112,10.12476],[-68.18114,10.12458],[-68.18113,10.12442],[-68.18113,10.12434],[-68.18114,10.12423],[-68.18116,10.12411],[-68.18121,10.12398],[-68.18126,10.12381],[-68.18133,10.12362],[-68.18136,10.12347],[-68.18137,10.12336],[-68.18136,10.12328],[-68.18134,10.1232],[-68.18134,10.12311],[-68.18136,10.12298],[-68.1814,10.12288],[-68.18147,10.12274],[-68.18153,10.12265],[-68.18159,10.12258],[-68.18173,10.1225],[-68.18183,10.12243],[-68.1819,10.12235],[-68.18201,10.12229],[-68.18212,10.12221],[-68.1822,10.12213],[-68.18229,10.122],[-68.18234,10.12182],[-68.18245,10.1216],[-68.18254,10.12143],[-68.18259,10.12136],[-68.18265,10.1213],[-68.18272,10.12126],[-68.18283,10.12119],[-68.18296,10.12108],[-68.18313,10.12093],[-68.18332,10.12075],[-68.18339,10.12067],[-68.18345,10.1206],[-68.18353,10.12054],[-68.18361,10.12049],[-68.18368,10.12043],[-68.18376,10.12033],[-68.18384,10.12025],[-68.18396,10.12019],[-68.18404,10.12016],[-68.18416,10.12015],[-68.18422,10.12012],[-68.1843,10.12007],[-68.18442,10.11993],[-68.18453,10.11981],[-68.18462,10.11972],[-68.18473,10.11961],[-68.18482,10.11951],[-68.18488,10.11943],[-68.18496,10.11936],[-68.18508,10.11931],[-68.18519,10.11927],[-68.18531,10.1192],[-68.18539,10.11913],[-68.18545,10.11907],[-68.18549,10.119],[-68.18554,10.11895],[-68.18562,10.1189],[-68.18574,10.11886],[-68.18585,10.11882],[-68.18592,10.11878],[-68.18603,10.11872],[-68.18615,10.11869],[-68.18626,10.11865],[-68.18639,10.11862],[-68.18649,10.11858],[-68.18657,10.11851],[-68.18669,10.11837],[-68.18689,10.1181],[-68.187,10.11793],[-68.18705,10.11784],[-68.18714,10.11774],[-68.18744,10.11751],[-68.18763,10.11738],[-68.18783,10.11721],[-68.18801,10.11705],[-68.18829,10.11684],[-68.18865,10.11661],[-68.19036,10.11495],[-68.19182,10.11455],[-68.19371,10.11453],[-68.19517,10.114],[-68.19587,10.11269],[-68.19708,10.1109],[-68.19826,10.11001],[-68.20182,10.10848],[-68.20199,10.10841],[-68.203,10.10845],[-68.20334,10.10773],[-68.20368,10.10663],[-68.20463,10.10619],[-68.20482,10.10541],[-68.20553,10.10539],[-68.20615,10.10471],[-68.2066,10.10342],[-68.2057,10.10317],[-68.20562,10.1026],[-68.20701,10.10222],[-68.2077,10.10201],[-68.20763,10.10133],[-68.20787,10.10122],[-68.20838,10.10148],[-68.20873,10.10093],[-68.20924,10.09989],[-68.20937,10.09922],[-68.20961,10.09882],[-68.20971,10.09789],[-68.20954,10.09729],[-68.20967,10.09658],[-68.20937,10.09575],[-68.20928,10.09503],[-68.20982,10.09459],[-68.20907,10.09345],[-68.20886,10.09225],[-68.20843,10.09201],[-68.20765,10.09233],[-68.2072,10.09237],[-68.20733,10.09184],[-68.20843,10.09062],[-68.20841,10.08992],[-68.20744,10.08984],[-68.20738,10.08922],[-68.20759,10.08825],[-68.20662,10.08785],[-68.20635,10.08715],[-68.2054,10.08646],[-68.20544,10.08527],[-68.20607,10.08523],[-68.20654,10.08491],[-68.20669,10.08426],[-68.20585,10.08405],[-68.20538,10.08369],[-68.20532,10.08308],[-68.20542,10.08225],[-68.20497,10.0823],[-68.20441,10.08219],[-68.20407,10.0821],[-68.20398,10.08122],[-68.20448,10.0809],[-68.20439,10.08037],[-68.20366,10.07991],[-68.20317,10.08003],[-68.20289,10.07957],[-68.20364,10.07904],[-68.20448,10.07919],[-68.20465,10.07813],[-68.20497,10.07722],[-68.20467,10.07659],[-68.20403,10.07616]]]}},{"type":"Feature","properties":{"name":"Los Guayos","admin_level":"6","osm_id":10833244},"geometry":{"type":"Polygon","coordinates":[[[-67.92464,10.12063],[-67.92449,10.11936],[-67.92445,10.11901],[-67.92446,10.11892],[-67.92448,10.11862],[-67.92466,10.11788],[-67.92472,10.11772],[-67.92473,10.11767],[-67.9247,10.11703],[-67.92462,10.11582],[-67.9246,10.1156],[-67.92465,10.11476],[-67.92466,10.11425],[-67.92476,10.11304],[-67.92479,10.11272],[-67.92487,10.11235],[-67.92501,10.11193],[-67.92516,10.11142],[-67.92521,10.11056],[-67.92518,10.11025],[-67.92506,10.10997],[-67.92459,10.10904],[-67.9245,10.10753],[-67.92452,10.10419],[-67.92452,10.10022],[-67.9246,10.09933],[-67.92461,10.09767],[-67.92446,10.09767],[-67.92438,10.09766],[-67.92431,10.09763],[-67.92426,10.09763],[-67.92421,10.09764],[-67.92415,10.09767],[-67.92411,10.09771],[-67.92403,10.09778],[-67.92395,10.09784],[-67.92388,10.09786],[-67.92381,10.09787],[-67.92377,10.09786],[-67.92374,10.09784],[-67.9237,10.09779],[-67.92367,10.09775],[-67.92364,10.09774],[-67.9236,10.09773],[-67.92356,10.09774],[-67.92352,10.09775],[-67.92343,10.09777],[-67.92325,10.09778],[-67.92315,10.09778],[-67.92306,10.09777],[-67.92296,10.09775],[-67.92284,10.09771],[-67.92276,10.0977],[-67.92265,10.09769],[-67.92245,10.09768],[-67.92234,10.09767],[-67.92224,10.09768],[-67.92215,10.0977],[-67.92204,10.09772],[-67.92191,10.09774],[-67.92185,10.09775],[-67.92181,10.09778],[-67.92178,10.09781],[-67.92157,10.09798],[-67.92151,10.09803],[-67.92148,10.09807],[-67.92146,10.09811],[-67.92145,10.09815],[-67.92144,10.09823],[-67.92142,10.09829],[-67.92139,10.09834],[-67.92135,10.09837],[-67.92128,10.09842],[-67.92119,10.09845],[-67.9211,10.09847],[-67.92092,10.09849],[-67.92079,10.0985],[-67.92073,10.09849],[-67.92068,10.09847],[-67.92061,10.09842],[-67.9205,10.09835],[-67.92046,10.09833],[-67.92042,10.09832],[-67.92036,10.09833],[-67.9203,10.09835],[-67.92022,10.0984],[-67.92013,10.09845],[-67.92008,10.09846],[-67.92003,10.09845],[-67.91999,10.09843],[-67.91992,10.09838],[-67.91981,10.09829],[-67.91969,10.09821],[-67.9196,10.09815],[-67.91952,10.09811],[-67.91941,10.09808],[-67.91911,10.09801],[-67.91881,10.09795],[-67.91837,10.09789],[-67.91823,10.09786],[-67.91815,10.09783],[-67.91805,10.0978],[-67.918,10.09779],[-67.91797,10.09779],[-67.91792,10.09782],[-67.91788,10.09785],[-67.91786,10.09786],[-67.91783,10.09786],[-67.91779,10.09786],[-67.91774,10.09785],[-67.9177,10.09783],[-67.91766,10.0978],[-67.91763,10.09776],[-67.91754,10.09766],[-67.9175,10.09762],[-67.91744,10.0976],[-67.91728,10.09755],[-67.91721,10.09754],[-67.91717,10.09755],[-67.91712,10.09756],[-67.91706,10.09758],[-67.917,10.09758],[-67.91695,10.09757],[-67.91689,10.09754],[-67.91672,10.09746],[-67.91664,10.09744],[-67.91655,10.09743],[-67.91648,10.09743],[-67.91625,10.09747],[-67.91605,10.09749],[-67.91596,10.09749],[-67.91588,10.09748],[-67.91577,10.09745],[-67.91566,10.09741],[-67.91548,10.09733],[-67.91535,10.09726],[-67.91528,10.09725],[-67.91516,10.09723],[-67.91495,10.09722],[-67.91485,10.09723],[-67.91476,10.09722],[-67.91467,10.0972],[-67.91461,10.09717],[-67.91456,10.09713],[-67.91452,10.09709],[-67.91447,10.09701],[-67.9144,10.09694],[-67.91432,10.09689],[-67.91422,10.09683],[-67.91416,10.09679],[-67.91411,10.09678],[-67.91406,10.09678],[-67.91403,10.09679],[-67.91399,10.09682],[-67.91395,10.09685],[-67.91391,10.09686],[-67.91384,10.09687],[-67.91378,10.09687],[-67.91372,10.09685],[-67.91366,10.09682],[-67.91359,10.09677],[-67.91345,10.09667],[-67.91336,10.0966],[-67.9132,10.09647],[-67.91313,10.09643],[-67.91307,10.09642],[-67.91301,10.09642],[-67.91295,10.09644],[-67.91287,10.09647],[-67.9128,10.09649],[-67.91273,10.09649],[-67.91268,10.0965],[-67.91262,10.09649],[-67.91254,10.09645],[-67.91249,10.09641],[-67.91245,10.09636],[-67.91239,10.09627],[-67.91223,10.096],[-67.91219,10.09595],[-67.91215,10.09591],[-67.91211,10.09585],[-67.91204,10.09572],[-67.91202,10.09568],[-67.91198,10.09564],[-67.91194,10.09561],[-67.91173,10.09547],[-67.91162,10.0954],[-67.91147,10.09527],[-67.91131,10.09514],[-67.91122,10.09506],[-67.91119,10.09501],[-67.91118,10.09498],[-67.91116,10.09491],[-67.91112,10.09472],[-67.9111,10.09468],[-67.91105,10.09461],[-67.911,10.09455],[-67.91096,10.09454],[-67.91092,10.09454],[-67.91086,10.09454],[-67.91078,10.09454],[-67.91068,10.09451],[-67.91055,10.09447],[-67.91049,10.09443],[-67.91042,10.09435],[-67.91034,10.09425],[-67.91031,10.0942],[-67.91031,10.09417],[-67.91031,10.09415],[-67.91033,10.0941],[-67.91037,10.09399],[-67.91039,10.09388],[-67.9104,10.09381],[-67.9104,10.09376],[-67.91038,10.09372],[-67.91034,10.09369],[-67.91028,10.09365],[-67.91022,10.0936],[-67.91017,10.09356],[-67.91014,10.0935],[-67.91008,10.09336],[-67.91006,10.09326],[-67.91003,10.09321],[-67.90999,10.09315],[-67.90994,10.09311],[-67.9099,10.09308],[-67.90988,10.09305],[-67.90986,10.09295],[-67.90984,10.09284],[-67.90981,10.09264],[-67.90979,10.09258],[-67.90976,10.09253],[-67.90965,10.09231],[-67.90955,10.09217],[-67.90947,10.09207],[-67.9094,10.09195],[-67.9093,10.09173],[-67.90924,10.09161],[-67.90917,10.09151],[-67.90898,10.09121],[-67.90888,10.09101],[-67.90879,10.09079],[-67.90862,10.09038],[-67.90859,10.09029],[-67.90856,10.09024],[-67.90852,10.09019],[-67.90848,10.09015],[-67.9083,10.08993],[-67.9082,10.08984],[-67.90813,10.08979],[-67.908,10.08972],[-67.90786,10.08964],[-67.90778,10.08959],[-67.9077,10.08956],[-67.90759,10.08953],[-67.90729,10.08948],[-67.90712,10.08947],[-67.90694,10.08945],[-67.9068,10.08943],[-67.90668,10.08942],[-67.90657,10.08941],[-67.90629,10.0894],[-67.9057,10.08937],[-67.90512,10.08936],[-67.90493,10.08934],[-67.90475,10.08932],[-67.90464,10.08931],[-67.90455,10.08929],[-67.90426,10.08922],[-67.90417,10.08921],[-67.90409,10.0892],[-67.90398,10.08921],[-67.90385,10.08923],[-67.90372,10.08925],[-67.90358,10.08928],[-67.90348,10.08932],[-67.90335,10.08938],[-67.90328,10.0894],[-67.90323,10.08941],[-67.90318,10.08941],[-67.90313,10.08941],[-67.90304,10.08939],[-67.90293,10.08936],[-67.90286,10.08935],[-67.90276,10.08935],[-67.90251,10.08935],[-67.90207,10.08935],[-67.90184,10.08934],[-67.90169,10.08935],[-67.90156,10.08936],[-67.90138,10.08939],[-67.90107,10.08943],[-67.90027,10.08955],[-67.90012,10.08956],[-67.9,10.08958],[-67.89993,10.0896],[-67.89978,10.08965],[-67.89956,10.08974],[-67.89948,10.08977],[-67.89942,10.08978],[-67.89933,10.08979],[-67.89906,10.08981],[-67.89838,10.08988],[-67.89822,10.0899],[-67.8981,10.08992],[-67.89798,10.08996],[-67.89785,10.09001],[-67.89761,10.09011],[-67.89747,10.09016],[-67.8973,10.0902],[-67.89708,10.09026],[-67.89696,10.09029],[-67.89686,10.09033],[-67.89667,10.0904],[-67.89654,10.09045],[-67.89649,10.09047],[-67.89644,10.09051],[-67.89635,10.09057],[-67.89627,10.09066],[-67.8961,10.09084],[-67.89605,10.09088],[-67.89598,10.09093],[-67.89578,10.09103],[-67.8956,10.09112],[-67.89536,10.09123],[-67.89522,10.09129],[-67.89507,10.09136],[-67.89492,10.09141],[-67.89481,10.09144],[-67.8947,10.09147],[-67.8946,10.09147],[-67.89452,10.09147],[-67.89443,10.09147],[-67.89432,10.09148],[-67.89417,10.09151],[-67.89402,10.09153],[-67.89395,10.09154],[-67.89388,10.09156],[-67.89382,10.09159],[-67.89358,10.09173],[-67.89351,10.09177],[-67.89341,10.0918],[-67.89308,10.09191],[-67.89281,10.09199],[-67.89273,10.09203],[-67.89263,10.0921],[-67.89243,10.09221],[-67.89236,10.09224],[-67.89226,10.09231],[-67.89219,10.09235],[-67.89211,10.09239],[-67.89201,10.09243],[-67.89192,10.09247],[-67.89168,10.09253],[-67.89143,10.09259],[-67.89134,10.09262],[-67.89125,10.09266],[-67.89117,10.09271],[-67.89083,10.09293],[-67.89072,10.09303],[-67.89056,10.09317],[-67.89049,10.09325],[-67.89044,10.0933],[-67.89042,10.09333],[-67.8904,10.09342],[-67.89036,10.09351],[-67.89031,10.0936],[-67.89024,10.0937],[-67.89018,10.09378],[-67.88999,10.09399],[-67.88991,10.09407],[-67.88983,10.09411],[-67.88969,10.09418],[-67.88947,10.09431],[-67.88933,10.09439],[-67.88922,10.09448],[-67.88913,10.09457],[-67.88906,10.09466],[-67.88894,10.09484],[-67.88888,10.09491],[-67.8888,10.09498],[-67.88872,10.09503],[-67.88862,10.09508],[-67.88843,10.09515],[-67.88815,10.09525],[-67.88793,10.09534],[-67.88777,10.09541],[-67.88751,10.09551],[-67.8874,10.09554],[-67.88727,10.09557],[-67.88719,10.09558],[-67.8871,10.09559],[-67.887,10.09559],[-67.88676,10.09558],[-67.88661,10.09557],[-67.88652,10.09557],[-67.88641,10.09558],[-67.88615,10.09559],[-67.88594,10.0956],[-67.88575,10.09559],[-67.88563,10.09558],[-67.88549,10.09556],[-67.88516,10.09549],[-67.88489,10.09544],[-67.88461,10.0954],[-67.88426,10.09532],[-67.88415,10.09529],[-67.88408,10.09529],[-67.88404,10.09529],[-67.88397,10.0953],[-67.8839,10.09533],[-67.88381,10.09537],[-67.8837,10.09537],[-67.8836,10.09537],[-67.88348,10.09535],[-67.88334,10.09532],[-67.88322,10.09529],[-67.88309,10.09525],[-67.88296,10.09522],[-67.88287,10.09522],[-67.88278,10.09524],[-67.88268,10.09525],[-67.88255,10.09525],[-67.88212,10.09525],[-67.88189,10.09527],[-67.88175,10.09529],[-67.88144,10.09535],[-67.88094,10.09546],[-67.8807,10.09553],[-67.88054,10.09558],[-67.88042,10.09562],[-67.88017,10.09571],[-67.88009,10.09573],[-67.88,10.09575],[-67.87988,10.09577],[-67.87958,10.09586],[-67.87913,10.09599],[-67.87904,10.09603],[-67.8789,10.0961],[-67.87866,10.0962],[-67.87837,10.09633],[-67.87827,10.09639],[-67.87821,10.09643],[-67.87817,10.09646],[-67.87814,10.0965],[-67.8781,10.09655],[-67.87806,10.09657],[-67.87803,10.09658],[-67.87726,10.09683],[-67.87675,10.09698],[-67.87654,10.09704],[-67.8764,10.09706],[-67.87627,10.09708],[-67.87618,10.09708],[-67.87611,10.09707],[-67.87603,10.09708],[-67.87595,10.0971],[-67.87582,10.09718],[-67.87566,10.09726],[-67.87553,10.09734],[-67.87538,10.09744],[-67.87521,10.09758],[-67.87512,10.09767],[-67.87506,10.09776],[-67.87498,10.09788],[-67.87487,10.09813],[-67.87479,10.09826],[-67.87476,10.09831],[-67.87472,10.09835],[-67.87465,10.09838],[-67.87459,10.09839],[-67.87451,10.09843],[-67.87443,10.09847],[-67.87438,10.09852],[-67.87436,10.09859],[-67.87435,10.09866],[-67.87434,10.09882],[-67.87433,10.0989],[-67.87428,10.09898],[-67.87423,10.09903],[-67.87415,10.09906],[-67.87408,10.09908],[-67.87401,10.09909],[-67.87396,10.09908],[-67.8739,10.09906],[-67.87385,10.09902],[-67.8738,10.09899],[-67.87376,10.09897],[-67.87367,10.09895],[-67.87358,10.09896],[-67.87352,10.099],[-67.87347,10.09907],[-67.87332,10.09929],[-67.87322,10.09941],[-67.87314,10.09949],[-67.87306,10.09955],[-67.87297,10.09958],[-67.87277,10.09965],[-67.85538,10.14603],[-67.87836,10.15614],[-67.88443,10.1588],[-67.88456,10.15892],[-67.88466,10.15903],[-67.88473,10.15909],[-67.8848,10.15917],[-67.88487,10.15923],[-67.88494,10.15926],[-67.88507,10.1593],[-67.88524,10.15933],[-67.88532,10.15934],[-67.88539,10.15937],[-67.88546,10.15943],[-67.88548,10.15952],[-67.88549,10.15962],[-67.88549,10.15969],[-67.8855,10.15977],[-67.88551,10.15981],[-67.88556,10.15985],[-67.88562,10.15988],[-67.88568,10.15987],[-67.88576,10.15984],[-67.88583,10.15981],[-67.88587,10.15979],[-67.88596,10.1598],[-67.886,10.15983],[-67.88603,10.15989],[-67.88608,10.15995],[-67.88617,10.16],[-67.88628,10.16004],[-67.88643,10.16007],[-67.88669,10.16011],[-67.88681,10.16014],[-67.88686,10.16016],[-67.88691,10.1602],[-67.88694,10.16028],[-67.88699,10.16039],[-67.88704,10.16049],[-67.88709,10.16057],[-67.88718,10.16067],[-67.88734,10.16079],[-67.88739,10.16084],[-67.88741,10.16091],[-67.88741,10.16097],[-67.88745,10.16104],[-67.88753,10.16114],[-67.88755,10.16121],[-67.88757,10.16126],[-67.88761,10.16136],[-67.8877,10.16155],[-67.88773,10.16159],[-67.88775,10.16165],[-67.88778,10.16175],[-67.8878,10.1618],[-67.88785,10.16183],[-67.8879,10.16183],[-67.88796,10.16182],[-67.88802,10.16182],[-67.88806,10.16184],[-67.88809,10.16189],[-67.88811,10.16194],[-67.88812,10.162],[-67.88811,10.1621],[-67.88812,10.16215],[-67.88815,10.1622],[-67.88818,10.16224],[-67.88823,10.16226],[-67.88828,10.16226],[-67.88833,10.16228],[-67.88842,10.16234],[-67.88846,10.16237],[-67.88851,10.16237],[-67.88857,10.16237],[-67.88862,10.16236],[-67.88867,10.16236],[-67.88872,10.16239],[-67.88876,10.16242],[-67.88879,10.16247],[-67.8888,10.16253],[-67.88885,10.1627],[-67.88892,10.16298],[-67.88898,10.16314],[-67.88919,10.16349],[-67.88923,10.16353],[-67.88925,10.16359],[-67.88926,10.16365],[-67.88927,10.1637],[-67.88929,10.16387],[-67.8893,10.16398],[-67.88933,10.16408],[-67.88935,10.16413],[-67.88938,10.16417],[-67.88941,10.16421],[-67.88946,10.16424],[-67.88952,10.16424],[-67.88957,10.16426],[-67.8896,10.1643],[-67.88961,10.16435],[-67.8896,10.16444],[-67.88959,10.16449],[-67.88958,10.16455],[-67.88958,10.1646],[-67.88959,10.16465],[-67.88962,10.16469],[-67.88967,10.16472],[-67.88978,10.16475],[-67.88983,10.16477],[-67.88987,10.1648],[-67.8899,10.16484],[-67.88993,10.16489],[-67.88994,10.16495],[-67.88996,10.16504],[-67.88994,10.16514],[-67.88993,10.1652],[-67.88989,10.16525],[-67.88979,10.16531],[-67.8897,10.16538],[-67.8897,10.16544],[-67.8897,10.16549],[-67.88972,10.16554],[-67.88977,10.16557],[-67.88982,10.16559],[-67.88987,10.16561],[-67.88998,10.16561],[-67.89003,10.16561],[-67.89015,10.16562],[-67.89032,10.16566],[-67.89037,10.16569],[-67.89041,10.16572],[-67.89044,10.16577],[-67.89045,10.16582],[-67.89048,10.16587],[-67.89053,10.16589],[-67.89058,10.16591],[-67.89069,10.16593],[-67.89074,10.16595],[-67.89078,10.16599],[-67.89084,10.16609],[-67.89095,10.16635],[-67.89097,10.16641],[-67.89097,10.16646],[-67.89095,10.16651],[-67.89091,10.16655],[-67.89086,10.16658],[-67.89081,10.1666],[-67.89075,10.16667],[-67.8907,10.1667],[-67.89067,10.16675],[-67.89066,10.16681],[-67.89066,10.16687],[-67.89069,10.16692],[-67.89073,10.16695],[-67.89078,10.16695],[-67.89083,10.16694],[-67.89089,10.16692],[-67.89095,10.16692],[-67.89099,10.16694],[-67.89103,10.16698],[-67.89106,10.16703],[-67.89107,10.16714],[-67.89108,10.1672],[-67.89112,10.16727],[-67.89114,10.16732],[-67.89115,10.16738],[-67.89115,10.16749],[-67.89115,10.16754],[-67.89115,10.16759],[-67.89117,10.16765],[-67.8912,10.16769],[-67.89128,10.16777],[-67.89131,10.16781],[-67.89134,10.16786],[-67.89134,10.16791],[-67.89133,10.16796],[-67.8913,10.16801],[-67.89124,10.1681],[-67.89122,10.16815],[-67.89121,10.16821],[-67.89121,10.16826],[-67.89123,10.16831],[-67.89126,10.16835],[-67.8913,10.16839],[-67.89137,10.16848],[-67.8914,10.16855],[-67.89142,10.1686],[-67.89146,10.16876],[-67.89149,10.16881],[-67.89153,10.16884],[-67.89158,10.16886],[-67.89163,10.16887],[-67.89169,10.16886],[-67.89174,10.16884],[-67.8918,10.16882],[-67.89185,10.16879],[-67.8919,10.16877],[-67.89196,10.16875],[-67.89202,10.16874],[-67.89207,10.16874],[-67.89211,10.16877],[-67.89213,10.16882],[-67.89213,10.16893],[-67.89213,10.16899],[-67.89215,10.16904],[-67.89216,10.16909],[-67.89218,10.16914],[-67.89224,10.16925],[-67.89227,10.16929],[-67.89231,10.16934],[-67.89235,10.16939],[-67.89239,10.16942],[-67.89241,10.16947],[-67.89242,10.16958],[-67.89245,10.16963],[-67.89249,10.16967],[-67.89254,10.16967],[-67.8926,10.16965],[-67.89266,10.16963],[-67.89272,10.16962],[-67.89279,10.16963],[-67.89281,10.16964],[-67.89283,10.16966],[-67.89285,10.16968],[-67.89286,10.1697],[-67.89287,10.16973],[-67.89288,10.16976],[-67.89289,10.16978],[-67.89292,10.16983],[-67.89294,10.16985],[-67.89295,10.16987],[-67.89295,10.1699],[-67.89295,10.16993],[-67.89294,10.16995],[-67.89293,10.16998],[-67.89292,10.17001],[-67.89289,10.17006],[-67.89288,10.17009],[-67.89288,10.17011],[-67.89289,10.17014],[-67.89291,10.17016],[-67.89294,10.17018],[-67.89296,10.17019],[-67.89299,10.17024],[-67.89301,10.17026],[-67.89302,10.17029],[-67.89303,10.17032],[-67.89303,10.17034],[-67.893,10.17053],[-67.89299,10.17056],[-67.893,10.17059],[-67.89301,10.17061],[-67.89302,10.17064],[-67.89304,10.17066],[-67.8931,10.17073],[-67.89312,10.17075],[-67.89314,10.17078],[-67.89316,10.1708],[-67.89319,10.17081],[-67.89324,10.17083],[-67.89327,10.17084],[-67.89328,10.17086],[-67.89329,10.17089],[-67.89329,10.17092],[-67.89329,10.17093],[-67.89328,10.17101],[-67.89327,10.17104],[-67.89327,10.17106],[-67.89328,10.17109],[-67.8933,10.17112],[-67.89331,10.17115],[-67.89333,10.17117],[-67.89335,10.17118],[-67.89339,10.17122],[-67.8934,10.17124],[-67.89341,10.17127],[-67.89341,10.1713],[-67.8934,10.17132],[-67.8934,10.17135],[-67.8934,10.17137],[-67.89341,10.1714],[-67.89342,10.17142],[-67.89345,10.17144],[-67.89347,10.17144],[-67.8935,10.17143],[-67.89353,10.17142],[-67.89356,10.17142],[-67.89358,10.17142],[-67.89361,10.17144],[-67.89362,10.17146],[-67.89364,10.17151],[-67.89364,10.17154],[-67.89364,10.17157],[-67.89363,10.17159],[-67.89363,10.17162],[-67.89364,10.17164],[-67.89366,10.17167],[-67.89369,10.17171],[-67.89371,10.17173],[-67.89373,10.17175],[-67.89376,10.17176],[-67.89378,10.17177],[-67.89379,10.1718],[-67.89379,10.17183],[-67.89378,10.17187],[-67.89368,10.17217],[-67.89366,10.17222],[-67.89363,10.17233],[-67.8936,10.1724],[-67.89359,10.17246],[-67.89356,10.17252],[-67.89354,10.17256],[-67.89347,10.17266],[-67.89344,10.17272],[-67.89343,10.17278],[-67.89342,10.17287],[-67.89343,10.17299],[-67.89344,10.17301],[-67.89345,10.17306],[-67.89347,10.17317],[-67.89349,10.17324],[-67.89349,10.17328],[-67.8935,10.17331],[-67.89352,10.17334],[-67.89354,10.17336],[-67.89361,10.17339],[-67.89363,10.17343],[-67.89365,10.17347],[-67.89366,10.17352],[-67.89365,10.17357],[-67.89363,10.17364],[-67.89363,10.17375],[-67.89364,10.17384],[-67.89366,10.17391],[-67.89367,10.17401],[-67.89369,10.17408],[-67.89371,10.17412],[-67.89373,10.17415],[-67.89378,10.17418],[-67.89383,10.17422],[-67.89389,10.17425],[-67.89398,10.17428],[-67.89403,10.1743],[-67.89407,10.17432],[-67.89411,10.17436],[-67.89418,10.17443],[-67.89422,10.17449],[-67.89426,10.17452],[-67.89429,10.17454],[-67.89432,10.17454],[-67.89437,10.17454],[-67.8944,10.17454],[-67.89443,10.17455],[-67.89444,10.17459],[-67.89444,10.17462],[-67.89444,10.17467],[-67.89444,10.1747],[-67.89446,10.17473],[-67.89448,10.17475],[-67.8945,10.17477],[-67.89453,10.17481],[-67.89454,10.17484],[-67.89455,10.17488],[-67.89455,10.17492],[-67.89453,10.17496],[-67.89449,10.175],[-67.89446,10.17503],[-67.89445,10.17506],[-67.89444,10.17509],[-67.89445,10.17512],[-67.89446,10.17514],[-67.89451,10.17519],[-67.89457,10.17524],[-67.89464,10.17528],[-67.89469,10.17532],[-67.89473,10.17537],[-67.89477,10.17544],[-67.89479,10.1755],[-67.89479,10.17558],[-67.89477,10.17566],[-67.89475,10.17588],[-67.89475,10.17604],[-67.89475,10.1761],[-67.89475,10.17616],[-67.89474,10.17623],[-67.89471,10.17627],[-67.89466,10.17634],[-67.89463,10.1764],[-67.89464,10.17644],[-67.89465,10.17648],[-67.89468,10.17651],[-67.8947,10.17654],[-67.89471,10.17656],[-67.8947,10.17659],[-67.89468,10.17662],[-67.89463,10.17667],[-67.89458,10.17671],[-67.89454,10.17672],[-67.8945,10.17673],[-67.89446,10.17672],[-67.89442,10.17673],[-67.8944,10.17675],[-67.89438,10.17678],[-67.89438,10.17682],[-67.89438,10.17688],[-67.8944,10.17693],[-67.89443,10.17698],[-67.89446,10.17701],[-67.89449,10.17704],[-67.89452,10.17707],[-67.89454,10.17712],[-67.89454,10.17718],[-67.89453,10.17735],[-67.89451,10.17749],[-67.89448,10.17771],[-67.89447,10.17782],[-67.89447,10.17797],[-67.89447,10.17818],[-67.89446,10.17847],[-67.89444,10.17857],[-67.89442,10.17866],[-67.89441,10.17873],[-67.8944,10.17882],[-67.89439,10.17897],[-67.89438,10.17905],[-67.89439,10.17911],[-67.8944,10.17917],[-67.8944,10.17924],[-67.8944,10.17929],[-67.89438,10.17935],[-67.89434,10.17948],[-67.89429,10.17963],[-67.89427,10.1798],[-67.89422,10.17999],[-67.89418,10.18019],[-67.89415,10.18028],[-67.89411,10.18033],[-67.89408,10.18037],[-67.89399,10.18048],[-67.89395,10.18051],[-67.89391,10.18053],[-67.89387,10.18056],[-67.89384,10.18059],[-67.89383,10.18062],[-67.89382,10.18068],[-67.8938,10.18081],[-67.89378,10.18094],[-67.89378,10.18103],[-67.89379,10.18113],[-67.8938,10.1812],[-67.89382,10.18123],[-67.89386,10.18127],[-67.89389,10.18129],[-67.89405,10.18139],[-67.89415,10.18147],[-67.89419,10.18151],[-67.89424,10.18154],[-67.89429,10.18157],[-67.89438,10.1816],[-67.89443,10.18164],[-67.89447,10.18169],[-67.8945,10.18174],[-67.89454,10.1818],[-67.89457,10.18184],[-67.89461,10.18188],[-67.89463,10.18191],[-67.89464,10.18195],[-67.89464,10.18198],[-67.89467,10.18206],[-67.8947,10.18213],[-67.89473,10.1822],[-67.89478,10.18228],[-67.89484,10.18235],[-67.8949,10.1824],[-67.89497,10.18244],[-67.89508,10.18248],[-67.89515,10.18253],[-67.89521,10.18257],[-67.89527,10.18264],[-67.8953,10.1827],[-67.89534,10.18278],[-67.89534,10.18284],[-67.89533,10.18289],[-67.8953,10.18293],[-67.89524,10.18298],[-67.89517,10.18306],[-67.89508,10.18318],[-67.89498,10.18331],[-67.89485,10.18346],[-67.89476,10.18356],[-67.89462,10.18373],[-67.89452,10.18382],[-67.89444,10.18394],[-67.8944,10.184],[-67.89436,10.18409],[-67.89431,10.18418],[-67.89427,10.18427],[-67.89424,10.18431],[-67.89422,10.18437],[-67.89423,10.18443],[-67.89426,10.18451],[-67.89431,10.1846],[-67.89442,10.18477],[-67.89449,10.18492],[-67.89451,10.18501],[-67.89451,10.1851],[-67.89448,10.18517],[-67.89444,10.18522],[-67.89437,10.18527],[-67.89433,10.1853],[-67.89431,10.18533],[-67.89431,10.18537],[-67.89432,10.1854],[-67.89435,10.18542],[-67.89443,10.18544],[-67.89452,10.18545],[-67.89467,10.18544],[-67.89478,10.18544],[-67.89485,10.18542],[-67.89496,10.18539],[-67.89507,10.18535],[-67.89518,10.18529],[-67.89528,10.18522],[-67.89535,10.18516],[-67.89541,10.18508],[-67.89545,10.185],[-67.89548,10.18487],[-67.89549,10.18483],[-67.89552,10.18481],[-67.89556,10.18478],[-67.8956,10.18477],[-67.89569,10.18475],[-67.89574,10.18473],[-67.89579,10.18469],[-67.89582,10.18465],[-67.89584,10.18461],[-67.89587,10.18458],[-67.89592,10.18457],[-67.89602,10.18457],[-67.89615,10.1846],[-67.89631,10.18466],[-67.89637,10.1847],[-67.89641,10.18474],[-67.89641,10.18483],[-67.89639,10.1849],[-67.89635,10.18498],[-67.89628,10.18509],[-67.89619,10.18531],[-67.89618,10.18536],[-67.89618,10.18547],[-67.89621,10.18554],[-67.89626,10.18559],[-67.89632,10.1856],[-67.89639,10.1856],[-67.89647,10.18559],[-67.89658,10.18556],[-67.89681,10.18549],[-67.89689,10.18546],[-67.89699,10.1854],[-67.89708,10.18533],[-67.89714,10.18528],[-67.8972,10.18525],[-67.89726,10.18525],[-67.89732,10.18527],[-67.89739,10.18528],[-67.89749,10.18528],[-67.89764,10.18525],[-67.89776,10.18524],[-67.89785,10.18525],[-67.89799,10.18529],[-67.8981,10.18534],[-67.89822,10.18541],[-67.89832,10.18549],[-67.89839,10.18557],[-67.89852,10.18565],[-67.89862,10.18573],[-67.89875,10.18584],[-67.89889,10.18594],[-67.89904,10.18605],[-67.89932,10.18633],[-67.89979,10.18685],[-67.90009,10.18718],[-67.90116,10.18843],[-67.90136,10.18867],[-67.90146,10.18885],[-67.90155,10.18902],[-67.90159,10.18919],[-67.90162,10.18941],[-67.90161,10.18961],[-67.90158,10.18975],[-67.9015,10.18988],[-67.90135,10.19011],[-67.90126,10.19025],[-67.90117,10.19043],[-67.90113,10.19055],[-67.90111,10.19069],[-67.90113,10.19083],[-67.90117,10.19106],[-67.90122,10.19125],[-67.90128,10.19137],[-67.90139,10.19154],[-67.90146,10.19166],[-67.90149,10.19174],[-67.90151,10.19182],[-67.90154,10.19193],[-67.90159,10.19202],[-67.90163,10.1921],[-67.90171,10.19224],[-67.90178,10.19243],[-67.90188,10.19276],[-67.90197,10.19299],[-67.9021,10.19328],[-67.90224,10.19362],[-67.90226,10.19372],[-67.90226,10.19381],[-67.90224,10.19389],[-67.90219,10.19401],[-67.90214,10.19415],[-67.90212,10.19427],[-67.90211,10.19447],[-67.9021,10.19492],[-67.9021,10.19518],[-67.90212,10.19532],[-67.90215,10.19544],[-67.90219,10.19555],[-67.90223,10.19564],[-67.90231,10.19573],[-67.90252,10.19593],[-67.90284,10.19617],[-67.90302,10.19629],[-67.9033,10.19652],[-67.90342,10.19665],[-67.90374,10.19707],[-67.90395,10.1973],[-67.90411,10.19742],[-67.90425,10.19748],[-67.90439,10.19754],[-67.90451,10.1976],[-67.90465,10.19768],[-67.90477,10.1978],[-67.90506,10.19819],[-67.90527,10.19848],[-67.90553,10.19889],[-67.90591,10.19949],[-67.90616,10.1999],[-67.90626,10.20008],[-67.90631,10.20022],[-67.90638,10.20046],[-67.90648,10.20105],[-67.90655,10.20142],[-67.90658,10.20154],[-67.9066,10.20159],[-67.90667,10.20166],[-67.90707,10.20205],[-67.90778,10.20278],[-67.908,10.20301],[-67.90808,10.20312],[-67.90812,10.20322],[-67.90816,10.20335],[-67.90816,10.20348],[-67.90813,10.20359],[-67.90804,10.20381],[-67.90798,10.20392],[-67.90793,10.20398],[-67.9079,10.204],[-67.90784,10.20404],[-67.90779,10.20407],[-67.90777,10.20409],[-67.90776,10.20412],[-67.90776,10.20416],[-67.90777,10.20421],[-67.9078,10.2043],[-67.90788,10.2045],[-67.90791,10.20456],[-67.90793,10.20461],[-67.90796,10.20466],[-67.90799,10.20468],[-67.9081,10.20477],[-67.90818,10.20481],[-67.90825,10.20485],[-67.90828,10.20487],[-67.90839,10.20495],[-67.90843,10.20499],[-67.90845,10.20504],[-67.90848,10.20512],[-67.90836,10.20534],[-67.90826,10.20556],[-67.90825,10.20559],[-67.90824,10.20561],[-67.90825,10.2057],[-67.9084,10.2066],[-67.90844,10.20692],[-67.90842,10.20696],[-67.9084,10.207],[-67.90837,10.20704],[-67.90856,10.20869],[-67.90877,10.21037],[-67.90883,10.21132],[-67.90886,10.21183],[-67.90905,10.21291],[-67.90992,10.21357],[-67.91027,10.2139],[-67.91051,10.2137],[-67.91092,10.21336],[-67.91142,10.21296],[-67.91177,10.21268],[-67.91201,10.21248],[-67.91225,10.21227],[-67.91261,10.21197],[-67.91421,10.21068],[-67.91524,10.20983],[-67.91569,10.20946],[-67.91598,10.20923],[-67.91638,10.2089],[-67.91678,10.20858],[-67.91695,10.20843],[-67.91722,10.20821],[-67.91777,10.20776],[-67.91811,10.20749],[-67.91852,10.20716],[-67.91893,10.20683],[-67.91922,10.20659],[-67.9196,10.20628],[-67.91986,10.20608],[-67.92022,10.20579],[-67.92074,10.20537],[-67.9211,10.20508],[-67.92153,10.20473],[-67.92207,10.2043],[-67.92262,10.20385],[-67.9229,10.20362],[-67.92328,10.20332],[-67.92374,10.20294],[-67.92418,10.20258],[-67.92454,10.2023],[-67.92486,10.20204],[-67.92507,10.20187],[-67.92537,10.20162],[-67.92559,10.20145],[-67.92597,10.20113],[-67.92625,10.20091],[-67.92658,10.20063],[-67.92694,10.20035],[-67.92713,10.20018],[-67.92797,10.19946],[-67.92862,10.19891],[-67.92904,10.19856],[-67.92981,10.19793],[-67.92987,10.19777],[-67.93023,10.19745],[-67.9305,10.1972],[-67.9309,10.19686],[-67.93117,10.19666],[-67.93141,10.19648],[-67.93159,10.19636],[-67.93182,10.19622],[-67.93204,10.1961],[-67.93222,10.19601],[-67.93263,10.19583],[-67.9329,10.19572],[-67.93316,10.19562],[-67.93347,10.19553],[-67.93352,10.19563],[-67.93389,10.19551],[-67.93465,10.19525],[-67.93483,10.19518],[-67.93497,10.19513],[-67.93515,10.19505],[-67.93528,10.19498],[-67.93544,10.1949],[-67.93582,10.19469],[-67.9361,10.19452],[-67.93669,10.1942],[-67.93702,10.19401],[-67.9374,10.19379],[-67.93766,10.19362],[-67.93818,10.19331],[-67.93868,10.19301],[-67.93898,10.19284],[-67.94122,10.19146],[-67.9417,10.19117],[-67.94197,10.19101],[-67.94225,10.19084],[-67.94238,10.19077],[-67.94276,10.19056],[-67.94299,10.19042],[-67.94341,10.1902],[-67.94362,10.1901],[-67.94424,10.18978],[-67.94513,10.18936],[-67.94594,10.189],[-67.94656,10.18873],[-67.94759,10.18825],[-67.94789,10.18812],[-67.94819,10.18798],[-67.94863,10.1878],[-67.9493,10.18754],[-67.94962,10.18743],[-67.95016,10.18727],[-67.9507,10.18712],[-67.95068,10.18699],[-67.95067,10.18676],[-67.9506,10.18619],[-67.95052,10.18558],[-67.95043,10.18476],[-67.9504,10.18449],[-67.95039,10.18437],[-67.95014,10.18296],[-67.94999,10.18204],[-67.94973,10.18208],[-67.94946,10.18212],[-67.94936,10.18212],[-67.9493,10.18211],[-67.94921,10.18209],[-67.94913,10.18202],[-67.94898,10.18189],[-67.9487,10.18156],[-67.94824,10.18101],[-67.94816,10.18093],[-67.94807,10.18084],[-67.94778,10.18059],[-67.9477,10.18055],[-67.94761,10.18052],[-67.94753,10.18049],[-67.94749,10.18045],[-67.94747,10.1804],[-67.94745,10.18034],[-67.94744,10.18027],[-67.94742,10.18022],[-67.94737,10.18017],[-67.94733,10.18012],[-67.94719,10.17996],[-67.94696,10.1797],[-67.94643,10.17909],[-67.94625,10.17888],[-67.94601,10.17862],[-67.94567,10.1783],[-67.94533,10.17798],[-67.94517,10.17781],[-67.94504,10.17766],[-67.94491,10.17749],[-67.94477,10.17729],[-67.94461,10.17709],[-67.9445,10.17698],[-67.94432,10.17682],[-67.94406,10.17652],[-67.94374,10.17602],[-67.94322,10.17491],[-67.9431,10.17464],[-67.94304,10.17447],[-67.94298,10.17426],[-67.94291,10.17405],[-67.94282,10.17383],[-67.94274,10.17364],[-67.94252,10.17319],[-67.94244,10.17306],[-67.94236,10.17295],[-67.9423,10.17289],[-67.94223,10.17281],[-67.94216,10.17273],[-67.94211,10.1726],[-67.94205,10.17243],[-67.94177,10.17188],[-67.94133,10.17099],[-67.94125,10.17082],[-67.94119,10.17073],[-67.9411,10.17064],[-67.941,10.17056],[-67.94076,10.17044],[-67.94061,10.17037],[-67.94041,10.1703],[-67.94003,10.17018],[-67.93988,10.17013],[-67.93878,10.16976],[-67.93834,10.1696],[-67.93822,10.16955],[-67.93811,10.16947],[-67.93803,10.16937],[-67.93766,10.16904],[-67.93753,10.16894],[-67.93741,10.16881],[-67.9372,10.16855],[-67.93686,10.1682],[-67.93662,10.16799],[-67.93646,10.16787],[-67.93634,10.16779],[-67.93619,10.16773],[-67.93607,10.16766],[-67.93598,10.16759],[-67.93563,10.16727],[-67.93544,10.16708],[-67.93532,10.16699],[-67.9352,10.16693],[-67.93508,10.1669],[-67.93491,10.16689],[-67.93478,10.16691],[-67.93463,10.16696],[-67.93447,10.16702],[-67.9343,10.16705],[-67.934,10.16707],[-67.93387,10.16707],[-67.93373,10.16705],[-67.93351,10.167],[-67.93329,10.16698],[-67.93307,10.16697],[-67.93279,10.16697],[-67.93248,10.167],[-67.93211,10.167],[-67.93173,10.16699],[-67.93146,10.16697],[-67.93123,10.16696],[-67.93114,10.16694],[-67.93104,10.16692],[-67.93098,10.16689],[-67.9309,10.16684],[-67.93079,10.16675],[-67.93073,10.16668],[-67.93072,10.16663],[-67.93071,10.16657],[-67.93071,10.1665],[-67.93073,10.16637],[-67.93073,10.1663],[-67.93073,10.16625],[-67.9307,10.16615],[-67.93066,10.16608],[-67.93062,10.16604],[-67.93057,10.16602],[-67.9305,10.166],[-67.93029,10.16597],[-67.93024,10.16595],[-67.9302,10.16593],[-67.93018,10.16588],[-67.93015,10.16579],[-67.93004,10.16548],[-67.92998,10.16537],[-67.92991,10.16527],[-67.92978,10.16506],[-67.92947,10.16458],[-67.92917,10.16416],[-67.92911,10.16405],[-67.92907,10.16395],[-67.92904,10.1639],[-67.92903,10.16386],[-67.92902,10.16375],[-67.929,10.16355],[-67.92901,10.16346],[-67.92905,10.16333],[-67.92908,10.16322],[-67.92909,10.16311],[-67.92909,10.163],[-67.9291,10.16275],[-67.92913,10.16251],[-67.92917,10.16221],[-67.92919,10.16197],[-67.92922,10.1616],[-67.92928,10.16116],[-67.92929,10.16102],[-67.92931,10.16085],[-67.92934,10.16059],[-67.92934,10.16051],[-67.92933,10.16046],[-67.92933,10.16039],[-67.92927,10.16009],[-67.92924,10.16002],[-67.92919,10.15991],[-67.92909,10.15971],[-67.929,10.15952],[-67.92893,10.1594],[-67.9289,10.15937],[-67.92928,10.15863],[-67.92911,10.15794],[-67.92882,10.15765],[-67.92699,10.15495],[-67.92616,10.1538],[-67.92473,10.15147],[-67.92429,10.15045],[-67.92421,10.14884],[-67.92415,10.14846],[-67.9234,10.147],[-67.92318,10.14664],[-67.92294,10.14591],[-67.92294,10.14522],[-67.92197,10.14454],[-67.9215,10.14444],[-67.92118,10.14406],[-67.92067,10.14371],[-67.92065,10.1435],[-67.92032,10.14306],[-67.92015,10.14256],[-67.9198,10.14208],[-67.91934,10.1416],[-67.91883,10.14111],[-67.91837,10.14091],[-67.91786,10.14056],[-67.91743,10.14003],[-67.91725,10.13982],[-67.91697,10.13951],[-67.91661,10.13914],[-67.91633,10.1389],[-67.91626,10.13886],[-67.91619,10.13881],[-67.91613,10.13876],[-67.91608,10.13869],[-67.91606,10.13862],[-67.91606,10.13856],[-67.91608,10.13849],[-67.91611,10.13836],[-67.91611,10.13826],[-67.91612,10.13785],[-67.91613,10.13752],[-67.91614,10.13739],[-67.91616,10.1373],[-67.91623,10.13714],[-67.91626,10.13706],[-67.91634,10.13695],[-67.91636,10.13691],[-67.91641,10.13683],[-67.91643,10.13675],[-67.91644,10.1367],[-67.91647,10.13667],[-67.91652,10.13663],[-67.91663,10.13654],[-67.91675,10.13646],[-67.91684,10.13636],[-67.91726,10.13571],[-67.91774,10.13506],[-67.91783,10.13488],[-67.91801,10.13444],[-67.91807,10.13433],[-67.91817,10.13408],[-67.91825,10.13383],[-67.91828,10.13377],[-67.91832,10.1337],[-67.91842,10.13357],[-67.91846,10.13349],[-67.9185,10.13342],[-67.91855,10.13333],[-67.91858,10.13326],[-67.91865,10.13314],[-67.91883,10.13285],[-67.91892,10.13273],[-67.91895,10.1327],[-67.91899,10.13267],[-67.91914,10.13258],[-67.91935,10.13243],[-67.91951,10.13232],[-67.91957,10.13226],[-67.9196,10.13222],[-67.91962,10.13218],[-67.91964,10.13213],[-67.91968,10.13208],[-67.91971,10.13206],[-67.91977,10.13203],[-67.91984,10.13199],[-67.91992,10.13196],[-67.92013,10.1319],[-67.92018,10.13188],[-67.92022,10.13185],[-67.92024,10.13182],[-67.92026,10.13179],[-67.92041,10.13141],[-67.92047,10.13122],[-67.92053,10.13095],[-67.9205,10.13094],[-67.92046,10.13091],[-67.92043,10.13086],[-67.92041,10.13082],[-67.92037,10.13065],[-67.92026,10.13003],[-67.92023,10.12989],[-67.92015,10.12962],[-67.92013,10.12954],[-67.92014,10.12948],[-67.92019,10.12924],[-67.9202,10.1292],[-67.92019,10.12912],[-67.92018,10.12906],[-67.92019,10.12901],[-67.9202,10.12895],[-67.92023,10.12885],[-67.9203,10.1287],[-67.92033,10.12863],[-67.92035,10.12855],[-67.92039,10.1283],[-67.92042,10.12804],[-67.92044,10.12786],[-67.92046,10.12757],[-67.92049,10.12725],[-67.92049,10.12707],[-67.92051,10.12687],[-67.92052,10.12673],[-67.92054,10.12634],[-67.92054,10.12621],[-67.92056,10.12608],[-67.92057,10.12599],[-67.92058,10.12587],[-67.9206,10.12546],[-67.92062,10.12515],[-67.92063,10.12483],[-67.92065,10.12464],[-67.92065,10.12448],[-67.92065,10.12429],[-67.92065,10.12414],[-67.92066,10.12396],[-67.92066,10.12382],[-67.92065,10.12372],[-67.92063,10.12356],[-67.92056,10.12321],[-67.92172,10.12277],[-67.92167,10.12218],[-67.92198,10.12205],[-67.92207,10.122],[-67.92214,10.12193],[-67.92222,10.12186],[-67.92231,10.12179],[-67.9234,10.12115],[-67.92395,10.12095],[-67.92431,10.12081],[-67.92438,10.12077],[-67.92443,10.12072],[-67.92454,10.12065],[-67.92454,10.12065],[-67.92464,10.12063]]]}},{"type":"Feature","properties":{"name":"San Diego","admin_level":"6","osm_id":10833245},"geometry":{"type":"Polygon","coordinates":[[[-67.98548,10.19008],[-67.9855,10.18989],[-67.9855,10.18981],[-67.98547,10.18974],[-67.98543,10.18966],[-67.98531,10.18954],[-67.98511,10.18931],[-67.98504,10.189],[-67.98498,10.18875],[-67.98487,10.18837],[-67.98481,10.18814],[-67.98469,10.1878],[-67.98468,10.18774],[-67.98466,10.18767],[-67.98464,10.18763],[-67.98465,10.18749],[-67.98464,10.18739],[-67.9846,10.18728],[-67.98458,10.18705],[-67.98451,10.18691],[-67.98446,10.18668],[-67.98459,10.18651],[-67.98466,10.18639],[-67.9847,10.18625],[-67.98473,10.18606],[-67.98472,10.18585],[-67.98473,10.18563],[-67.98469,10.18542],[-67.98476,10.18518],[-67.98481,10.18493],[-67.98484,10.18469],[-67.98488,10.18447],[-67.98481,10.18429],[-67.98472,10.1841],[-67.9849,10.18379],[-67.98503,10.18338],[-67.98516,10.18192],[-67.98529,10.18166],[-67.98627,10.18037],[-67.98545,10.18041],[-67.985,10.18046],[-67.98463,10.18055],[-67.98375,10.18082],[-67.98357,10.18088],[-67.98267,10.18124],[-67.98216,10.18145],[-67.98179,10.18159],[-67.98172,10.18162],[-67.98159,10.18166],[-67.9813,10.18176],[-67.9809,10.18189],[-67.98068,10.18195],[-67.98043,10.18202],[-67.98012,10.1821],[-67.97969,10.18221],[-67.9794,10.18227],[-67.97917,10.18232],[-67.97896,10.18236],[-67.97854,10.18243],[-67.97791,10.18253],[-67.97739,10.18262],[-67.97681,10.18272],[-67.97561,10.18291],[-67.97451,10.18309],[-67.97318,10.18331],[-67.9722,10.18346],[-67.97105,10.18364],[-67.97029,10.18376],[-67.96908,10.18396],[-67.968,10.18414],[-67.96786,10.18417],[-67.96708,10.1843],[-67.96577,10.18452],[-67.96462,10.18472],[-67.96443,10.18475],[-67.96343,10.18493],[-67.96204,10.18515],[-67.96092,10.18534],[-67.957,10.18598],[-67.95303,10.18663],[-67.95201,10.18681],[-67.95163,10.18689],[-67.9513,10.18696],[-67.95085,10.18708],[-67.9507,10.18712],[-67.95016,10.18727],[-67.94962,10.18743],[-67.9493,10.18754],[-67.94863,10.1878],[-67.94819,10.18798],[-67.94789,10.18812],[-67.94759,10.18825],[-67.94656,10.18873],[-67.94594,10.189],[-67.94513,10.18936],[-67.94424,10.18978],[-67.94362,10.1901],[-67.94341,10.1902],[-67.94299,10.19042],[-67.94276,10.19056],[-67.94238,10.19077],[-67.94225,10.19084],[-67.94197,10.19101],[-67.9417,10.19117],[-67.94122,10.19146],[-67.93898,10.19284],[-67.93868,10.19301],[-67.93818,10.19331],[-67.93766,10.19362],[-67.9374,10.19379],[-67.93702,10.19401],[-67.93669,10.1942],[-67.9361,10.19452],[-67.93582,10.19469],[-67.93544,10.1949],[-67.93528,10.19498],[-67.93515,10.19505],[-67.93497,10.19513],[-67.93483,10.19518],[-67.93465,10.19525],[-67.93389,10.19551],[-67.93352,10.19563],[-67.93347,10.19553],[-67.93316,10.19562],[-67.9329,10.19572],[-67.93263,10.19583],[-67.93222,10.19601],[-67.93204,10.1961],[-67.93182,10.19622],[-67.93159,10.19636],[-67.93141,10.19648],[-67.93117,10.19666],[-67.9309,10.19686],[-67.9305,10.1972],[-67.93023,10.19745],[-67.92987,10.19777],[-67.92981,10.19793],[-67.92904,10.19856],[-67.92862,10.19891],[-67.92797,10.19946],[-67.92713,10.20018],[-67.92694,10.20035],[-67.92658,10.20063],[-67.92625,10.20091],[-67.92597,10.20113],[-67.92559,10.20145],[-67.92537,10.20162],[-67.92507,10.20187],[-67.92486,10.20204],[-67.92454,10.2023],[-67.92418,10.20258],[-67.92374,10.20294],[-67.92328,10.20332],[-67.9229,10.20362],[-67.92262,10.20385],[-67.92207,10.2043],[-67.92153,10.20473],[-67.9211,10.20508],[-67.92074,10.20537],[-67.92022,10.20579],[-67.91986,10.20608],[-67.9196,10.20628],[-67.91922,10.20659],[-67.91893,10.20683],[-67.91852,10.20716],[-67.91811,10.20749],[-67.91777,10.20776],[-67.91722,10.20821],[-67.91707,10.20833],[-67.91678,10.20858],[-67.91638,10.2089],[-67.91598,10.20923],[-67.91569,10.20946],[-67.91524,10.20983],[-67.91421,10.21068],[-67.91261,10.21197],[-67.91225,10.21227],[-67.91201,10.21248],[-67.91177,10.21268],[-67.91142,10.21296],[-67.91092,10.21336],[-67.91051,10.2137],[-67.91027,10.2139],[-67.9098,10.21434],[-67.9095,10.21463],[-67.90924,10.2149],[-67.90885,10.21532],[-67.90858,10.21562],[-67.90913,10.21683],[-67.90938,10.21732],[-67.90963,10.21771],[-67.90986,10.21806],[-67.90995,10.21817],[-67.90989,10.21857],[-67.90983,10.21909],[-67.9098,10.21935],[-67.9098,10.21951],[-67.90981,10.21962],[-67.90984,10.21975],[-67.90991,10.21996],[-67.90998,10.2202],[-67.91001,10.22036],[-67.91003,10.22049],[-67.91002,10.22067],[-67.90999,10.22095],[-67.91031,10.22106],[-67.91043,10.22114],[-67.91054,10.22122],[-67.91061,10.22131],[-67.91067,10.2214],[-67.91082,10.22156],[-67.91099,10.22169],[-67.9112,10.22186],[-67.91134,10.22192],[-67.91145,10.22195],[-67.91169,10.22202],[-67.91186,10.22207],[-67.912,10.22211],[-67.91211,10.22217],[-67.91227,10.22227],[-67.91243,10.2224],[-67.91254,10.22252],[-67.91272,10.22277],[-67.91293,10.22318],[-67.91296,10.22331],[-67.91297,10.22346],[-67.91297,10.22361],[-67.91298,10.22379],[-67.91301,10.22417],[-67.91305,10.22447],[-67.91308,10.22464],[-67.91312,10.22474],[-67.91318,10.22485],[-67.91325,10.22492],[-67.91337,10.22503],[-67.91343,10.22516],[-67.91353,10.22528],[-67.9136,10.22534],[-67.91386,10.22551],[-67.91393,10.22558],[-67.91399,10.22567],[-67.91402,10.22577],[-67.91405,10.22587],[-67.9141,10.22597],[-67.91416,10.22605],[-67.91425,10.22615],[-67.9144,10.22633],[-67.91449,10.22652],[-67.91461,10.2267],[-67.91474,10.22687],[-67.91483,10.22699],[-67.9149,10.22705],[-67.91497,10.2271],[-67.91503,10.22713],[-67.91509,10.22716],[-67.9152,10.22721],[-67.91525,10.22726],[-67.91531,10.22736],[-67.91539,10.22747],[-67.91545,10.22754],[-67.91551,10.22756],[-67.91558,10.22758],[-67.91565,10.22758],[-67.9157,10.22758],[-67.91583,10.22757],[-67.91595,10.22751],[-67.91603,10.22748],[-67.91609,10.22747],[-67.91618,10.22744],[-67.91624,10.22743],[-67.91638,10.22744],[-67.91651,10.22751],[-67.91659,10.22758],[-67.91668,10.22768],[-67.91676,10.22781],[-67.91683,10.22789],[-67.91691,10.22795],[-67.91699,10.22803],[-67.91701,10.22809],[-67.917,10.22817],[-67.91692,10.22857],[-67.91693,10.22868],[-67.91695,10.22881],[-67.917,10.22909],[-67.91703,10.22922],[-67.91708,10.2293],[-67.91717,10.22941],[-67.91728,10.22952],[-67.91738,10.22965],[-67.91742,10.22971],[-67.91745,10.22981],[-67.91745,10.2299],[-67.91746,10.22997],[-67.91749,10.23002],[-67.91758,10.23015],[-67.91767,10.23024],[-67.91787,10.23037],[-67.91806,10.23047],[-67.91824,10.23056],[-67.91831,10.23058],[-67.91838,10.2306],[-67.91846,10.23062],[-67.91851,10.23064],[-67.91861,10.23069],[-67.91874,10.23075],[-67.91883,10.23077],[-67.91898,10.2308],[-67.91908,10.23084],[-67.91914,10.23089],[-67.9192,10.23098],[-67.91934,10.23109],[-67.91942,10.23143],[-67.91947,10.23168],[-67.91956,10.232],[-67.91963,10.23219],[-67.9197,10.23231],[-67.91978,10.23244],[-67.91985,10.23254],[-67.91989,10.23259],[-67.92002,10.23254],[-67.92015,10.23246],[-67.92026,10.23239],[-67.9204,10.23229],[-67.92055,10.23223],[-67.92077,10.23217],[-67.92089,10.23211],[-67.92102,10.23203],[-67.92113,10.23198],[-67.92133,10.23195],[-67.92148,10.2319],[-67.92165,10.23181],[-67.92176,10.23173],[-67.92181,10.23167],[-67.92185,10.2316],[-67.92188,10.23152],[-67.92197,10.23144],[-67.92209,10.23139],[-67.92221,10.23135],[-67.92235,10.23132],[-67.92248,10.23132],[-67.92257,10.23132],[-67.92264,10.23135],[-67.92269,10.23139],[-67.92274,10.23148],[-67.92283,10.23164],[-67.92303,10.23188],[-67.92355,10.23235],[-67.92365,10.23248],[-67.92369,10.23255],[-67.92373,10.23264],[-67.92377,10.2328],[-67.92377,10.23299],[-67.92386,10.2331],[-67.92392,10.23318],[-67.92398,10.23322],[-67.92405,10.23326],[-67.92414,10.23333],[-67.92422,10.23343],[-67.92426,10.23355],[-67.92428,10.23367],[-67.92431,10.2338],[-67.92435,10.2339],[-67.92446,10.23413],[-67.92456,10.23434],[-67.9246,10.23446],[-67.92465,10.2346],[-67.92474,10.23489],[-67.92486,10.23537],[-67.92494,10.23609],[-67.92523,10.23592],[-67.92547,10.23578],[-67.92568,10.23565],[-67.9258,10.23556],[-67.9259,10.23549],[-67.92604,10.23541],[-67.92619,10.23536],[-67.9263,10.23534],[-67.92642,10.23532],[-67.92678,10.23535],[-67.9272,10.23541],[-67.92765,10.23547],[-67.92786,10.23551],[-67.92801,10.23556],[-67.92816,10.23566],[-67.92825,10.23574],[-67.92852,10.23599],[-67.92872,10.23619],[-67.92892,10.2364],[-67.92909,10.2366],[-67.92894,10.23683],[-67.92883,10.23698],[-67.92877,10.2371],[-67.92869,10.23734],[-67.92866,10.23745],[-67.92866,10.23755],[-67.92868,10.23766],[-67.92871,10.23778],[-67.92883,10.23816],[-67.92888,10.23841],[-67.92889,10.23858],[-67.9289,10.23873],[-67.92894,10.23883],[-67.92901,10.23894],[-67.9291,10.23912],[-67.92923,10.23939],[-67.9293,10.2395],[-67.92937,10.2396],[-67.92943,10.23967],[-67.92949,10.23977],[-67.92953,10.23987],[-67.92962,10.24008],[-67.92994,10.2403],[-67.93023,10.24045],[-67.93044,10.24057],[-67.93057,10.24064],[-67.93057,10.24095],[-67.93059,10.24124],[-67.93059,10.24148],[-67.93057,10.24171],[-67.93056,10.24205],[-67.93054,10.24222],[-67.93052,10.24231],[-67.93047,10.24238],[-67.93044,10.24244],[-67.93037,10.24288],[-67.93049,10.24305],[-67.93055,10.24317],[-67.93058,10.24327],[-67.93062,10.24336],[-67.93064,10.24344],[-67.93067,10.24352],[-67.93068,10.24359],[-67.93068,10.24366],[-67.9307,10.24378],[-67.93073,10.24389],[-67.9308,10.24411],[-67.93092,10.24438],[-67.93108,10.24479],[-67.93104,10.24498],[-67.93102,10.24509],[-67.93102,10.2452],[-67.93104,10.24529],[-67.93106,10.24537],[-67.93107,10.24546],[-67.93107,10.24567],[-67.93106,10.24585],[-67.93104,10.24609],[-67.93104,10.24622],[-67.93106,10.24644],[-67.9311,10.24673],[-67.93125,10.24689],[-67.93144,10.2472],[-67.93152,10.24732],[-67.93155,10.2474],[-67.93158,10.24752],[-67.9316,10.24761],[-67.9316,10.24768],[-67.93158,10.24778],[-67.93158,10.24792],[-67.93169,10.2481],[-67.93178,10.24824],[-67.93188,10.24834],[-67.93183,10.24856],[-67.93183,10.24867],[-67.93183,10.24879],[-67.93181,10.2489],[-67.93177,10.249],[-67.93173,10.24906],[-67.93167,10.24912],[-67.93153,10.24924],[-67.9315,10.24928],[-67.93148,10.24934],[-67.93147,10.24942],[-67.93146,10.24955],[-67.93143,10.24963],[-67.9314,10.24977],[-67.93119,10.24992],[-67.93103,10.25007],[-67.93097,10.25011],[-67.93091,10.25014],[-67.93086,10.25015],[-67.93081,10.25017],[-67.93077,10.25019],[-67.93073,10.25024],[-67.93068,10.25029],[-67.93061,10.25033],[-67.93049,10.25039],[-67.93043,10.25044],[-67.93036,10.25048],[-67.93033,10.25051],[-67.93028,10.25056],[-67.93024,10.2506],[-67.93013,10.25068],[-67.92995,10.25076],[-67.92992,10.251],[-67.9299,10.25113],[-67.92987,10.25122],[-67.92983,10.25128],[-67.92979,10.25133],[-67.92968,10.25141],[-67.9296,10.25148],[-67.92954,10.25155],[-67.9295,10.2516],[-67.92947,10.25163],[-67.9294,10.25167],[-67.92933,10.25171],[-67.92928,10.25176],[-67.92926,10.2518],[-67.92925,10.25185],[-67.92922,10.25189],[-67.9292,10.25193],[-67.92917,10.25198],[-67.92911,10.25214],[-67.92908,10.25225],[-67.92906,10.25232],[-67.92905,10.2524],[-67.92905,10.2525],[-67.92906,10.25259],[-67.92908,10.25268],[-67.9291,10.25274],[-67.92913,10.25279],[-67.92916,10.25282],[-67.92917,10.25287],[-67.92918,10.25292],[-67.92918,10.25298],[-67.92916,10.25312],[-67.92911,10.25324],[-67.92905,10.25335],[-67.92892,10.25355],[-67.92883,10.25368],[-67.92875,10.25377],[-67.92864,10.25388],[-67.92848,10.25402],[-67.92825,10.25421],[-67.92813,10.25429],[-67.92808,10.25434],[-67.92798,10.25445],[-67.92779,10.25464],[-67.92772,10.25472],[-67.92767,10.2548],[-67.9276,10.25492],[-67.92753,10.25505],[-67.92746,10.25514],[-67.92728,10.25533],[-67.92735,10.25551],[-67.92747,10.25576],[-67.92758,10.25596],[-67.92765,10.25606],[-67.92768,10.25611],[-67.92771,10.25617],[-67.92773,10.25622],[-67.92774,10.25627],[-67.92775,10.25636],[-67.92776,10.25646],[-67.92777,10.25657],[-67.92775,10.25663],[-67.92775,10.25669],[-67.92775,10.25673],[-67.92775,10.25679],[-67.92777,10.25683],[-67.9278,10.25694],[-67.92781,10.25708],[-67.92783,10.25713],[-67.92786,10.25717],[-67.92789,10.25721],[-67.92801,10.2573],[-67.92819,10.25743],[-67.92828,10.25752],[-67.9283,10.25756],[-67.92832,10.2576],[-67.92833,10.25765],[-67.92837,10.2579],[-67.9284,10.25799],[-67.92844,10.25805],[-67.92862,10.25832],[-67.92869,10.25846],[-67.92874,10.25855],[-67.92878,10.25861],[-67.92882,10.25866],[-67.92888,10.25873],[-67.92894,10.25878],[-67.92902,10.25883],[-67.9291,10.25886],[-67.9292,10.25888],[-67.92948,10.25888],[-67.92955,10.25888],[-67.92959,10.25891],[-67.92963,10.25895],[-67.9299,10.25921],[-67.93007,10.25936],[-67.93017,10.25945],[-67.93028,10.25952],[-67.93043,10.2596],[-67.93049,10.25963],[-67.93057,10.25969],[-67.93061,10.25973],[-67.93064,10.25979],[-67.93068,10.2599],[-67.93073,10.25999],[-67.93082,10.26009],[-67.93089,10.26019],[-67.93093,10.26026],[-67.93096,10.26033],[-67.93096,10.26039],[-67.93096,10.26046],[-67.93097,10.26056],[-67.93099,10.26062],[-67.93109,10.26081],[-67.93112,10.2609],[-67.93114,10.26097],[-67.93116,10.26111],[-67.93119,10.26121],[-67.93121,10.26131],[-67.93128,10.26168],[-67.93132,10.26188],[-67.93136,10.26199],[-67.93142,10.26211],[-67.93145,10.26219],[-67.93147,10.26224],[-67.93148,10.26231],[-67.93147,10.26237],[-67.93145,10.26246],[-67.93134,10.26274],[-67.9313,10.26285],[-67.93125,10.26294],[-67.93118,10.26304],[-67.93109,10.26317],[-67.93095,10.26338],[-67.93091,10.26348],[-67.93088,10.26354],[-67.93088,10.26364],[-67.93089,10.26372],[-67.93093,10.26383],[-67.93095,10.2639],[-67.93097,10.26396],[-67.93097,10.26402],[-67.93096,10.26408],[-67.93092,10.26418],[-67.93086,10.26427],[-67.93068,10.26458],[-67.93058,10.26459],[-67.93044,10.26463],[-67.93036,10.26467],[-67.93029,10.26472],[-67.93022,10.26482],[-67.93016,10.26492],[-67.93022,10.26518],[-67.93028,10.26532],[-67.93036,10.26547],[-67.93046,10.26564],[-67.93056,10.26579],[-67.93068,10.26597],[-67.93071,10.26603],[-67.93072,10.26607],[-67.93073,10.26612],[-67.93073,10.26621],[-67.93071,10.26641],[-67.93071,10.2665],[-67.93071,10.26659],[-67.93073,10.26676],[-67.93074,10.26691],[-67.93076,10.26703],[-67.93078,10.26711],[-67.93082,10.26723],[-67.93086,10.26738],[-67.93094,10.26764],[-67.93097,10.26779],[-67.93097,10.26791],[-67.93094,10.26805],[-67.9309,10.26839],[-67.93085,10.26877],[-67.93077,10.26921],[-67.93075,10.26939],[-67.93076,10.26952],[-67.93082,10.26983],[-67.93084,10.27011],[-67.93085,10.27035],[-67.93083,10.27058],[-67.93081,10.27086],[-67.93081,10.271],[-67.93083,10.27111],[-67.93086,10.27119],[-67.93092,10.27129],[-67.93102,10.27143],[-67.93106,10.27153],[-67.93111,10.27177],[-67.93116,10.27195],[-67.93118,10.27215],[-67.93122,10.27247],[-67.93122,10.27285],[-67.93123,10.27343],[-67.93071,10.27362],[-67.93041,10.27376],[-67.93023,10.27388],[-67.92998,10.2741],[-67.92916,10.27471],[-67.92893,10.27481],[-67.92906,10.27558],[-67.92942,10.27747],[-67.9295,10.27788],[-67.92953,10.2781],[-67.92953,10.27822],[-67.92947,10.27837],[-67.92939,10.27851],[-67.92924,10.27874],[-67.9285,10.27973],[-67.92735,10.28113],[-67.92725,10.2813],[-67.92717,10.28157],[-67.92695,10.2822],[-67.92679,10.28277],[-67.9267,10.28307],[-67.92661,10.28321],[-67.92649,10.28333],[-67.92626,10.28355],[-67.9261,10.28378],[-67.92596,10.28403],[-67.9259,10.2842],[-67.92585,10.28434],[-67.92574,10.28462],[-67.92564,10.28491],[-67.92561,10.28502],[-67.92555,10.28525],[-67.92543,10.28577],[-67.92538,10.2861],[-67.92534,10.28626],[-67.92532,10.28637],[-67.92529,10.28645],[-67.92526,10.28655],[-67.92525,10.28663],[-67.92526,10.28671],[-67.92528,10.28681],[-67.92536,10.28706],[-67.92543,10.28732],[-67.92545,10.28747],[-67.92545,10.28757],[-67.92544,10.28764],[-67.92542,10.28773],[-67.9252,10.28816],[-67.92515,10.28828],[-67.92513,10.28841],[-67.92513,10.2885],[-67.92515,10.2886],[-67.92517,10.2887],[-67.92518,10.28884],[-67.92518,10.28904],[-67.92519,10.28921],[-67.92521,10.28944],[-67.92522,10.28964],[-67.92524,10.28978],[-67.92523,10.28987],[-67.92519,10.28997],[-67.92512,10.29022],[-67.92508,10.29043],[-67.92504,10.29061],[-67.92507,10.29074],[-67.92508,10.29086],[-67.9251,10.29097],[-67.92508,10.29107],[-67.92506,10.29121],[-67.92504,10.29134],[-67.925,10.2916],[-67.92519,10.29182],[-67.92529,10.29197],[-67.92541,10.29217],[-67.92561,10.29243],[-67.9257,10.29255],[-67.92574,10.29263],[-67.92577,10.29273],[-67.92577,10.29283],[-67.92576,10.29296],[-67.92569,10.29321],[-67.92562,10.29339],[-67.92558,10.29349],[-67.92552,10.29358],[-67.92544,10.29366],[-67.92537,10.29375],[-67.92533,10.29384],[-67.92528,10.29393],[-67.92525,10.29405],[-67.92523,10.29408],[-67.92521,10.29413],[-67.92517,10.29418],[-67.92508,10.29424],[-67.9249,10.29431],[-67.92468,10.29441],[-67.92459,10.29449],[-67.9245,10.29458],[-67.92444,10.29464],[-67.92433,10.29473],[-67.9242,10.29482],[-67.92406,10.29488],[-67.92392,10.29491],[-67.92381,10.29495],[-67.92372,10.29502],[-67.92365,10.2951],[-67.92359,10.29519],[-67.9235,10.29531],[-67.92343,10.2954],[-67.92332,10.29552],[-67.92323,10.29558],[-67.92311,10.29567],[-67.9229,10.2958],[-67.92281,10.2959],[-67.92276,10.29596],[-67.92269,10.29603],[-67.92258,10.29612],[-67.92216,10.29646],[-67.92208,10.29657],[-67.92204,10.29669],[-67.92201,10.29678],[-67.92197,10.29698],[-67.92193,10.29724],[-67.92189,10.29743],[-67.92189,10.29755],[-67.92194,10.29779],[-67.92197,10.29802],[-67.92198,10.29827],[-67.92195,10.29858],[-67.9219,10.29875],[-67.92184,10.29884],[-67.92177,10.29894],[-67.92168,10.29905],[-67.92158,10.29914],[-67.92143,10.29927],[-67.92136,10.29938],[-67.92129,10.29948],[-67.92125,10.29955],[-67.92122,10.29965],[-67.92119,10.29976],[-67.92116,10.29992],[-67.92111,10.3002],[-67.9211,10.30035],[-67.92111,10.30053],[-67.92113,10.30064],[-67.92114,10.30078],[-67.92115,10.30087],[-67.92113,10.30098],[-67.92108,10.30108],[-67.92103,10.30117],[-67.92089,10.30133],[-67.92061,10.30161],[-67.92049,10.30176],[-67.92043,10.30184],[-67.92038,10.30193],[-67.92033,10.30202],[-67.92027,10.30219],[-67.92023,10.30225],[-67.92017,10.30234],[-67.92013,10.30243],[-67.9201,10.30254],[-67.92011,10.30262],[-67.92011,10.30269],[-67.92011,10.30278],[-67.92008,10.30284],[-67.92003,10.30292],[-67.91999,10.30297],[-67.91993,10.30307],[-67.91992,10.30316],[-67.91993,10.3033],[-67.91997,10.30359],[-67.91999,10.3037],[-67.91999,10.30385],[-67.91995,10.30402],[-67.91988,10.30416],[-67.91982,10.30425],[-67.91976,10.30435],[-67.9197,10.30445],[-67.91967,10.30459],[-67.91964,10.3047],[-67.9196,10.30477],[-67.91952,10.30486],[-67.91941,10.30495],[-67.91934,10.30504],[-67.91928,10.30513],[-67.91923,10.30523],[-67.9192,10.30536],[-67.91919,10.30548],[-67.91921,10.30563],[-67.91923,10.30581],[-67.91923,10.30594],[-67.91921,10.30611],[-67.91916,10.30623],[-67.9191,10.30632],[-67.91901,10.30642],[-67.91888,10.30653],[-67.91874,10.30667],[-67.91865,10.30678],[-67.91859,10.30688],[-67.91853,10.30702],[-67.9185,10.30718],[-67.91844,10.30741],[-67.91843,10.30752],[-67.9184,10.30761],[-67.91835,10.30769],[-67.91829,10.30776],[-67.91818,10.30783],[-67.91806,10.30788],[-67.91796,10.30793],[-67.91788,10.308],[-67.91782,10.30809],[-67.91778,10.3082],[-67.91768,10.30844],[-67.9176,10.30862],[-67.91757,10.30876],[-67.91748,10.30911],[-67.91737,10.30941],[-67.91728,10.30967],[-67.9172,10.3098],[-67.91714,10.30987],[-67.91709,10.30992],[-67.91701,10.30997],[-67.91693,10.31001],[-67.91682,10.31007],[-67.91674,10.31014],[-67.91671,10.31019],[-67.91668,10.31026],[-67.91661,10.31043],[-67.91656,10.31056],[-67.91648,10.31071],[-67.91628,10.31107],[-67.91623,10.31116],[-67.91617,10.31123],[-67.9161,10.31129],[-67.91602,10.31134],[-67.91594,10.3114],[-67.91586,10.31147],[-67.91577,10.31156],[-67.91563,10.31174],[-67.91544,10.3119],[-67.91521,10.3121],[-67.91502,10.31229],[-67.91487,10.31247],[-67.91466,10.3127],[-67.91455,10.31286],[-67.91448,10.31297],[-67.91439,10.3132],[-67.91435,10.31332],[-67.91433,10.31342],[-67.91431,10.3135],[-67.91426,10.31358],[-67.91416,10.31367],[-67.91397,10.31382],[-67.91387,10.31394],[-67.9138,10.31405],[-67.91363,10.31441],[-67.91358,10.31458],[-67.91355,10.31469],[-67.91352,10.31481],[-67.91352,10.31488],[-67.91353,10.31497],[-67.91355,10.31506],[-67.91356,10.31515],[-67.91353,10.31531],[-67.91343,10.31557],[-67.91331,10.31585],[-67.9132,10.31612],[-67.91311,10.31633],[-67.91303,10.31659],[-67.91295,10.3168],[-67.91292,10.31695],[-67.9129,10.31714],[-67.91288,10.3173],[-67.91285,10.31757],[-67.91279,10.31776],[-67.91272,10.3179],[-67.91265,10.31803],[-67.91257,10.31814],[-67.91244,10.31829],[-67.91259,10.31858],[-67.91271,10.31886],[-67.91277,10.31898],[-67.91282,10.31905],[-67.91287,10.31913],[-67.91292,10.31919],[-67.91298,10.31929],[-67.91302,10.31937],[-67.91304,10.31946],[-67.91307,10.31964],[-67.91309,10.31989],[-67.91309,10.32005],[-67.91311,10.32015],[-67.91315,10.32022],[-67.9132,10.3203],[-67.91326,10.32038],[-67.91334,10.32048],[-67.91348,10.32064],[-67.91355,10.32096],[-67.91356,10.32117],[-67.91358,10.32137],[-67.91359,10.32153],[-67.91359,10.32164],[-67.91362,10.32176],[-67.91365,10.32186],[-67.91368,10.32194],[-67.91377,10.3221],[-67.91378,10.32222],[-67.91374,10.32229],[-67.9137,10.32235],[-67.91363,10.32241],[-67.9134,10.32257],[-67.91331,10.32265],[-67.91323,10.32275],[-67.91316,10.32285],[-67.91312,10.32297],[-67.91306,10.32308],[-67.91301,10.32316],[-67.91294,10.32321],[-67.91288,10.32324],[-67.9127,10.32333],[-67.91258,10.32337],[-67.91257,10.32352],[-67.91254,10.32361],[-67.9125,10.32371],[-67.91245,10.3238],[-67.91242,10.3239],[-67.91237,10.324],[-67.91233,10.32412],[-67.9123,10.32422],[-67.91228,10.32436],[-67.91227,10.32444],[-67.91228,10.32452],[-67.91232,10.3246],[-67.91235,10.32467],[-67.91237,10.32475],[-67.91244,10.325],[-67.9125,10.32536],[-67.91274,10.32539],[-67.91284,10.32544],[-67.91292,10.32551],[-67.91296,10.32558],[-67.91301,10.32566],[-67.91307,10.32575],[-67.91317,10.32586],[-67.91322,10.32593],[-67.91327,10.32601],[-67.91332,10.32611],[-67.91333,10.32618],[-67.91335,10.3263],[-67.91339,10.3264],[-67.91346,10.32651],[-67.91355,10.32657],[-67.9137,10.32666],[-67.91384,10.3267],[-67.91393,10.32675],[-67.91401,10.32681],[-67.91407,10.32693],[-67.91412,10.32704],[-67.91416,10.32713],[-67.91422,10.32721],[-67.91427,10.3273],[-67.91431,10.32737],[-67.9144,10.32745],[-67.91446,10.3275],[-67.91458,10.32755],[-67.91468,10.32762],[-67.91476,10.32771],[-67.91482,10.32782],[-67.91501,10.32818],[-67.91529,10.32827],[-67.91541,10.32832],[-67.91549,10.32836],[-67.91558,10.32842],[-67.91568,10.3285],[-67.91573,10.32858],[-67.91585,10.32879],[-67.91591,10.32899],[-67.91599,10.32919],[-67.91605,10.32927],[-67.91609,10.32935],[-67.91611,10.32945],[-67.91612,10.32953],[-67.91612,10.32961],[-67.91612,10.32968],[-67.91612,10.32976],[-67.91618,10.32987],[-67.91622,10.32994],[-67.91639,10.33015],[-67.91659,10.33028],[-67.91671,10.33035],[-67.91681,10.33038],[-67.91692,10.3304],[-67.91709,10.33044],[-67.91719,10.33049],[-67.91727,10.33055],[-67.9174,10.33064],[-67.91752,10.33074],[-67.91759,10.33084],[-67.91764,10.33093],[-67.91767,10.33106],[-67.91771,10.33121],[-67.91775,10.33133],[-67.91782,10.33142],[-67.91796,10.33157],[-67.91817,10.33184],[-67.9183,10.33196],[-67.91841,10.33203],[-67.91854,10.3321],[-67.91864,10.33214],[-67.91875,10.3322],[-67.91883,10.33227],[-67.91892,10.33236],[-67.91903,10.33247],[-67.91916,10.33258],[-67.91927,10.33265],[-67.91944,10.33275],[-67.92025,10.33312],[-67.92018,10.33339],[-67.92009,10.33379],[-67.92006,10.33403],[-67.92006,10.33423],[-67.92002,10.3344],[-67.91999,10.33453],[-67.91997,10.33463],[-67.91999,10.33469],[-67.92002,10.33476],[-67.92008,10.33482],[-67.92012,10.33487],[-67.92016,10.33494],[-67.92019,10.33505],[-67.92024,10.33528],[-67.92032,10.33559],[-67.92037,10.33582],[-67.92044,10.33617],[-67.92046,10.33652],[-67.92047,10.33689],[-67.92052,10.3373],[-67.92053,10.33753],[-67.92051,10.33776],[-67.92048,10.33796],[-67.92045,10.33808],[-67.92043,10.3382],[-67.92044,10.3383],[-67.92047,10.33839],[-67.92051,10.33849],[-67.92061,10.33865],[-67.92077,10.33892],[-67.92085,10.33906],[-67.92097,10.33947],[-67.92105,10.33986],[-67.92111,10.34011],[-67.92135,10.34019],[-67.92158,10.34027],[-67.92181,10.34037],[-67.92189,10.34059],[-67.92194,10.3407],[-67.92201,10.34079],[-67.92209,10.34086],[-67.92224,10.34095],[-67.92237,10.34104],[-67.92242,10.3411],[-67.92247,10.3412],[-67.92253,10.34127],[-67.92258,10.34132],[-67.92265,10.34139],[-67.92269,10.34143],[-67.92274,10.34151],[-67.92277,10.34157],[-67.92285,10.34171],[-67.9229,10.34185],[-67.92294,10.34195],[-67.923,10.34203],[-67.92306,10.34211],[-67.92313,10.34216],[-67.9233,10.34224],[-67.92341,10.3423],[-67.92341,10.34262],[-67.92342,10.3428],[-67.92356,10.34291],[-67.92364,10.34301],[-67.9237,10.34311],[-67.92376,10.34322],[-67.92381,10.34331],[-67.92386,10.3434],[-67.92392,10.34347],[-67.92402,10.34353],[-67.92412,10.3436],[-67.92426,10.34369],[-67.92444,10.3438],[-67.92452,10.34387],[-67.92457,10.34394],[-67.92461,10.34402],[-67.92462,10.34408],[-67.92464,10.34418],[-67.92463,10.34426],[-67.9246,10.34435],[-67.92451,10.34454],[-67.92446,10.34464],[-67.92442,10.34474],[-67.9244,10.34482],[-67.92429,10.34486],[-67.92422,10.34492],[-67.92418,10.34496],[-67.92424,10.34508],[-67.92427,10.3452],[-67.92429,10.34529],[-67.9243,10.3454],[-67.9243,10.34548],[-67.9243,10.34556],[-67.92431,10.34564],[-67.92431,10.34573],[-67.92429,10.34584],[-67.92423,10.34596],[-67.92408,10.34626],[-67.92399,10.34644],[-67.92396,10.34658],[-67.92397,10.34668],[-67.92399,10.3468],[-67.92401,10.34689],[-67.92401,10.347],[-67.92398,10.34714],[-67.92394,10.34732],[-67.92394,10.34744],[-67.92394,10.34754],[-67.92395,10.34763],[-67.92399,10.34797],[-67.92402,10.34811],[-67.92407,10.34823],[-67.92414,10.34835],[-67.92421,10.3485],[-67.92427,10.34858],[-67.92435,10.34867],[-67.92448,10.34877],[-67.9246,10.34886],[-67.92498,10.34913],[-67.92495,10.34939],[-67.92492,10.34958],[-67.92491,10.34971],[-67.92492,10.34985],[-67.92495,10.35],[-67.92499,10.35019],[-67.92506,10.35053],[-67.92512,10.35076],[-67.92517,10.3509],[-67.92522,10.35099],[-67.92527,10.35108],[-67.92533,10.35116],[-67.92538,10.35124],[-67.92544,10.35134],[-67.92548,10.35147],[-67.92549,10.35157],[-67.92548,10.35166],[-67.92544,10.35178],[-67.9254,10.3519],[-67.9254,10.35201],[-67.92541,10.35212],[-67.92544,10.35231],[-67.92545,10.3525],[-67.92545,10.35268],[-67.92543,10.35291],[-67.92541,10.35322],[-67.9254,10.35344],[-67.92543,10.3536],[-67.92547,10.35378],[-67.92558,10.35401],[-67.9257,10.35425],[-67.92586,10.35449],[-67.92609,10.35485],[-67.92642,10.35534],[-67.92672,10.35586],[-67.92711,10.35661],[-67.9273,10.35693],[-67.92745,10.35718],[-67.92753,10.3574],[-67.92758,10.3576],[-67.92764,10.35801],[-67.92777,10.35868],[-67.9279,10.35932],[-67.92804,10.35985],[-67.9282,10.36022],[-67.9283,10.36052],[-67.92851,10.36113],[-67.92904,10.3612],[-67.92931,10.36121],[-67.92967,10.36121],[-67.93005,10.36112],[-67.93047,10.361],[-67.93087,10.36088],[-67.93128,10.36084],[-67.93182,10.36087],[-67.93265,10.36096],[-67.93375,10.36087],[-67.9343,10.36086],[-67.93498,10.36092],[-67.93562,10.36103],[-67.93632,10.36126],[-67.93681,10.36151],[-67.93769,10.36179],[-67.93834,10.36161],[-67.93859,10.36093],[-67.93881,10.36033],[-67.93903,10.35962],[-67.93936,10.35902],[-67.93957,10.35867],[-67.93984,10.35831],[-67.94012,10.35799],[-67.94049,10.35762],[-67.94086,10.35719],[-67.94144,10.35636],[-67.94156,10.35552],[-67.94165,10.35482],[-67.94181,10.35401],[-67.94188,10.35339],[-67.94183,10.35257],[-67.94188,10.35201],[-67.94185,10.35139],[-67.94182,10.35109],[-67.9419,10.3508],[-67.942,10.35056],[-67.94225,10.35023],[-67.94252,10.34997],[-67.94308,10.3493],[-67.94389,10.34817],[-67.94459,10.34725],[-67.94458,10.34652],[-67.94458,10.34602],[-67.94454,10.3456],[-67.9445,10.34528],[-67.94448,10.34505],[-67.94452,10.34479],[-67.94466,10.34425],[-67.94475,10.34372],[-67.94475,10.34266],[-67.94473,10.34208],[-67.94475,10.34144],[-67.94476,10.34106],[-67.94479,10.34053],[-67.94482,10.34019],[-67.94487,10.33992],[-67.94499,10.33961],[-67.94518,10.33926],[-67.94539,10.33879],[-67.94562,10.33811],[-67.94608,10.33713],[-67.94637,10.33696],[-67.9468,10.33672],[-67.94741,10.3363],[-67.94776,10.33606],[-67.94808,10.33577],[-67.94847,10.3354],[-67.94891,10.33501],[-67.94919,10.33486],[-67.94952,10.33477],[-67.94983,10.33474],[-67.95024,10.3347],[-67.95126,10.33473],[-67.95171,10.33487],[-67.95229,10.33505],[-67.9529,10.33527],[-67.95341,10.33545],[-67.95417,10.33575],[-67.95488,10.33607],[-67.95523,10.33626],[-67.9555,10.33647],[-67.95583,10.33666],[-67.95616,10.33678],[-67.95661,10.33692],[-67.95712,10.33712],[-67.95743,10.33729],[-67.95774,10.33747],[-67.95813,10.33771],[-67.95839,10.33789],[-67.95859,10.33802],[-67.95895,10.33824],[-67.95921,10.33831],[-67.95947,10.33839],[-67.95986,10.33843],[-67.96028,10.33839],[-67.96062,10.33835],[-67.9613,10.33819],[-67.96263,10.33796],[-67.9632,10.33785],[-67.96348,10.33775],[-67.9638,10.33758],[-67.96405,10.33739],[-67.96434,10.33714],[-67.96462,10.33677],[-67.96488,10.33633],[-67.96528,10.33559],[-67.96546,10.33535],[-67.96572,10.33515],[-67.96609,10.33496],[-67.96645,10.33478],[-67.96689,10.33464],[-67.9676,10.33445],[-67.96825,10.33468],[-67.96861,10.33427],[-67.96891,10.33395],[-67.96904,10.33381],[-67.96918,10.33364],[-67.96931,10.33344],[-67.96949,10.33298],[-67.96974,10.33244],[-67.96993,10.33207],[-67.97011,10.3317],[-67.97028,10.33136],[-67.97044,10.33106],[-67.97067,10.33067],[-67.97089,10.33036],[-67.9713,10.3299],[-67.97154,10.32967],[-67.97164,10.32945],[-67.97174,10.32912],[-67.97178,10.32896],[-67.97189,10.32876],[-67.97202,10.32855],[-67.97225,10.32827],[-67.97252,10.32798],[-67.97278,10.32775],[-67.97324,10.32728],[-67.97374,10.32679],[-67.97393,10.3266],[-67.97403,10.32646],[-67.97405,10.32631],[-67.97406,10.3259],[-67.97403,10.32534],[-67.97403,10.32521],[-67.97406,10.32508],[-67.97412,10.32495],[-67.97419,10.32478],[-67.97413,10.32468],[-67.97411,10.32461],[-67.97408,10.32452],[-67.97408,10.32441],[-67.97407,10.32426],[-67.97406,10.32401],[-67.97405,10.32388],[-67.97408,10.32369],[-67.97412,10.32334],[-67.97416,10.32315],[-67.9742,10.32304],[-67.97427,10.32288],[-67.97434,10.32266],[-67.97438,10.32245],[-67.9744,10.32234],[-67.97439,10.32226],[-67.97438,10.32217],[-67.97439,10.32209],[-67.97441,10.32202],[-67.97446,10.32195],[-67.97452,10.32186],[-67.97454,10.3218],[-67.97454,10.32173],[-67.97455,10.32167],[-67.97456,10.3216],[-67.97461,10.32152],[-67.97467,10.32143],[-67.9748,10.3213],[-67.97486,10.32124],[-67.97491,10.32117],[-67.97497,10.32108],[-67.97502,10.32098],[-67.97505,10.32088],[-67.97509,10.32077],[-67.97515,10.32064],[-67.97524,10.32048],[-67.97526,10.32044],[-67.97529,10.32029],[-67.97529,10.32015],[-67.97529,10.32002],[-67.97529,10.3199],[-67.97528,10.31979],[-67.97526,10.31971],[-67.97527,10.31964],[-67.97529,10.31958],[-67.97533,10.31947],[-67.97536,10.31937],[-67.97543,10.3193],[-67.97565,10.31917],[-67.97568,10.31902],[-67.9757,10.31887],[-67.97575,10.31876],[-67.97579,10.31866],[-67.97581,10.31862],[-67.97589,10.31857],[-67.97596,10.31852],[-67.97602,10.31848],[-67.97605,10.31845],[-67.97606,10.31839],[-67.97604,10.3183],[-67.976,10.31823],[-67.97594,10.31815],[-67.97589,10.31806],[-67.97585,10.31784],[-67.97582,10.31762],[-67.97582,10.31748],[-67.97581,10.31737],[-67.9758,10.31727],[-67.97578,10.31717],[-67.97577,10.31708],[-67.97572,10.31696],[-67.97563,10.31688],[-67.97555,10.31681],[-67.9755,10.31673],[-67.97548,10.31666],[-67.97546,10.31656],[-67.97548,10.31644],[-67.97549,10.31637],[-67.97551,10.31628],[-67.9755,10.31615],[-67.97547,10.31603],[-67.97544,10.31595],[-67.97538,10.31589],[-67.97527,10.31584],[-67.97523,10.31581],[-67.97519,10.31575],[-67.97516,10.31567],[-67.97515,10.31561],[-67.97514,10.31553],[-67.97514,10.31547],[-67.97515,10.31538],[-67.97516,10.3153],[-67.97515,10.31517],[-67.97511,10.31505],[-67.97504,10.31493],[-67.97497,10.31482],[-67.97491,10.31474],[-67.97484,10.31461],[-67.9748,10.31449],[-67.97478,10.31436],[-67.97477,10.31412],[-67.97474,10.31399],[-67.97468,10.31384],[-67.9746,10.31371],[-67.97457,10.31362],[-67.97454,10.31352],[-67.97449,10.31342],[-67.97438,10.31333],[-67.97426,10.31326],[-67.97418,10.31323],[-67.97408,10.3132],[-67.974,10.31318],[-67.97393,10.31317],[-67.97388,10.31314],[-67.97383,10.31305],[-67.9738,10.31294],[-67.97375,10.31279],[-67.97371,10.31268],[-67.97368,10.31261],[-67.97365,10.31252],[-67.97362,10.3124],[-67.9736,10.31226],[-67.9736,10.31216],[-67.9736,10.31209],[-67.97359,10.31202],[-67.97354,10.31194],[-67.97347,10.31185],[-67.97333,10.31169],[-67.97311,10.31143],[-67.97295,10.31123],[-67.97285,10.3111],[-67.97277,10.31096],[-67.97269,10.31079],[-67.97263,10.31063],[-67.97257,10.31045],[-67.97255,10.31036],[-67.97254,10.31025],[-67.97254,10.31015],[-67.97254,10.31007],[-67.97251,10.30998],[-67.97247,10.30992],[-67.9724,10.30983],[-67.97225,10.30966],[-67.97219,10.30958],[-67.97216,10.30948],[-67.97214,10.30935],[-67.97214,10.30923],[-67.97214,10.30913],[-67.97215,10.30901],[-67.97221,10.30886],[-67.97231,10.30867],[-67.97236,10.30855],[-67.97238,10.30844],[-67.97237,10.30833],[-67.97235,10.3082],[-67.97234,10.30806],[-67.97236,10.30796],[-67.97239,10.30784],[-67.97247,10.30763],[-67.97254,10.30743],[-67.97258,10.30727],[-67.9726,10.3072],[-67.97261,10.30712],[-67.97259,10.30702],[-67.9726,10.30692],[-67.97262,10.30681],[-67.97266,10.3067],[-67.97272,10.30653],[-67.97274,10.30641],[-67.97275,10.30629],[-67.97274,10.30619],[-67.97268,10.30584],[-67.97255,10.3057],[-67.97246,10.3056],[-67.97237,10.30549],[-67.97224,10.30536],[-67.97218,10.30527],[-67.97213,10.30519],[-67.97208,10.30511],[-67.97203,10.30503],[-67.97197,10.30497],[-67.97189,10.30491],[-67.9718,10.30485],[-67.97168,10.30472],[-67.97181,10.30456],[-67.97191,10.30445],[-67.97199,10.30438],[-67.97207,10.30433],[-67.97215,10.3043],[-67.97225,10.30427],[-67.97235,10.30423],[-67.97249,10.30411],[-67.97265,10.30393],[-67.97274,10.30382],[-67.97286,10.30367],[-67.97295,10.30351],[-67.97304,10.30329],[-67.9731,10.30311],[-67.97312,10.30289],[-67.97313,10.30262],[-67.97309,10.30237],[-67.97303,10.30205],[-67.97301,10.30181],[-67.97303,10.30158],[-67.97307,10.30142],[-67.97313,10.30131],[-67.9732,10.30119],[-67.97331,10.30107],[-67.97339,10.30078],[-67.97343,10.30052],[-67.97346,10.30038],[-67.9735,10.30018],[-67.9735,10.2999],[-67.97351,10.29964],[-67.97355,10.29941],[-67.97361,10.29897],[-67.97366,10.29863],[-67.97372,10.29841],[-67.97374,10.29829],[-67.97383,10.29815],[-67.97397,10.29794],[-67.9739,10.29745],[-67.97389,10.29739],[-67.97389,10.2973],[-67.97391,10.29721],[-67.97396,10.29706],[-67.97408,10.2969],[-67.97433,10.29662],[-67.97439,10.29655],[-67.97445,10.29644],[-67.97453,10.29622],[-67.97459,10.29609],[-67.97464,10.29604],[-67.97469,10.296],[-67.97479,10.29598],[-67.97497,10.29594],[-67.97516,10.29592],[-67.97535,10.29593],[-67.9755,10.29596],[-67.97575,10.29591],[-67.97605,10.29586],[-67.97637,10.29585],[-67.9764,10.29568],[-67.97643,10.29559],[-67.97647,10.29551],[-67.97655,10.29543],[-67.97666,10.29535],[-67.97676,10.29524],[-67.97684,10.29515],[-67.97692,10.29508],[-67.97706,10.295],[-67.97725,10.29491],[-67.97733,10.29485],[-67.97739,10.29478],[-67.97748,10.29464],[-67.97755,10.29457],[-67.97764,10.29451],[-67.97771,10.29448],[-67.97784,10.29446],[-67.97804,10.29447],[-67.9784,10.29453],[-67.9788,10.2946],[-67.97911,10.2947],[-67.97921,10.29473],[-67.97932,10.29474],[-67.97942,10.29472],[-67.97952,10.29469],[-67.97961,10.29464],[-67.97969,10.29458],[-67.97979,10.29453],[-67.97991,10.29449],[-67.98015,10.29449],[-67.98049,10.29453],[-67.98062,10.29426],[-67.98068,10.29418],[-67.98073,10.29412],[-67.9808,10.29408],[-67.9809,10.29405],[-67.98105,10.29404],[-67.98125,10.29402],[-67.98164,10.29402],[-67.98227,10.29404],[-67.98234,10.29398],[-67.98247,10.2939],[-67.98272,10.29378],[-67.983,10.29363],[-67.98317,10.2934],[-67.98337,10.29315],[-67.9834,10.29293],[-67.98342,10.2928],[-67.98345,10.29269],[-67.9835,10.29259],[-67.98358,10.29247],[-67.98371,10.29221],[-67.98382,10.29202],[-67.9839,10.2919],[-67.98399,10.29179],[-67.98406,10.29171],[-67.98416,10.2916],[-67.98433,10.29144],[-67.98448,10.29129],[-67.98459,10.29122],[-67.98463,10.29119],[-67.98471,10.29117],[-67.98482,10.29114],[-67.98502,10.29112],[-67.98505,10.29102],[-67.98508,10.29092],[-67.98511,10.2908],[-67.98515,10.29063],[-67.98518,10.29053],[-67.98519,10.29048],[-67.98523,10.29041],[-67.98531,10.29032],[-67.98537,10.29023],[-67.98543,10.29015],[-67.98548,10.29006],[-67.98557,10.2899],[-67.98552,10.28976],[-67.9855,10.2897],[-67.98549,10.28965],[-67.98549,10.2896],[-67.9855,10.28955],[-67.98553,10.28939],[-67.98555,10.28925],[-67.98556,10.28916],[-67.98557,10.28907],[-67.98559,10.28898],[-67.98561,10.28894],[-67.98564,10.2889],[-67.98568,10.28887],[-67.98574,10.28886],[-67.98579,10.28885],[-67.98583,10.28883],[-67.98588,10.28877],[-67.98592,10.28871],[-67.98597,10.28862],[-67.98604,10.28856],[-67.98612,10.28849],[-67.98623,10.28841],[-67.98627,10.28836],[-67.98631,10.2883],[-67.98634,10.28822],[-67.98636,10.28811],[-67.98637,10.28799],[-67.98653,10.28798],[-67.98669,10.28797],[-67.98691,10.28798],[-67.98705,10.28784],[-67.98715,10.28774],[-67.98726,10.28763],[-67.98733,10.28754],[-67.98739,10.28747],[-67.9875,10.2874],[-67.98764,10.28734],[-67.98779,10.28726],[-67.98785,10.28721],[-67.9879,10.28714],[-67.98799,10.28698],[-67.98809,10.28678],[-67.98816,10.28668],[-67.98821,10.28661],[-67.98831,10.28652],[-67.98841,10.28643],[-67.98851,10.28633],[-67.98868,10.28615],[-67.98884,10.28594],[-67.98899,10.28573],[-67.98912,10.28555],[-67.98922,10.28536],[-67.98929,10.28525],[-67.98933,10.28518],[-67.98939,10.28511],[-67.98951,10.28505],[-67.98974,10.28492],[-67.98982,10.28487],[-67.98996,10.28478],[-67.99006,10.2847],[-67.99013,10.2846],[-67.9902,10.28449],[-67.99027,10.28436],[-67.99032,10.28426],[-67.9904,10.2841],[-67.99044,10.28395],[-67.99046,10.28379],[-67.99046,10.28372],[-67.99048,10.28363],[-67.99051,10.28355],[-67.99058,10.28347],[-67.9907,10.28336],[-67.99079,10.28328],[-67.99086,10.28317],[-67.99095,10.28304],[-67.99105,10.28288],[-67.99115,10.28273],[-67.99122,10.28267],[-67.99131,10.28261],[-67.99141,10.28257],[-67.99156,10.28255],[-67.99165,10.28242],[-67.99172,10.28231],[-67.99177,10.2822],[-67.99182,10.28206],[-67.99186,10.28188],[-67.9919,10.28169],[-67.99192,10.2816],[-67.99195,10.2815],[-67.99201,10.2814],[-67.99206,10.2813],[-67.99214,10.28117],[-67.99221,10.28106],[-67.99227,10.28097],[-67.99234,10.28087],[-67.99263,10.28056],[-67.9925,10.28033],[-67.99236,10.28006],[-67.99224,10.27989],[-67.99216,10.27969],[-67.9921,10.27951],[-67.99199,10.27925],[-67.9918,10.27884],[-67.99166,10.27859],[-67.99162,10.27844],[-67.9916,10.27821],[-67.99159,10.27804],[-67.99162,10.27777],[-67.9917,10.27744],[-67.99185,10.27682],[-67.9919,10.27647],[-67.99189,10.27629],[-67.99186,10.27614],[-67.9918,10.27601],[-67.99172,10.27586],[-67.99157,10.27565],[-67.9914,10.27531],[-67.99181,10.27459],[-67.99186,10.27447],[-67.99187,10.27433],[-67.99184,10.2742],[-67.99178,10.27406],[-67.99171,10.27381],[-67.99169,10.27361],[-67.99169,10.27341],[-67.99174,10.27315],[-67.99178,10.27299],[-67.9918,10.2729],[-67.99188,10.27239],[-67.99214,10.27199],[-67.99219,10.27188],[-67.99228,10.27171],[-67.99304,10.27057],[-67.99309,10.27016],[-67.99314,10.26994],[-67.99315,10.26974],[-67.9931,10.26949],[-67.99302,10.26914],[-67.99297,10.26886],[-67.99295,10.26855],[-67.99295,10.2681],[-67.99294,10.26789],[-67.99289,10.26765],[-67.99288,10.26747],[-67.99289,10.26724],[-67.99283,10.26694],[-67.99286,10.26678],[-67.99294,10.26657],[-67.99304,10.2664],[-67.99312,10.26628],[-67.9933,10.26624],[-67.99342,10.26605],[-67.99352,10.26571],[-67.99354,10.26546],[-67.99357,10.26527],[-67.9937,10.2651],[-67.99372,10.26492],[-67.99371,10.26478],[-67.99368,10.2646],[-67.99363,10.26431],[-67.99349,10.26376],[-67.99336,10.26324],[-67.9933,10.26306],[-67.99317,10.26288],[-67.99298,10.26274],[-67.99279,10.26261],[-67.99254,10.2625],[-67.99235,10.26244],[-67.99217,10.2624],[-67.99184,10.26235],[-67.99165,10.2623],[-67.99153,10.26223],[-67.99143,10.26213],[-67.9914,10.26198],[-67.9914,10.26181],[-67.99144,10.26162],[-67.99151,10.26141],[-67.99158,10.26118],[-67.99159,10.26098],[-67.99158,10.26086],[-67.99153,10.26073],[-67.99147,10.26065],[-67.99138,10.26055],[-67.99118,10.26034],[-67.99111,10.26025],[-67.99106,10.26017],[-67.99105,10.26004],[-67.99104,10.25989],[-67.99098,10.25954],[-67.99094,10.25923],[-67.99091,10.25903],[-67.99087,10.25885],[-67.99073,10.25864],[-67.99054,10.25843],[-67.99039,10.25833],[-67.99017,10.25824],[-67.98958,10.25812],[-67.98871,10.25797],[-67.98832,10.2579],[-67.98797,10.25788],[-67.98758,10.25788],[-67.9866,10.2579],[-67.98601,10.25797],[-67.9858,10.25798],[-67.98559,10.25798],[-67.98534,10.25797],[-67.98513,10.25795],[-67.98485,10.25791],[-67.98459,10.25788],[-67.98435,10.25781],[-67.9841,10.25774],[-67.98396,10.2574],[-67.98392,10.25717],[-67.98382,10.25674],[-67.98366,10.2562],[-67.98354,10.25599],[-67.98338,10.25571],[-67.98307,10.25503],[-67.98296,10.25481],[-67.98288,10.25461],[-67.98287,10.25437],[-67.98287,10.25417],[-67.98288,10.254],[-67.98295,10.25382],[-67.98309,10.25357],[-67.98316,10.25341],[-67.98318,10.25318],[-67.98319,10.25303],[-67.98318,10.25286],[-67.98321,10.25267],[-67.98327,10.25246],[-67.9833,10.25234],[-67.9833,10.25223],[-67.98327,10.25212],[-67.98324,10.25203],[-67.98319,10.25194],[-67.9831,10.25179],[-67.98306,10.25171],[-67.98304,10.25162],[-67.98304,10.25153],[-67.98306,10.25143],[-67.98308,10.25128],[-67.98306,10.25109],[-67.98304,10.25091],[-67.98304,10.25074],[-67.98306,10.25059],[-67.9831,10.25039],[-67.98312,10.25018],[-67.98311,10.24988],[-67.98312,10.24977],[-67.98316,10.24963],[-67.9832,10.24954],[-67.98329,10.24946],[-67.98336,10.24939],[-67.98344,10.24931],[-67.9835,10.24923],[-67.98352,10.24914],[-67.98354,10.24904],[-67.9835,10.24866],[-67.98347,10.24853],[-67.98343,10.24846],[-67.98338,10.24838],[-67.98334,10.24831],[-67.98332,10.24824],[-67.98332,10.24812],[-67.98332,10.24794],[-67.98334,10.24785],[-67.98347,10.24758],[-67.98356,10.24738],[-67.98359,10.24725],[-67.9836,10.24713],[-67.98359,10.24701],[-67.98358,10.24693],[-67.98356,10.24678],[-67.98356,10.24674],[-67.98354,10.24669],[-67.98353,10.24667],[-67.98349,10.24664],[-67.98342,10.24662],[-67.98319,10.24654],[-67.98311,10.24652],[-67.98306,10.24652],[-67.98301,10.24654],[-67.98295,10.24654],[-67.98292,10.24653],[-67.98288,10.2465],[-67.98284,10.24646],[-67.98281,10.24641],[-67.98277,10.24635],[-67.98274,10.24628],[-67.98266,10.24617],[-67.98263,10.24612],[-67.98261,10.24608],[-67.9826,10.24603],[-67.98258,10.24596],[-67.98255,10.24588],[-67.98251,10.2458],[-67.98242,10.24567],[-67.98236,10.24557],[-67.98231,10.24552],[-67.9822,10.24543],[-67.98217,10.2454],[-67.98215,10.24537],[-67.98215,10.24534],[-67.98215,10.24527],[-67.98215,10.24516],[-67.98214,10.24509],[-67.98212,10.24504],[-67.98209,10.24496],[-67.98207,10.24488],[-67.98204,10.24482],[-67.98199,10.24474],[-67.98196,10.24469],[-67.98192,10.24463],[-67.98189,10.24454],[-67.98183,10.24445],[-67.98175,10.24438],[-67.98166,10.24431],[-67.98161,10.24425],[-67.98159,10.24418],[-67.98159,10.24411],[-67.9816,10.24401],[-67.98161,10.24392],[-67.98162,10.24384],[-67.98161,10.24368],[-67.98156,10.24343],[-67.98153,10.24331],[-67.98152,10.2432],[-67.98153,10.24312],[-67.98157,10.24305],[-67.98171,10.24288],[-67.98182,10.24273],[-67.98189,10.24262],[-67.98196,10.24248],[-67.98202,10.24229],[-67.98208,10.24204],[-67.98212,10.24194],[-67.98214,10.24183],[-67.98213,10.24172],[-67.98211,10.24166],[-67.9821,10.24159],[-67.98211,10.24149],[-67.98218,10.24137],[-67.98234,10.24114],[-67.98257,10.24083],[-67.98268,10.24068],[-67.98272,10.24058],[-67.98279,10.24034],[-67.98286,10.24013],[-67.98288,10.24003],[-67.98287,10.23993],[-67.98284,10.23981],[-67.9828,10.23969],[-67.98278,10.23957],[-67.98277,10.23945],[-67.9828,10.23936],[-67.98288,10.23925],[-67.98299,10.239],[-67.98309,10.23871],[-67.98312,10.23858],[-67.98315,10.23848],[-67.98314,10.23841],[-67.98308,10.2383],[-67.98304,10.23819],[-67.98301,10.2381],[-67.98299,10.23798],[-67.98298,10.23778],[-67.98297,10.23763],[-67.98295,10.23754],[-67.98284,10.23736],[-67.98286,10.23726],[-67.9829,10.23709],[-67.98294,10.23688],[-67.98296,10.23671],[-67.98296,10.23654],[-67.983,10.23638],[-67.98302,10.23622],[-67.98303,10.23604],[-67.98305,10.23588],[-67.98312,10.23565],[-67.98314,10.23554],[-67.98314,10.2354],[-67.98314,10.23521],[-67.98312,10.23512],[-67.98314,10.235],[-67.98317,10.23492],[-67.98321,10.23482],[-67.98334,10.23457],[-67.9834,10.23448],[-67.98342,10.23441],[-67.98343,10.23432],[-67.98345,10.23408],[-67.98345,10.23396],[-67.98343,10.23387],[-67.9834,10.23378],[-67.98336,10.23372],[-67.98334,10.2337],[-67.98331,10.23366],[-67.98329,10.23361],[-67.98328,10.23353],[-67.98329,10.23343],[-67.98333,10.23324],[-67.98335,10.23314],[-67.98334,10.23304],[-67.98332,10.23297],[-67.98328,10.2329],[-67.9831,10.23269],[-67.98285,10.23237],[-67.98297,10.2321],[-67.98308,10.23195],[-67.98318,10.23176],[-67.98325,10.23162],[-67.98332,10.23152],[-67.98337,10.23141],[-67.98339,10.23127],[-67.98344,10.23094],[-67.9835,10.23045],[-67.98352,10.23032],[-67.98357,10.2302],[-67.98376,10.22982],[-67.98378,10.22976],[-67.98382,10.2296],[-67.98389,10.22931],[-67.98394,10.22904],[-67.98404,10.22863],[-67.98409,10.2284],[-67.98411,10.22831],[-67.98412,10.22823],[-67.9841,10.22813],[-67.98405,10.22802],[-67.98395,10.22786],[-67.98392,10.2278],[-67.98391,10.22772],[-67.98393,10.22764],[-67.98395,10.22758],[-67.98395,10.22751],[-67.98395,10.22745],[-67.98393,10.22738],[-67.98391,10.2273],[-67.9839,10.22715],[-67.98366,10.22716],[-67.98359,10.22689],[-67.98351,10.22671],[-67.98344,10.2266],[-67.98336,10.22649],[-67.98326,10.22639],[-67.98314,10.22627],[-67.98303,10.22615],[-67.98295,10.22601],[-67.98293,10.22588],[-67.98291,10.22569],[-67.98295,10.22555],[-67.98301,10.22537],[-67.98302,10.22529],[-67.98301,10.22519],[-67.98297,10.2251],[-67.98289,10.22499],[-67.98277,10.22486],[-67.9827,10.22477],[-67.98265,10.22466],[-67.98262,10.22452],[-67.98261,10.22435],[-67.98262,10.22411],[-67.98261,10.22401],[-67.98257,10.22395],[-67.98252,10.22391],[-67.98245,10.22387],[-67.98238,10.22383],[-67.98233,10.22377],[-67.98226,10.22367],[-67.98221,10.22356],[-67.98215,10.22336],[-67.98211,10.22325],[-67.98203,10.22315],[-67.9819,10.22306],[-67.98179,10.22301],[-67.98167,10.22295],[-67.98151,10.22287],[-67.98141,10.2228],[-67.98134,10.22268],[-67.98126,10.22241],[-67.98122,10.22218],[-67.98119,10.22194],[-67.98117,10.22172],[-67.98118,10.22147],[-67.98124,10.22112],[-67.98136,10.22057],[-67.98142,10.22015],[-67.98152,10.21962],[-67.98162,10.21928],[-67.98164,10.21918],[-67.98164,10.21904],[-67.98163,10.21891],[-67.9816,10.21876],[-67.98159,10.21851],[-67.98158,10.21818],[-67.98158,10.21804],[-67.98155,10.21793],[-67.9815,10.21782],[-67.98145,10.21773],[-67.98138,10.21761],[-67.98132,10.21749],[-67.98128,10.21732],[-67.9812,10.21672],[-67.98118,10.21575],[-67.98169,10.21534],[-67.9816,10.21497],[-67.98154,10.21471],[-67.9815,10.21462],[-67.98142,10.21447],[-67.98136,10.21422],[-67.98132,10.2141],[-67.98125,10.21397],[-67.98115,10.21382],[-67.98111,10.21376],[-67.98109,10.21371],[-67.98108,10.21363],[-67.9811,10.21349],[-67.98113,10.21331],[-67.98116,10.21318],[-67.98115,10.21303],[-67.98112,10.21278],[-67.98105,10.21234],[-67.98101,10.21209],[-67.98098,10.21194],[-67.98097,10.21177],[-67.98096,10.21166],[-67.98092,10.21155],[-67.98086,10.21146],[-67.98079,10.21136],[-67.98067,10.21127],[-67.98071,10.21116],[-67.98076,10.21106],[-67.98083,10.21096],[-67.98097,10.21083],[-67.98082,10.21052],[-67.98075,10.21035],[-67.98064,10.21014],[-67.98056,10.20992],[-67.98043,10.20957],[-67.98064,10.20947],[-67.98085,10.20935],[-67.98153,10.20892],[-67.98177,10.20876],[-67.98197,10.20859],[-67.9822,10.20843],[-67.98232,10.20833],[-67.98255,10.20805],[-67.98272,10.20782],[-67.98279,10.20772],[-67.98282,10.20766],[-67.98282,10.20757],[-67.98281,10.20745],[-67.98279,10.20736],[-67.98278,10.20729],[-67.98277,10.20723],[-67.98277,10.20716],[-67.98279,10.20707],[-67.98282,10.20698],[-67.98288,10.20679],[-67.98296,10.20655],[-67.98309,10.20647],[-67.98317,10.20639],[-67.98326,10.20629],[-67.98331,10.20617],[-67.98333,10.20599],[-67.98336,10.20581],[-67.98343,10.2055],[-67.98351,10.20545],[-67.98363,10.20536],[-67.98373,10.20525],[-67.98381,10.20514],[-67.98392,10.20505],[-67.98443,10.20495],[-67.9848,10.2049],[-67.98487,10.20488],[-67.98494,10.20484],[-67.98502,10.20477],[-67.98507,10.2047],[-67.9851,10.2046],[-67.98514,10.20446],[-67.98517,10.20431],[-67.98521,10.20406],[-67.98523,10.20365],[-67.98566,10.20346],[-67.98577,10.20339],[-67.98587,10.20332],[-67.98607,10.20316],[-67.98619,10.20306],[-67.98634,10.20297],[-67.98641,10.20289],[-67.98645,10.2028],[-67.98648,10.20269],[-67.9865,10.20262],[-67.98653,10.20253],[-67.98666,10.20233],[-67.98671,10.20225],[-67.98677,10.20206],[-67.98684,10.20193],[-67.98688,10.20188],[-67.98691,10.20184],[-67.98698,10.20179],[-67.98704,10.20175],[-67.98712,10.20167],[-67.98716,10.20159],[-67.9872,10.20153],[-67.98727,10.20146],[-67.98738,10.20137],[-67.98752,10.20126],[-67.9877,10.20111],[-67.98776,10.20104],[-67.98781,10.20095],[-67.98784,10.20085],[-67.98791,10.20074],[-67.98799,10.20067],[-67.98812,10.20058],[-67.98821,10.20049],[-67.9883,10.20039],[-67.98843,10.20024],[-67.98853,10.20007],[-67.98865,10.19982],[-67.98801,10.19944],[-67.9876,10.19915],[-67.98745,10.19903],[-67.98738,10.19895],[-67.98734,10.19888],[-67.98733,10.19879],[-67.98735,10.19867],[-67.98737,10.19855],[-67.9874,10.19845],[-67.98745,10.19835],[-67.9875,10.19824],[-67.98753,10.19811],[-67.98756,10.19796],[-67.98757,10.19775],[-67.98759,10.19751],[-67.98761,10.1971],[-67.9876,10.19692],[-67.98759,10.1968],[-67.98753,10.19668],[-67.98746,10.19657],[-67.98736,10.19645],[-67.98726,10.19639],[-67.98704,10.1963],[-67.98615,10.19597],[-67.98617,10.19555],[-67.98618,10.19514],[-67.98621,10.19483],[-67.98621,10.19468],[-67.98622,10.19454],[-67.98624,10.19439],[-67.98628,10.19418],[-67.98632,10.19389],[-67.98632,10.19376],[-67.9863,10.19359],[-67.98627,10.19346],[-67.98622,10.1933],[-67.98618,10.19317],[-67.98616,10.19307],[-67.98614,10.19296],[-67.98616,10.19284],[-67.98619,10.19271],[-67.98621,10.1926],[-67.98624,10.19246],[-67.98621,10.19223],[-67.98616,10.1919],[-67.98614,10.19179],[-67.9861,10.19168],[-67.98604,10.19159],[-67.98593,10.19151],[-67.98581,10.19143],[-67.98567,10.19129],[-67.98557,10.19117],[-67.98547,10.19102],[-67.98543,10.19086],[-67.9854,10.1907],[-67.98538,10.19051],[-67.98545,10.19011],[-67.98548,10.19008]]]}},{"type":"Feature","properties":{"name":"Guacara","admin_level":"6","osm_id":10833246},"geometry":{"type":"Polygon","coordinates":[[[-67.85538,10.14603],[-67.79946,10.16984],[-67.83082,10.22137],[-67.83138,10.22148],[-67.83186,10.22178],[-67.8318,10.22192],[-67.83184,10.22198],[-67.8329,10.22339],[-67.83354,10.22424],[-67.83349,10.22427],[-67.83397,10.22496],[-67.83475,10.22598],[-67.83558,10.22712],[-67.83647,10.22822],[-67.84013,10.23319],[-67.8413,10.23475],[-67.84275,10.23687],[-67.84322,10.23746],[-67.844,10.23851],[-67.84419,10.23958],[-67.84712,10.24388],[-67.8475,10.24813],[-67.84843,10.25026],[-67.8479,10.25268],[-67.84802,10.25273],[-67.84827,10.25284],[-67.84913,10.25316],[-67.84914,10.25335],[-67.84916,10.25349],[-67.84919,10.25362],[-67.84925,10.25375],[-67.84934,10.25389],[-67.84945,10.25403],[-67.84956,10.25413],[-67.84967,10.25424],[-67.84979,10.25434],[-67.8499,10.25444],[-67.85026,10.25483],[-67.8504,10.25501],[-67.85052,10.25516],[-67.85057,10.25525],[-67.85059,10.25533],[-67.85061,10.25544],[-67.85058,10.25568],[-67.85058,10.25591],[-67.85058,10.25636],[-67.85036,10.25663],[-67.85027,10.25674],[-67.85016,10.25684],[-67.85008,10.2569],[-67.84999,10.25695],[-67.85001,10.2574],[-67.85003,10.25762],[-67.85004,10.25788],[-67.85004,10.25797],[-67.85006,10.25802],[-67.85009,10.25808],[-67.85012,10.25813],[-67.85015,10.25819],[-67.85016,10.25825],[-67.85017,10.25833],[-67.85018,10.25857],[-67.85022,10.2588],[-67.85027,10.25898],[-67.85032,10.25908],[-67.8504,10.25919],[-67.85046,10.25928],[-67.85052,10.25934],[-67.85058,10.25944],[-67.85063,10.25952],[-67.85064,10.25958],[-67.85059,10.25981],[-67.85057,10.25994],[-67.85063,10.26011],[-67.8507,10.26029],[-67.85071,10.26056],[-67.85071,10.26073],[-67.85074,10.26086],[-67.85079,10.26099],[-67.85087,10.26111],[-67.85087,10.26135],[-67.85089,10.26175],[-67.85098,10.26207],[-67.85105,10.26239],[-67.8511,10.26263],[-67.85114,10.26276],[-67.85125,10.26298],[-67.8514,10.26323],[-67.8515,10.26345],[-67.85154,10.26364],[-67.85154,10.2638],[-67.85154,10.26394],[-67.85155,10.26404],[-67.85159,10.26428],[-67.85164,10.26459],[-67.85177,10.26476],[-67.8519,10.26492],[-67.85218,10.26473],[-67.85231,10.26458],[-67.8524,10.26446],[-67.85249,10.26437],[-67.85255,10.26432],[-67.85271,10.26424],[-67.85285,10.26439],[-67.85291,10.26452],[-67.85299,10.26473],[-67.85308,10.26504],[-67.85291,10.26519],[-67.85277,10.26533],[-67.8527,10.26545],[-67.85266,10.26557],[-67.85258,10.26576],[-67.8525,10.26587],[-67.85245,10.26594],[-67.85238,10.26603],[-67.85232,10.26612],[-67.85229,10.26622],[-67.85228,10.26631],[-67.85226,10.26645],[-67.85228,10.26657],[-67.85229,10.26665],[-67.85233,10.26671],[-67.85239,10.26677],[-67.85247,10.26682],[-67.85252,10.26689],[-67.85254,10.26696],[-67.85254,10.26704],[-67.85253,10.26721],[-67.85249,10.26761],[-67.85249,10.26792],[-67.85251,10.26868],[-67.85249,10.2689],[-67.85248,10.26902],[-67.8525,10.26916],[-67.85255,10.26928],[-67.85267,10.2695],[-67.85282,10.26972],[-67.8529,10.26983],[-67.85301,10.26996],[-67.85323,10.27013],[-67.85343,10.27028],[-67.85361,10.27043],[-67.85375,10.27063],[-67.85387,10.27078],[-67.85397,10.27088],[-67.85413,10.27099],[-67.85432,10.27113],[-67.85454,10.27126],[-67.85466,10.27134],[-67.85474,10.27141],[-67.85478,10.27148],[-67.85481,10.27157],[-67.85492,10.27182],[-67.85519,10.27196],[-67.85526,10.27199],[-67.85531,10.27204],[-67.85534,10.27213],[-67.85537,10.27221],[-67.8554,10.27238],[-67.85548,10.27268],[-67.85551,10.27277],[-67.85554,10.27283],[-67.85559,10.27291],[-67.85567,10.27304],[-67.85574,10.27314],[-67.85583,10.27339],[-67.856,10.27389],[-67.85615,10.27419],[-67.85629,10.27446],[-67.85646,10.27478],[-67.85632,10.27513],[-67.85618,10.27544],[-67.85603,10.27587],[-67.85598,10.27606],[-67.85596,10.27622],[-67.85594,10.27645],[-67.85592,10.27681],[-67.85589,10.27706],[-67.85585,10.27719],[-67.85582,10.27732],[-67.85575,10.27747],[-67.85563,10.27764],[-67.85555,10.27774],[-67.85541,10.27786],[-67.85524,10.27798],[-67.85504,10.27831],[-67.85485,10.27866],[-67.85474,10.27886],[-67.85452,10.27921],[-67.85435,10.27944],[-67.85421,10.27963],[-67.85407,10.27977],[-67.85369,10.28018],[-67.85354,10.28041],[-67.85351,10.28053],[-67.85348,10.28062],[-67.85342,10.28072],[-67.85337,10.28083],[-67.8533,10.28103],[-67.85324,10.28126],[-67.85322,10.28142],[-67.85318,10.28155],[-67.85313,10.28165],[-67.85309,10.28172],[-67.85301,10.28179],[-67.85279,10.28194],[-67.85259,10.28204],[-67.85253,10.28239],[-67.85247,10.28287],[-67.85246,10.28315],[-67.85244,10.28341],[-67.85242,10.28359],[-67.85241,10.28376],[-67.85242,10.28387],[-67.85247,10.2841],[-67.8526,10.28473],[-67.85264,10.28496],[-67.85266,10.28513],[-67.85272,10.28554],[-67.85254,10.28601],[-67.8525,10.28612],[-67.85247,10.28623],[-67.85244,10.28643],[-67.85245,10.28655],[-67.85247,10.28665],[-67.8525,10.28673],[-67.85261,10.28692],[-67.85241,10.28727],[-67.85239,10.2874],[-67.85237,10.2875],[-67.85237,10.28757],[-67.85236,10.2879],[-67.85237,10.28804],[-67.85238,10.28815],[-67.8524,10.28824],[-67.85241,10.28832],[-67.85242,10.28842],[-67.85241,10.28862],[-67.8524,10.2888],[-67.85235,10.28907],[-67.85232,10.28919],[-67.85229,10.28934],[-67.85229,10.28945],[-67.85229,10.28959],[-67.85231,10.28982],[-67.85211,10.29004],[-67.85188,10.29023],[-67.85156,10.29048],[-67.85124,10.29079],[-67.85099,10.29107],[-67.85083,10.29123],[-67.85075,10.29132],[-67.85069,10.29143],[-67.85064,10.29152],[-67.85062,10.29162],[-67.85063,10.29173],[-67.85066,10.29183],[-67.85073,10.29195],[-67.85089,10.29218],[-67.85088,10.29284],[-67.85077,10.29292],[-67.8507,10.29299],[-67.85065,10.29308],[-67.85064,10.29317],[-67.85066,10.29323],[-67.85067,10.2933],[-67.85072,10.29338],[-67.85077,10.29346],[-67.8508,10.29355],[-67.85082,10.2937],[-67.85085,10.2938],[-67.85087,10.29389],[-67.85091,10.294],[-67.85091,10.29416],[-67.85091,10.2943],[-67.85095,10.29449],[-67.85099,10.29488],[-67.851,10.29507],[-67.851,10.29518],[-67.85099,10.29526],[-67.85096,10.29533],[-67.85092,10.2954],[-67.85088,10.29544],[-67.85095,10.29563],[-67.85102,10.29583],[-67.85111,10.29613],[-67.85121,10.29649],[-67.85115,10.29655],[-67.85112,10.29662],[-67.8511,10.29668],[-67.85109,10.29679],[-67.85109,10.29687],[-67.85109,10.29694],[-67.85107,10.2971],[-67.85104,10.29724],[-67.85102,10.29734],[-67.85098,10.29744],[-67.85093,10.29757],[-67.85088,10.29764],[-67.85078,10.29781],[-67.85074,10.29791],[-67.85072,10.298],[-67.85071,10.29808],[-67.85071,10.29815],[-67.85069,10.29824],[-67.85066,10.29831],[-67.85062,10.29837],[-67.85054,10.29843],[-67.85047,10.29851],[-67.85042,10.29859],[-67.85038,10.29871],[-67.85032,10.29892],[-67.85029,10.29904],[-67.85027,10.29914],[-67.85028,10.29924],[-67.85031,10.29941],[-67.85046,10.29983],[-67.85058,10.30003],[-67.85061,10.30013],[-67.85062,10.30025],[-67.8506,10.30034],[-67.85057,10.30044],[-67.85049,10.30064],[-67.85038,10.30094],[-67.85001,10.30107],[-67.8498,10.30114],[-67.84968,10.3012],[-67.84955,10.30166],[-67.8495,10.30191],[-67.84949,10.30204],[-67.84951,10.30216],[-67.84953,10.30222],[-67.84957,10.30228],[-67.84962,10.30236],[-67.84965,10.30244],[-67.84968,10.30255],[-67.84968,10.30268],[-67.84966,10.30282],[-67.8496,10.3029],[-67.84951,10.30304],[-67.84949,10.30313],[-67.84948,10.30323],[-67.84946,10.30338],[-67.84945,10.30356],[-67.84944,10.30391],[-67.84925,10.30418],[-67.84914,10.30436],[-67.84906,10.30448],[-67.84899,10.30459],[-67.84894,10.30466],[-67.84889,10.30476],[-67.84884,10.30488],[-67.84878,10.30506],[-67.84868,10.30533],[-67.84861,10.30551],[-67.84854,10.3057],[-67.8485,10.30588],[-67.8484,10.30627],[-67.84771,10.30633],[-67.84754,10.30636],[-67.84741,10.30639],[-67.84734,10.30668],[-67.8473,10.30682],[-67.84727,10.30689],[-67.84723,10.30703],[-67.84718,10.30717],[-67.84711,10.30726],[-67.84703,10.30732],[-67.84696,10.30737],[-67.84657,10.30763],[-67.84639,10.30776],[-67.84631,10.30785],[-67.84625,10.30795],[-67.8462,10.30807],[-67.84611,10.30835],[-67.84605,10.30861],[-67.84602,10.30871],[-67.84594,10.30881],[-67.84586,10.30888],[-67.84573,10.30897],[-67.84565,10.30905],[-67.8456,10.30918],[-67.84556,10.30932],[-67.84544,10.30961],[-67.84528,10.30992],[-67.84516,10.31012],[-67.84497,10.31037],[-67.84478,10.31063],[-67.8446,10.31085],[-67.84444,10.31105],[-67.84433,10.31118],[-67.84421,10.31132],[-67.84407,10.31144],[-67.84398,10.31151],[-67.84378,10.31164],[-67.84355,10.3118],[-67.84334,10.31192],[-67.84314,10.31207],[-67.84295,10.31221],[-67.84283,10.31229],[-67.84273,10.31236],[-67.84258,10.31246],[-67.84247,10.31257],[-67.84237,10.31268],[-67.8423,10.31276],[-67.84223,10.31283],[-67.84213,10.31287],[-67.84203,10.3129],[-67.84195,10.31295],[-67.84187,10.313],[-67.84171,10.31317],[-67.84152,10.31342],[-67.84136,10.31365],[-67.84117,10.31387],[-67.84097,10.31412],[-67.84087,10.31424],[-67.84077,10.31433],[-67.84067,10.3144],[-67.8405,10.31449],[-67.84023,10.31463],[-67.84003,10.31473],[-67.83989,10.31481],[-67.83975,10.31491],[-67.83965,10.31501],[-67.83955,10.31509],[-67.83941,10.31517],[-67.83925,10.31523],[-67.83914,10.31526],[-67.83906,10.31531],[-67.83898,10.31537],[-67.83876,10.31552],[-67.83863,10.31562],[-67.83852,10.31576],[-67.83844,10.31589],[-67.83839,10.31599],[-67.83829,10.31622],[-67.83824,10.31639],[-67.83819,10.31667],[-67.83819,10.31687],[-67.83819,10.31709],[-67.83818,10.31719],[-67.83815,10.31726],[-67.83811,10.31732],[-67.838,10.31746],[-67.8379,10.3176],[-67.83786,10.31765],[-67.83777,10.31773],[-67.83769,10.31779],[-67.83763,10.31782],[-67.83749,10.31787],[-67.83723,10.31794],[-67.83701,10.318],[-67.83674,10.31806],[-67.8366,10.31811],[-67.83653,10.31815],[-67.83646,10.31822],[-67.83637,10.3183],[-67.83629,10.31839],[-67.83622,10.31849],[-67.83613,10.3186],[-67.83603,10.31868],[-67.83593,10.31871],[-67.83586,10.31865],[-67.83576,10.31863],[-67.83566,10.31862],[-67.83558,10.31863],[-67.83554,10.31865],[-67.83548,10.31867],[-67.83542,10.31873],[-67.83531,10.31885],[-67.83512,10.31905],[-67.83504,10.31918],[-67.83509,10.31946],[-67.83512,10.31962],[-67.83514,10.31982],[-67.83514,10.31998],[-67.83513,10.32021],[-67.83512,10.32081],[-67.83512,10.3213],[-67.83515,10.32167],[-67.8352,10.32206],[-67.83523,10.32223],[-67.83529,10.32237],[-67.83538,10.32256],[-67.83561,10.32309],[-67.83577,10.32345],[-67.83588,10.32374],[-67.83596,10.32391],[-67.83607,10.32407],[-67.83612,10.32413],[-67.83618,10.32417],[-67.83624,10.32419],[-67.83631,10.32423],[-67.83638,10.3243],[-67.8364,10.32437],[-67.83641,10.32446],[-67.83642,10.32454],[-67.83647,10.32462],[-67.83655,10.3247],[-67.83672,10.32487],[-67.83693,10.3251],[-67.83701,10.32523],[-67.83711,10.3254],[-67.83717,10.32559],[-67.83725,10.32577],[-67.8373,10.32589],[-67.83735,10.32595],[-67.83739,10.326],[-67.83743,10.32607],[-67.83745,10.32615],[-67.83746,10.32621],[-67.83746,10.32637],[-67.83743,10.32655],[-67.83737,10.32711],[-67.83689,10.32765],[-67.83671,10.3278],[-67.83662,10.32787],[-67.8365,10.32798],[-67.83635,10.32808],[-67.83623,10.32821],[-67.83612,10.32836],[-67.83598,10.32857],[-67.83589,10.32873],[-67.83568,10.3292],[-67.83567,10.3298],[-67.83567,10.33001],[-67.83571,10.33013],[-67.83577,10.33032],[-67.83587,10.33066],[-67.83592,10.33096],[-67.83596,10.33123],[-67.83604,10.33147],[-67.83611,10.33165],[-67.83618,10.33192],[-67.83626,10.33213],[-67.83632,10.33228],[-67.8364,10.3324],[-67.83644,10.33251],[-67.83648,10.33264],[-67.8365,10.33277],[-67.83661,10.33313],[-67.83678,10.33333],[-67.83705,10.3336],[-67.83715,10.3337],[-67.83722,10.33379],[-67.83737,10.33401],[-67.83754,10.33427],[-67.83765,10.33448],[-67.83774,10.33482],[-67.83781,10.3354],[-67.83786,10.3361],[-67.83786,10.33655],[-67.83764,10.33697],[-67.8375,10.33721],[-67.83742,10.33742],[-67.83734,10.33765],[-67.8373,10.33778],[-67.83728,10.33795],[-67.83729,10.3381],[-67.83731,10.33827],[-67.83735,10.33855],[-67.83736,10.33866],[-67.83735,10.33878],[-67.83733,10.33886],[-67.83726,10.33895],[-67.83718,10.33905],[-67.83709,10.33915],[-67.83698,10.33933],[-67.83689,10.33953],[-67.83686,10.33972],[-67.83682,10.34027],[-67.83678,10.3409],[-67.83694,10.34287],[-67.837,10.3437],[-67.837,10.34409],[-67.83709,10.34457],[-67.83718,10.34486],[-67.83744,10.34547],[-67.83786,10.34624],[-67.83814,10.34678],[-67.83832,10.34714],[-67.83853,10.34753],[-67.83881,10.34792],[-67.83914,10.34823],[-67.83964,10.34852],[-67.84021,10.34858],[-67.84052,10.34863],[-67.84105,10.34882],[-67.84153,10.3491],[-67.84243,10.34968],[-67.84325,10.35027],[-67.84447,10.35099],[-67.84513,10.35148],[-67.84609,10.3521],[-67.84691,10.35262],[-67.84768,10.3532],[-67.8487,10.35392],[-67.84944,10.35443],[-67.85006,10.35494],[-67.85041,10.35514],[-67.85109,10.35553],[-67.8519,10.35599],[-67.85279,10.35646],[-67.85365,10.35687],[-67.85476,10.35743],[-67.85508,10.35757],[-67.85544,10.35776],[-67.85583,10.3582],[-67.8561,10.35863],[-67.85649,10.35934],[-67.8571,10.36016],[-67.85754,10.36068],[-67.85799,10.36102],[-67.85848,10.36133],[-67.85902,10.36162],[-67.85989,10.36208],[-67.86104,10.36263],[-67.86173,10.36287],[-67.86232,10.36325],[-67.86305,10.36388],[-67.86366,10.36464],[-67.86432,10.36588],[-67.86479,10.36645],[-67.86548,10.36712],[-67.86642,10.36781],[-67.86722,10.36836],[-67.86817,10.3689],[-67.8691,10.36931],[-67.87019,10.3696],[-67.87172,10.36988],[-67.87366,10.37027],[-67.87441,10.37035],[-67.87519,10.37036],[-67.87611,10.37029],[-67.87679,10.37032],[-67.87735,10.37044],[-67.87804,10.37067],[-67.87887,10.371],[-67.87968,10.37145],[-67.88022,10.37182],[-67.88065,10.37208],[-67.88097,10.37225],[-67.88161,10.37258],[-67.88277,10.37186],[-67.88313,10.37162],[-67.8835,10.37142],[-67.88394,10.37127],[-67.88458,10.37106],[-67.88532,10.37075],[-67.8868,10.37017],[-67.8878,10.37025],[-67.8885,10.37019],[-67.8894,10.37008],[-67.89027,10.36999],[-67.89212,10.36998],[-67.89274,10.36971],[-67.89353,10.36945],[-67.89448,10.3693],[-67.89616,10.36903],[-67.89674,10.36878],[-67.8975,10.36844],[-67.89861,10.3681],[-67.89974,10.36784],[-67.90141,10.36751],[-67.90193,10.36734],[-67.90247,10.36707],[-67.90293,10.36673],[-67.90339,10.36632],[-67.90368,10.36597],[-67.90389,10.36574],[-67.90431,10.36522],[-67.90475,10.3646],[-67.90543,10.36443],[-67.90617,10.36421],[-67.90688,10.36389],[-67.90851,10.36294],[-67.90933,10.36294],[-67.90987,10.36304],[-67.91031,10.36312],[-67.91065,10.36319],[-67.91118,10.36328],[-67.91171,10.36329],[-67.91226,10.36329],[-67.91264,10.36333],[-67.91304,10.36343],[-67.91353,10.36365],[-67.91448,10.3633],[-67.91514,10.36312],[-67.91579,10.36295],[-67.91645,10.36281],[-67.91729,10.3627],[-67.9178,10.36267],[-67.91822,10.36265],[-67.91867,10.36262],[-67.91906,10.36264],[-67.91937,10.36275],[-67.91954,10.36289],[-67.91966,10.36308],[-67.91986,10.36351],[-67.92035,10.36352],[-67.9208,10.36344],[-67.92127,10.36328],[-67.92173,10.36303],[-67.92243,10.36257],[-67.92271,10.36261],[-67.92298,10.36266],[-67.92342,10.3628],[-67.92386,10.36288],[-67.9242,10.3629],[-67.92451,10.3629],[-67.92486,10.36286],[-67.92522,10.3628],[-67.92562,10.36267],[-67.92599,10.36249],[-67.92651,10.36226],[-67.92701,10.36207],[-67.92764,10.36175],[-67.92851,10.36113],[-67.9283,10.36052],[-67.9282,10.36022],[-67.92804,10.35985],[-67.9279,10.35932],[-67.92777,10.35868],[-67.92764,10.35801],[-67.92758,10.3576],[-67.92753,10.3574],[-67.92745,10.35718],[-67.9273,10.35693],[-67.92711,10.35661],[-67.92672,10.35586],[-67.92642,10.35534],[-67.92609,10.35485],[-67.92586,10.35449],[-67.9257,10.35425],[-67.92558,10.35401],[-67.92547,10.35378],[-67.92543,10.3536],[-67.9254,10.35344],[-67.92541,10.35322],[-67.92543,10.35291],[-67.92545,10.35268],[-67.92545,10.3525],[-67.92544,10.35231],[-67.92541,10.35212],[-67.9254,10.35201],[-67.9254,10.3519],[-67.92544,10.35178],[-67.92548,10.35166],[-67.92549,10.35157],[-67.92548,10.35147],[-67.92544,10.35134],[-67.92538,10.35124],[-67.92533,10.35116],[-67.92527,10.35108],[-67.92522,10.35099],[-67.92517,10.3509],[-67.92512,10.35076],[-67.92506,10.35053],[-67.92499,10.35019],[-67.92495,10.35],[-67.92492,10.34985],[-67.92491,10.34971],[-67.92492,10.34958],[-67.92495,10.34939],[-67.92498,10.34913],[-67.9246,10.34886],[-67.92448,10.34877],[-67.92435,10.34867],[-67.92427,10.34858],[-67.92421,10.3485],[-67.92414,10.34835],[-67.92407,10.34823],[-67.92402,10.34811],[-67.92399,10.34797],[-67.92395,10.34763],[-67.92394,10.34754],[-67.92394,10.34744],[-67.92394,10.34732],[-67.92398,10.34714],[-67.92401,10.347],[-67.92401,10.34689],[-67.92399,10.3468],[-67.92397,10.34668],[-67.92396,10.34658],[-67.92399,10.34644],[-67.92408,10.34626],[-67.92423,10.34596],[-67.92429,10.34584],[-67.92431,10.34573],[-67.92431,10.34564],[-67.9243,10.34556],[-67.9243,10.34548],[-67.9243,10.3454],[-67.92429,10.34529],[-67.92427,10.3452],[-67.92424,10.34508],[-67.92418,10.34496],[-67.92422,10.34492],[-67.92429,10.34486],[-67.9244,10.34482],[-67.92442,10.34474],[-67.92446,10.34464],[-67.92451,10.34454],[-67.9246,10.34435],[-67.92463,10.34426],[-67.92464,10.34418],[-67.92462,10.34408],[-67.92461,10.34402],[-67.92457,10.34394],[-67.92452,10.34387],[-67.92444,10.3438],[-67.92426,10.34369],[-67.92412,10.3436],[-67.92402,10.34353],[-67.92392,10.34347],[-67.92386,10.3434],[-67.92381,10.34331],[-67.92376,10.34322],[-67.9237,10.34311],[-67.92364,10.34301],[-67.92356,10.34291],[-67.92342,10.3428],[-67.92341,10.34262],[-67.92341,10.3423],[-67.9233,10.34224],[-67.92313,10.34216],[-67.92306,10.34211],[-67.923,10.34203],[-67.92294,10.34195],[-67.9229,10.34185],[-67.92285,10.34171],[-67.92277,10.34157],[-67.92274,10.34151],[-67.92269,10.34143],[-67.92265,10.34139],[-67.92258,10.34132],[-67.92253,10.34127],[-67.92247,10.3412],[-67.92242,10.3411],[-67.92237,10.34104],[-67.92224,10.34095],[-67.92209,10.34086],[-67.92201,10.34079],[-67.92194,10.3407],[-67.92189,10.34059],[-67.92181,10.34037],[-67.92158,10.34027],[-67.92135,10.34019],[-67.92111,10.34011],[-67.92105,10.33986],[-67.92097,10.33947],[-67.92085,10.33906],[-67.92077,10.33892],[-67.92061,10.33865],[-67.92051,10.33849],[-67.92047,10.33839],[-67.92044,10.3383],[-67.92043,10.3382],[-67.92045,10.33808],[-67.92048,10.33796],[-67.92051,10.33776],[-67.92053,10.33753],[-67.92052,10.3373],[-67.92047,10.33689],[-67.92046,10.33652],[-67.92044,10.33617],[-67.92037,10.33582],[-67.92032,10.33559],[-67.92024,10.33528],[-67.92019,10.33505],[-67.92016,10.33494],[-67.92012,10.33487],[-67.92008,10.33482],[-67.92002,10.33476],[-67.91999,10.33469],[-67.91997,10.33463],[-67.91999,10.33453],[-67.92002,10.3344],[-67.92006,10.33423],[-67.92006,10.33403],[-67.92009,10.33379],[-67.92018,10.33339],[-67.92025,10.33312],[-67.91944,10.33275],[-67.91927,10.33265],[-67.91916,10.33258],[-67.91903,10.33247],[-67.91892,10.33236],[-67.91883,10.33227],[-67.91875,10.3322],[-67.91864,10.33214],[-67.91854,10.3321],[-67.91841,10.33203],[-67.9183,10.33196],[-67.91817,10.33184],[-67.91796,10.33157],[-67.91782,10.33142],[-67.91775,10.33133],[-67.91771,10.33121],[-67.91767,10.33106],[-67.91764,10.33093],[-67.91759,10.33084],[-67.91752,10.33074],[-67.9174,10.33064],[-67.91727,10.33055],[-67.91719,10.33049],[-67.91709,10.33044],[-67.91692,10.3304],[-67.91681,10.33038],[-67.91671,10.33035],[-67.91659,10.33028],[-67.91639,10.33015],[-67.91622,10.32994],[-67.91618,10.32987],[-67.91612,10.32976],[-67.91612,10.32968],[-67.91612,10.32961],[-67.91612,10.32953],[-67.91611,10.32945],[-67.91609,10.32935],[-67.91605,10.32927],[-67.91599,10.32919],[-67.91591,10.32899],[-67.91585,10.32879],[-67.91573,10.32858],[-67.91568,10.3285],[-67.91558,10.32842],[-67.91549,10.32836],[-67.91541,10.32832],[-67.91529,10.32827],[-67.91501,10.32818],[-67.91482,10.32782],[-67.91476,10.32771],[-67.91468,10.32762],[-67.91458,10.32755],[-67.91446,10.3275],[-67.9144,10.32745],[-67.91431,10.32737],[-67.91427,10.3273],[-67.91422,10.32721],[-67.91416,10.32713],[-67.91412,10.32704],[-67.91407,10.32693],[-67.91401,10.32681],[-67.91393,10.32675],[-67.91384,10.3267],[-67.9137,10.32666],[-67.91355,10.32657],[-67.91346,10.32651],[-67.91339,10.3264],[-67.91335,10.3263],[-67.91333,10.32618],[-67.91332,10.32611],[-67.91327,10.32601],[-67.91322,10.32593],[-67.91317,10.32586],[-67.91307,10.32575],[-67.91301,10.32566],[-67.91296,10.32558],[-67.91292,10.32551],[-67.91284,10.32544],[-67.91274,10.32539],[-67.9125,10.32536],[-67.91244,10.325],[-67.91237,10.32475],[-67.91235,10.32467],[-67.91232,10.3246],[-67.91228,10.32452],[-67.91227,10.32444],[-67.91228,10.32436],[-67.9123,10.32422],[-67.91233,10.32412],[-67.91237,10.324],[-67.91242,10.3239],[-67.91245,10.3238],[-67.9125,10.32371],[-67.91254,10.32361],[-67.91257,10.32352],[-67.91258,10.32337],[-67.9127,10.32333],[-67.91288,10.32324],[-67.91294,10.32321],[-67.91301,10.32316],[-67.91306,10.32308],[-67.91312,10.32297],[-67.91316,10.32285],[-67.91323,10.32275],[-67.91331,10.32265],[-67.9134,10.32257],[-67.91363,10.32241],[-67.9137,10.32235],[-67.91374,10.32229],[-67.91378,10.32222],[-67.91377,10.3221],[-67.91368,10.32194],[-67.91365,10.32186],[-67.91362,10.32176],[-67.91359,10.32164],[-67.91359,10.32153],[-67.91358,10.32137],[-67.91356,10.32117],[-67.91355,10.32096],[-67.91348,10.32064],[-67.91334,10.32048],[-67.91326,10.32038],[-67.9132,10.3203],[-67.91315,10.32022],[-67.91311,10.32015],[-67.91309,10.32005],[-67.91309,10.31989],[-67.91307,10.31964],[-67.91304,10.31946],[-67.91302,10.31937],[-67.91298,10.31929],[-67.91292,10.31919],[-67.91287,10.31913],[-67.91282,10.31905],[-67.91277,10.31898],[-67.91271,10.31886],[-67.91259,10.31858],[-67.91244,10.31829],[-67.91257,10.31814],[-67.91265,10.31803],[-67.91272,10.3179],[-67.91279,10.31776],[-67.91285,10.31757],[-67.91288,10.3173],[-67.9129,10.31714],[-67.91292,10.31695],[-67.91295,10.3168],[-67.91303,10.31659],[-67.91311,10.31633],[-67.9132,10.31612],[-67.91331,10.31585],[-67.91343,10.31557],[-67.91353,10.31531],[-67.91356,10.31515],[-67.91355,10.31506],[-67.91353,10.31497],[-67.91352,10.31488],[-67.91352,10.31481],[-67.91355,10.31469],[-67.91358,10.31458],[-67.91363,10.31441],[-67.9138,10.31405],[-67.91387,10.31394],[-67.91397,10.31382],[-67.91416,10.31367],[-67.91426,10.31358],[-67.91431,10.3135],[-67.91433,10.31342],[-67.91435,10.31332],[-67.91439,10.3132],[-67.91448,10.31297],[-67.91455,10.31286],[-67.91466,10.3127],[-67.91487,10.31247],[-67.91502,10.31229],[-67.91521,10.3121],[-67.91544,10.3119],[-67.91563,10.31174],[-67.91577,10.31156],[-67.91586,10.31147],[-67.91594,10.3114],[-67.91602,10.31134],[-67.9161,10.31129],[-67.91617,10.31123],[-67.91623,10.31116],[-67.91628,10.31107],[-67.91648,10.31071],[-67.91656,10.31056],[-67.91661,10.31043],[-67.91668,10.31026],[-67.91671,10.31019],[-67.91674,10.31014],[-67.91682,10.31007],[-67.91693,10.31001],[-67.91701,10.30997],[-67.91709,10.30992],[-67.91714,10.30987],[-67.9172,10.3098],[-67.91728,10.30967],[-67.91737,10.30941],[-67.91748,10.30911],[-67.91757,10.30876],[-67.9176,10.30862],[-67.91768,10.30844],[-67.91778,10.3082],[-67.91782,10.30809],[-67.91788,10.308],[-67.91796,10.30793],[-67.91806,10.30788],[-67.91818,10.30783],[-67.91829,10.30776],[-67.91835,10.30769],[-67.9184,10.30761],[-67.91843,10.30752],[-67.91844,10.30741],[-67.9185,10.30718],[-67.91853,10.30702],[-67.91859,10.30688],[-67.91865,10.30678],[-67.91874,10.30667],[-67.91888,10.30653],[-67.91901,10.30642],[-67.9191,10.30632],[-67.91916,10.30623],[-67.91921,10.30611],[-67.91923,10.30594],[-67.91923,10.30581],[-67.91921,10.30563],[-67.91919,10.30548],[-67.9192,10.30536],[-67.91923,10.30523],[-67.91928,10.30513],[-67.91934,10.30504],[-67.91941,10.30495],[-67.91952,10.30486],[-67.9196,10.30477],[-67.91964,10.3047],[-67.91967,10.30459],[-67.9197,10.30445],[-67.91976,10.30435],[-67.91982,10.30425],[-67.91988,10.30416],[-67.91995,10.30402],[-67.91999,10.30385],[-67.91999,10.3037],[-67.91997,10.30359],[-67.91993,10.3033],[-67.91992,10.30316],[-67.91993,10.30307],[-67.91999,10.30297],[-67.92003,10.30292],[-67.92008,10.30284],[-67.92011,10.30278],[-67.92011,10.30269],[-67.92011,10.30262],[-67.9201,10.30254],[-67.92013,10.30243],[-67.92017,10.30234],[-67.92023,10.30225],[-67.92027,10.30219],[-67.92033,10.30202],[-67.92038,10.30193],[-67.92043,10.30184],[-67.92049,10.30176],[-67.92061,10.30161],[-67.92089,10.30133],[-67.92103,10.30117],[-67.92108,10.30108],[-67.92113,10.30098],[-67.92115,10.30087],[-67.92114,10.30078],[-67.92113,10.30064],[-67.92111,10.30053],[-67.9211,10.30035],[-67.92111,10.3002],[-67.92116,10.29992],[-67.92119,10.29976],[-67.92122,10.29965],[-67.92125,10.29955],[-67.92129,10.29948],[-67.92136,10.29938],[-67.92143,10.29927],[-67.92158,10.29914],[-67.92168,10.29905],[-67.92177,10.29894],[-67.92184,10.29884],[-67.9219,10.29875],[-67.92195,10.29858],[-67.92198,10.29827],[-67.92197,10.29802],[-67.92194,10.29779],[-67.92189,10.29755],[-67.92189,10.29743],[-67.92193,10.29724],[-67.92197,10.29698],[-67.92201,10.29678],[-67.92204,10.29669],[-67.92208,10.29657],[-67.92216,10.29646],[-67.92258,10.29612],[-67.92269,10.29603],[-67.92276,10.29596],[-67.92281,10.2959],[-67.9229,10.2958],[-67.92311,10.29567],[-67.92323,10.29558],[-67.92332,10.29552],[-67.92343,10.2954],[-67.9235,10.29531],[-67.92359,10.29519],[-67.92365,10.2951],[-67.92372,10.29502],[-67.92381,10.29495],[-67.92392,10.29491],[-67.92406,10.29488],[-67.9242,10.29482],[-67.92433,10.29473],[-67.92444,10.29464],[-67.9245,10.29458],[-67.92459,10.29449],[-67.92468,10.29441],[-67.9249,10.29431],[-67.92508,10.29424],[-67.92517,10.29418],[-67.92521,10.29413],[-67.92523,10.29408],[-67.92525,10.29405],[-67.92528,10.29393],[-67.92533,10.29384],[-67.92537,10.29375],[-67.92544,10.29366],[-67.92552,10.29358],[-67.92558,10.29349],[-67.92562,10.29339],[-67.92569,10.29321],[-67.92576,10.29296],[-67.92577,10.29283],[-67.92577,10.29273],[-67.92574,10.29263],[-67.9257,10.29255],[-67.92561,10.29243],[-67.92541,10.29217],[-67.92529,10.29197],[-67.92519,10.29182],[-67.925,10.2916],[-67.92504,10.29134],[-67.92506,10.29121],[-67.92508,10.29107],[-67.9251,10.29097],[-67.92508,10.29086],[-67.92507,10.29074],[-67.92504,10.29061],[-67.92508,10.29043],[-67.92512,10.29022],[-67.92519,10.28997],[-67.92523,10.28987],[-67.92524,10.28978],[-67.92522,10.28964],[-67.92521,10.28944],[-67.92519,10.28921],[-67.92518,10.28904],[-67.92518,10.28884],[-67.92517,10.2887],[-67.92515,10.2886],[-67.92513,10.2885],[-67.92513,10.28841],[-67.92515,10.28828],[-67.9252,10.28816],[-67.92542,10.28773],[-67.92544,10.28764],[-67.92545,10.28757],[-67.92545,10.28747],[-67.92543,10.28732],[-67.92536,10.28706],[-67.92528,10.28681],[-67.92526,10.28671],[-67.92525,10.28663],[-67.92526,10.28655],[-67.92529,10.28645],[-67.92532,10.28637],[-67.92534,10.28626],[-67.92538,10.2861],[-67.92543,10.28577],[-67.92555,10.28525],[-67.92561,10.28502],[-67.92564,10.28491],[-67.92574,10.28462],[-67.92585,10.28434],[-67.9259,10.2842],[-67.92596,10.28403],[-67.9261,10.28378],[-67.92626,10.28355],[-67.92649,10.28333],[-67.92661,10.28321],[-67.9267,10.28307],[-67.92679,10.28277],[-67.92695,10.2822],[-67.92717,10.28157],[-67.92725,10.2813],[-67.92735,10.28113],[-67.9285,10.27973],[-67.92924,10.27874],[-67.92939,10.27851],[-67.92947,10.27837],[-67.92953,10.27822],[-67.92953,10.2781],[-67.9295,10.27788],[-67.92942,10.27747],[-67.92906,10.27558],[-67.92893,10.27481],[-67.92916,10.27471],[-67.92998,10.2741],[-67.93023,10.27388],[-67.93041,10.27376],[-67.93071,10.27362],[-67.93123,10.27343],[-67.93122,10.27285],[-67.93122,10.27247],[-67.93118,10.27215],[-67.93116,10.27195],[-67.93111,10.27177],[-67.93106,10.27153],[-67.93102,10.27143],[-67.93092,10.27129],[-67.93086,10.27119],[-67.93083,10.27111],[-67.93081,10.271],[-67.93081,10.27086],[-67.93083,10.27058],[-67.93085,10.27035],[-67.93084,10.27011],[-67.93082,10.26983],[-67.93076,10.26952],[-67.93075,10.26939],[-67.93077,10.26921],[-67.93085,10.26877],[-67.9309,10.26839],[-67.93094,10.26805],[-67.93097,10.26791],[-67.93097,10.26779],[-67.93094,10.26764],[-67.93086,10.26738],[-67.93082,10.26723],[-67.93078,10.26711],[-67.93076,10.26703],[-67.93074,10.26691],[-67.93073,10.26676],[-67.93071,10.26659],[-67.93071,10.2665],[-67.93071,10.26641],[-67.93073,10.26621],[-67.93073,10.26612],[-67.93072,10.26607],[-67.93071,10.26603],[-67.93068,10.26597],[-67.93056,10.26579],[-67.93046,10.26564],[-67.93036,10.26547],[-67.93028,10.26532],[-67.93022,10.26518],[-67.93016,10.26492],[-67.93022,10.26482],[-67.93029,10.26472],[-67.93036,10.26467],[-67.93044,10.26463],[-67.93058,10.26459],[-67.93068,10.26458],[-67.93086,10.26427],[-67.93092,10.26418],[-67.93096,10.26408],[-67.93097,10.26402],[-67.93097,10.26396],[-67.93095,10.2639],[-67.93093,10.26383],[-67.93089,10.26372],[-67.93088,10.26364],[-67.93088,10.26354],[-67.93091,10.26348],[-67.93095,10.26338],[-67.93109,10.26317],[-67.93118,10.26304],[-67.93125,10.26294],[-67.9313,10.26285],[-67.93134,10.26274],[-67.93145,10.26246],[-67.93147,10.26237],[-67.93148,10.26231],[-67.93147,10.26224],[-67.93145,10.26219],[-67.93142,10.26211],[-67.93136,10.26199],[-67.93132,10.26188],[-67.93128,10.26168],[-67.93121,10.26131],[-67.93119,10.26121],[-67.93116,10.26111],[-67.93114,10.26097],[-67.93112,10.2609],[-67.93109,10.26081],[-67.93099,10.26062],[-67.93097,10.26056],[-67.93096,10.26046],[-67.93096,10.26039],[-67.93096,10.26033],[-67.93093,10.26026],[-67.93089,10.26019],[-67.93082,10.26009],[-67.93073,10.25999],[-67.93068,10.2599],[-67.93064,10.25979],[-67.93061,10.25973],[-67.93057,10.25969],[-67.93049,10.25963],[-67.93043,10.2596],[-67.93028,10.25952],[-67.93017,10.25945],[-67.93007,10.25936],[-67.9299,10.25921],[-67.92963,10.25895],[-67.92959,10.25891],[-67.92955,10.25888],[-67.92948,10.25888],[-67.9292,10.25888],[-67.9291,10.25886],[-67.92902,10.25883],[-67.92894,10.25878],[-67.92888,10.25873],[-67.92882,10.25866],[-67.92878,10.25861],[-67.92874,10.25855],[-67.92869,10.25846],[-67.92862,10.25832],[-67.92844,10.25805],[-67.9284,10.25799],[-67.92837,10.2579],[-67.92833,10.25765],[-67.92832,10.2576],[-67.9283,10.25756],[-67.92828,10.25752],[-67.92819,10.25743],[-67.92801,10.2573],[-67.92789,10.25721],[-67.92786,10.25717],[-67.92783,10.25713],[-67.92781,10.25708],[-67.9278,10.25694],[-67.92777,10.25683],[-67.92775,10.25679],[-67.92775,10.25673],[-67.92775,10.25669],[-67.92775,10.25663],[-67.92777,10.25657],[-67.92776,10.25646],[-67.92775,10.25636],[-67.92774,10.25627],[-67.92773,10.25622],[-67.92771,10.25617],[-67.92768,10.25611],[-67.92765,10.25606],[-67.92758,10.25596],[-67.92747,10.25576],[-67.92735,10.25551],[-67.92728,10.25533],[-67.92746,10.25514],[-67.92753,10.25505],[-67.9276,10.25492],[-67.92767,10.2548],[-67.92772,10.25472],[-67.92779,10.25464],[-67.92798,10.25445],[-67.92808,10.25434],[-67.92813,10.25429],[-67.92825,10.25421],[-67.92848,10.25402],[-67.92864,10.25388],[-67.92875,10.25377],[-67.92883,10.25368],[-67.92892,10.25355],[-67.92905,10.25335],[-67.92911,10.25324],[-67.92916,10.25312],[-67.92918,10.25298],[-67.92918,10.25292],[-67.92917,10.25287],[-67.92916,10.25282],[-67.92913,10.25279],[-67.9291,10.25274],[-67.92908,10.25268],[-67.92906,10.25259],[-67.92905,10.2525],[-67.92905,10.2524],[-67.92906,10.25232],[-67.92908,10.25225],[-67.92911,10.25214],[-67.92917,10.25198],[-67.9292,10.25193],[-67.92922,10.25189],[-67.92925,10.25185],[-67.92926,10.2518],[-67.92928,10.25176],[-67.92933,10.25171],[-67.9294,10.25167],[-67.92947,10.25163],[-67.9295,10.2516],[-67.92954,10.25155],[-67.9296,10.25148],[-67.92968,10.25141],[-67.92979,10.25133],[-67.92983,10.25128],[-67.92987,10.25122],[-67.9299,10.25113],[-67.92992,10.251],[-67.92995,10.25076],[-67.93013,10.25068],[-67.93024,10.2506],[-67.93028,10.25056],[-67.93033,10.25051],[-67.93036,10.25048],[-67.93043,10.25044],[-67.93049,10.25039],[-67.93061,10.25033],[-67.93068,10.25029],[-67.93073,10.25024],[-67.93077,10.25019],[-67.93081,10.25017],[-67.93086,10.25015],[-67.93091,10.25014],[-67.93097,10.25011],[-67.93103,10.25007],[-67.93119,10.24992],[-67.9314,10.24977],[-67.93143,10.24963],[-67.93146,10.24955],[-67.93147,10.24942],[-67.93148,10.24934],[-67.9315,10.24928],[-67.93153,10.24924],[-67.93167,10.24912],[-67.93173,10.24906],[-67.93177,10.249],[-67.93181,10.2489],[-67.93183,10.24879],[-67.93183,10.24867],[-67.93183,10.24856],[-67.93188,10.24834],[-67.93178,10.24824],[-67.93169,10.2481],[-67.93158,10.24792],[-67.93158,10.24778],[-67.9316,10.24768],[-67.9316,10.24761],[-67.93158,10.24752],[-67.93155,10.2474],[-67.93152,10.24732],[-67.93144,10.2472],[-67.93125,10.24689],[-67.9311,10.24673],[-67.93106,10.24644],[-67.93104,10.24622],[-67.93104,10.24609],[-67.93106,10.24585],[-67.93107,10.24567],[-67.93107,10.24546],[-67.93106,10.24537],[-67.93104,10.24529],[-67.93102,10.2452],[-67.93102,10.24509],[-67.93104,10.24498],[-67.93108,10.24479],[-67.93092,10.24438],[-67.9308,10.24411],[-67.93073,10.24389],[-67.9307,10.24378],[-67.93068,10.24366],[-67.93068,10.24359],[-67.93067,10.24352],[-67.93064,10.24344],[-67.93062,10.24336],[-67.93058,10.24327],[-67.93055,10.24317],[-67.93049,10.24305],[-67.93037,10.24288],[-67.93044,10.24244],[-67.93047,10.24238],[-67.93052,10.24231],[-67.93054,10.24222],[-67.93056,10.24205],[-67.93057,10.24171],[-67.93059,10.24148],[-67.93059,10.24124],[-67.93057,10.24095],[-67.93057,10.24064],[-67.93044,10.24057],[-67.93023,10.24045],[-67.92994,10.2403],[-67.92962,10.24008],[-67.92953,10.23987],[-67.92949,10.23977],[-67.92943,10.23967],[-67.92937,10.2396],[-67.9293,10.2395],[-67.92923,10.23939],[-67.9291,10.23912],[-67.92901,10.23894],[-67.92894,10.23883],[-67.9289,10.23873],[-67.92889,10.23858],[-67.92888,10.23841],[-67.92883,10.23816],[-67.92871,10.23778],[-67.92868,10.23766],[-67.92866,10.23755],[-67.92866,10.23745],[-67.92869,10.23734],[-67.92877,10.2371],[-67.92883,10.23698],[-67.92894,10.23683],[-67.92909,10.2366],[-67.92892,10.2364],[-67.92872,10.23619],[-67.92852,10.23599],[-67.92825,10.23574],[-67.92816,10.23566],[-67.92801,10.23556],[-67.92786,10.23551],[-67.92765,10.23547],[-67.9272,10.23541],[-67.92678,10.23535],[-67.92642,10.23532],[-67.9263,10.23534],[-67.92619,10.23536],[-67.92604,10.23541],[-67.9259,10.23549],[-67.9258,10.23556],[-67.92568,10.23565],[-67.92547,10.23578],[-67.92523,10.23592],[-67.92494,10.23609],[-67.92486,10.23537],[-67.92474,10.23489],[-67.92465,10.2346],[-67.9246,10.23446],[-67.92456,10.23434],[-67.92446,10.23413],[-67.92435,10.2339],[-67.92431,10.2338],[-67.92428,10.23367],[-67.92426,10.23355],[-67.92422,10.23343],[-67.92414,10.23333],[-67.92405,10.23326],[-67.92398,10.23322],[-67.92392,10.23318],[-67.92386,10.2331],[-67.92377,10.23299],[-67.92377,10.2328],[-67.92373,10.23264],[-67.92369,10.23255],[-67.92365,10.23248],[-67.92355,10.23235],[-67.92303,10.23188],[-67.92283,10.23164],[-67.92274,10.23148],[-67.92269,10.23139],[-67.92264,10.23135],[-67.92257,10.23132],[-67.92248,10.23132],[-67.92235,10.23132],[-67.92221,10.23135],[-67.92209,10.23139],[-67.92197,10.23144],[-67.92188,10.23152],[-67.92185,10.2316],[-67.92181,10.23167],[-67.92176,10.23173],[-67.92165,10.23181],[-67.92148,10.2319],[-67.92133,10.23195],[-67.92113,10.23198],[-67.92102,10.23203],[-67.92089,10.23211],[-67.92077,10.23217],[-67.92055,10.23223],[-67.9204,10.23229],[-67.92026,10.23239],[-67.92015,10.23246],[-67.92002,10.23254],[-67.91989,10.23259],[-67.91985,10.23254],[-67.91978,10.23244],[-67.9197,10.23231],[-67.91963,10.23219],[-67.91956,10.232],[-67.91947,10.23168],[-67.91942,10.23143],[-67.91934,10.23109],[-67.9192,10.23098],[-67.91914,10.23089],[-67.91908,10.23084],[-67.91898,10.2308],[-67.91883,10.23077],[-67.91874,10.23075],[-67.91861,10.23069],[-67.91851,10.23064],[-67.91846,10.23062],[-67.91838,10.2306],[-67.91831,10.23058],[-67.91824,10.23056],[-67.91806,10.23047],[-67.91787,10.23037],[-67.91767,10.23024],[-67.91758,10.23015],[-67.91749,10.23002],[-67.91746,10.22997],[-67.91745,10.2299],[-67.91745,10.22981],[-67.91742,10.22971],[-67.91738,10.22965],[-67.91728,10.22952],[-67.91717,10.22941],[-67.91708,10.2293],[-67.91703,10.22922],[-67.917,10.22909],[-67.91695,10.22881],[-67.91693,10.22868],[-67.91692,10.22857],[-67.917,10.22817],[-67.91701,10.22809],[-67.91699,10.22803],[-67.91691,10.22795],[-67.91683,10.22789],[-67.91676,10.22781],[-67.91668,10.22768],[-67.91659,10.22758],[-67.91651,10.22751],[-67.91638,10.22744],[-67.91624,10.22743],[-67.91618,10.22744],[-67.91609,10.22747],[-67.91603,10.22748],[-67.91595,10.22751],[-67.91583,10.22757],[-67.9157,10.22758],[-67.91565,10.22758],[-67.91558,10.22758],[-67.91551,10.22756],[-67.91545,10.22754],[-67.91539,10.22747],[-67.91531,10.22736],[-67.91525,10.22726],[-67.9152,10.22721],[-67.91509,10.22716],[-67.91503,10.22713],[-67.91497,10.2271],[-67.9149,10.22705],[-67.91483,10.22699],[-67.91474,10.22687],[-67.91461,10.2267],[-67.91449,10.22652],[-67.9144,10.22633],[-67.91425,10.22615],[-67.91416,10.22605],[-67.9141,10.22597],[-67.91405,10.22587],[-67.91402,10.22577],[-67.91399,10.22567],[-67.91393,10.22558],[-67.91386,10.22551],[-67.9136,10.22534],[-67.91353,10.22528],[-67.91343,10.22516],[-67.91337,10.22503],[-67.91325,10.22492],[-67.91318,10.22485],[-67.91312,10.22474],[-67.91308,10.22464],[-67.91305,10.22447],[-67.91301,10.22417],[-67.91298,10.22379],[-67.91297,10.22361],[-67.91297,10.22346],[-67.91296,10.22331],[-67.91293,10.22318],[-67.91272,10.22277],[-67.91254,10.22252],[-67.91243,10.2224],[-67.91227,10.22227],[-67.91211,10.22217],[-67.912,10.22211],[-67.91186,10.22207],[-67.91169,10.22202],[-67.91145,10.22195],[-67.91134,10.22192],[-67.9112,10.22186],[-67.91099,10.22169],[-67.91082,10.22156],[-67.91067,10.2214],[-67.91061,10.22131],[-67.91054,10.22122],[-67.91043,10.22114],[-67.91031,10.22106],[-67.90999,10.22095],[-67.91002,10.22067],[-67.91003,10.22049],[-67.91001,10.22036],[-67.90998,10.2202],[-67.90991,10.21996],[-67.90984,10.21975],[-67.90981,10.21962],[-67.9098,10.21951],[-67.9098,10.21935],[-67.90983,10.21909],[-67.90989,10.21857],[-67.90995,10.21817],[-67.90986,10.21806],[-67.90963,10.21771],[-67.90938,10.21732],[-67.90913,10.21683],[-67.90858,10.21562],[-67.90885,10.21532],[-67.90924,10.2149],[-67.9095,10.21463],[-67.9098,10.21434],[-67.91027,10.2139],[-67.90992,10.21357],[-67.90905,10.21291],[-67.90886,10.21183],[-67.90883,10.21132],[-67.90877,10.21037],[-67.90856,10.20869],[-67.90837,10.20704],[-67.9084,10.207],[-67.90842,10.20696],[-67.90844,10.20692],[-67.90843,10.20683],[-67.90825,10.2057],[-67.90824,10.20561],[-67.90825,10.20559],[-67.90826,10.20556],[-67.90836,10.20534],[-67.90848,10.20512],[-67.90845,10.20504],[-67.90843,10.20499],[-67.90839,10.20495],[-67.90828,10.20487],[-67.90825,10.20485],[-67.90818,10.20481],[-67.9081,10.20477],[-67.90799,10.20468],[-67.90796,10.20466],[-67.90793,10.20461],[-67.90791,10.20456],[-67.90788,10.2045],[-67.9078,10.2043],[-67.90777,10.20421],[-67.90776,10.20416],[-67.90776,10.20412],[-67.90777,10.20409],[-67.90779,10.20407],[-67.90784,10.20404],[-67.9079,10.204],[-67.90793,10.20398],[-67.90798,10.20392],[-67.90804,10.20381],[-67.90813,10.20359],[-67.90816,10.20348],[-67.90816,10.20335],[-67.90812,10.20322],[-67.90808,10.20312],[-67.908,10.20301],[-67.90778,10.20278],[-67.90707,10.20205],[-67.90667,10.20166],[-67.9066,10.20159],[-67.90658,10.20154],[-67.90655,10.20142],[-67.90648,10.20105],[-67.90638,10.20046],[-67.90631,10.20022],[-67.90626,10.20008],[-67.90616,10.1999],[-67.90591,10.19949],[-67.90553,10.19889],[-67.90527,10.19848],[-67.90506,10.19819],[-67.90477,10.1978],[-67.90465,10.19768],[-67.90451,10.1976],[-67.90439,10.19754],[-67.90425,10.19748],[-67.90411,10.19742],[-67.90395,10.1973],[-67.90374,10.19707],[-67.90342,10.19665],[-67.9033,10.19652],[-67.90302,10.19629],[-67.90284,10.19617],[-67.90252,10.19593],[-67.90231,10.19573],[-67.90223,10.19564],[-67.90219,10.19555],[-67.90215,10.19544],[-67.90212,10.19532],[-67.9021,10.19518],[-67.9021,10.19492],[-67.90211,10.19447],[-67.90212,10.19427],[-67.90214,10.19415],[-67.90219,10.19401],[-67.90224,10.19389],[-67.90226,10.19381],[-67.90226,10.19372],[-67.90224,10.19362],[-67.9021,10.19328],[-67.90197,10.19299],[-67.90188,10.19276],[-67.90178,10.19243],[-67.90171,10.19224],[-67.90163,10.1921],[-67.90159,10.19202],[-67.90154,10.19193],[-67.90151,10.19182],[-67.90149,10.19174],[-67.90146,10.19166],[-67.90139,10.19154],[-67.90128,10.19137],[-67.90122,10.19125],[-67.90117,10.19106],[-67.90113,10.19083],[-67.90111,10.19069],[-67.90113,10.19055],[-67.90117,10.19043],[-67.90126,10.19025],[-67.90135,10.19011],[-67.9015,10.18988],[-67.90158,10.18975],[-67.90161,10.18961],[-67.90162,10.18941],[-67.90159,10.18919],[-67.90155,10.18902],[-67.90146,10.18885],[-67.90136,10.18867],[-67.90116,10.18843],[-67.90009,10.18718],[-67.89979,10.18685],[-67.89932,10.18633],[-67.89904,10.18605],[-67.89889,10.18594],[-67.89875,10.18584],[-67.89862,10.18573],[-67.89852,10.18565],[-67.89839,10.18557],[-67.89832,10.18549],[-67.89822,10.18541],[-67.8981,10.18534],[-67.89799,10.18529],[-67.89785,10.18525],[-67.89776,10.18524],[-67.89764,10.18525],[-67.89749,10.18528],[-67.89739,10.18528],[-67.89732,10.18527],[-67.89726,10.18525],[-67.8972,10.18525],[-67.89714,10.18528],[-67.89708,10.18533],[-67.89699,10.1854],[-67.89689,10.18546],[-67.89681,10.18549],[-67.89658,10.18556],[-67.89647,10.18559],[-67.89639,10.1856],[-67.89632,10.1856],[-67.89626,10.18559],[-67.89621,10.18554],[-67.89618,10.18547],[-67.89618,10.18536],[-67.89619,10.18531],[-67.89628,10.18509],[-67.89635,10.18498],[-67.89639,10.1849],[-67.89641,10.18483],[-67.89641,10.18474],[-67.89637,10.1847],[-67.89631,10.18466],[-67.89615,10.1846],[-67.89602,10.18457],[-67.89592,10.18457],[-67.89587,10.18458],[-67.89584,10.18461],[-67.89582,10.18465],[-67.89579,10.18469],[-67.89574,10.18473],[-67.89569,10.18475],[-67.8956,10.18477],[-67.89556,10.18478],[-67.89552,10.18481],[-67.89549,10.18483],[-67.89548,10.18487],[-67.89545,10.185],[-67.89541,10.18508],[-67.89535,10.18516],[-67.89528,10.18522],[-67.89518,10.18529],[-67.89507,10.18535],[-67.89496,10.18539],[-67.89485,10.18542],[-67.89478,10.18544],[-67.89467,10.18544],[-67.89452,10.18545],[-67.89443,10.18544],[-67.89435,10.18542],[-67.89432,10.1854],[-67.89431,10.18537],[-67.89431,10.18533],[-67.89433,10.1853],[-67.89437,10.18527],[-67.89444,10.18522],[-67.89448,10.18517],[-67.89451,10.1851],[-67.89451,10.18501],[-67.89449,10.18492],[-67.89442,10.18477],[-67.89431,10.1846],[-67.89426,10.18451],[-67.89423,10.18443],[-67.89422,10.18437],[-67.89424,10.18431],[-67.89427,10.18427],[-67.89431,10.18418],[-67.89436,10.18409],[-67.8944,10.184],[-67.89444,10.18394],[-67.89452,10.18382],[-67.89462,10.18373],[-67.89476,10.18356],[-67.89485,10.18346],[-67.89498,10.18331],[-67.89508,10.18318],[-67.89517,10.18306],[-67.89524,10.18298],[-67.8953,10.18293],[-67.89533,10.18289],[-67.89534,10.18284],[-67.89534,10.18278],[-67.8953,10.1827],[-67.89527,10.18264],[-67.89521,10.18257],[-67.89515,10.18253],[-67.89508,10.18248],[-67.89497,10.18244],[-67.8949,10.1824],[-67.89484,10.18235],[-67.89478,10.18228],[-67.89473,10.1822],[-67.8947,10.18213],[-67.89467,10.18206],[-67.89464,10.18198],[-67.89464,10.18195],[-67.89463,10.18191],[-67.89461,10.18188],[-67.89457,10.18184],[-67.89454,10.1818],[-67.8945,10.18174],[-67.89447,10.18169],[-67.89443,10.18164],[-67.89438,10.1816],[-67.89429,10.18157],[-67.89424,10.18154],[-67.89419,10.18151],[-67.89415,10.18147],[-67.89405,10.18139],[-67.89389,10.18129],[-67.89386,10.18127],[-67.89382,10.18123],[-67.8938,10.1812],[-67.89379,10.18113],[-67.89378,10.18103],[-67.89378,10.18094],[-67.8938,10.18081],[-67.89382,10.18068],[-67.89383,10.18062],[-67.89384,10.18059],[-67.89387,10.18056],[-67.89391,10.18053],[-67.89395,10.18051],[-67.89399,10.18048],[-67.89408,10.18037],[-67.89411,10.18033],[-67.89415,10.18028],[-67.89418,10.18019],[-67.89422,10.17999],[-67.89427,10.1798],[-67.89429,10.17963],[-67.89434,10.17948],[-67.89438,10.17935],[-67.8944,10.17929],[-67.8944,10.17924],[-67.8944,10.17917],[-67.89439,10.17911],[-67.89438,10.17905],[-67.89439,10.17897],[-67.8944,10.17882],[-67.89441,10.17873],[-67.89442,10.17866],[-67.89444,10.17857],[-67.89446,10.17847],[-67.89447,10.17818],[-67.89447,10.17797],[-67.89447,10.17782],[-67.89448,10.17771],[-67.89451,10.17749],[-67.89453,10.17735],[-67.89454,10.17718],[-67.89454,10.17712],[-67.89452,10.17707],[-67.89449,10.17704],[-67.89446,10.17701],[-67.89443,10.17698],[-67.8944,10.17693],[-67.89438,10.17688],[-67.89438,10.17682],[-67.89438,10.17678],[-67.8944,10.17675],[-67.89442,10.17673],[-67.89446,10.17672],[-67.8945,10.17673],[-67.89454,10.17672],[-67.89458,10.17671],[-67.89463,10.17667],[-67.89468,10.17662],[-67.8947,10.17659],[-67.89471,10.17656],[-67.8947,10.17654],[-67.89468,10.17651],[-67.89465,10.17648],[-67.89464,10.17644],[-67.89463,10.1764],[-67.89466,10.17634],[-67.89471,10.17627],[-67.89474,10.17623],[-67.89475,10.17616],[-67.89475,10.1761],[-67.89475,10.17604],[-67.89475,10.17588],[-67.89477,10.17566],[-67.89479,10.17558],[-67.89479,10.1755],[-67.89477,10.17544],[-67.89473,10.17537],[-67.89469,10.17532],[-67.89464,10.17528],[-67.89457,10.17524],[-67.89451,10.17519],[-67.89446,10.17514],[-67.89445,10.17512],[-67.89444,10.17509],[-67.89445,10.17506],[-67.89446,10.17503],[-67.89449,10.175],[-67.89453,10.17496],[-67.89455,10.17492],[-67.89455,10.17488],[-67.89454,10.17484],[-67.89453,10.17481],[-67.8945,10.17477],[-67.89448,10.17475],[-67.89446,10.17473],[-67.89444,10.1747],[-67.89444,10.17467],[-67.89444,10.17462],[-67.89444,10.17459],[-67.89443,10.17455],[-67.8944,10.17454],[-67.89437,10.17454],[-67.89432,10.17454],[-67.89429,10.17454],[-67.89426,10.17452],[-67.89422,10.17449],[-67.89418,10.17443],[-67.89411,10.17436],[-67.89407,10.17432],[-67.89403,10.1743],[-67.89398,10.17428],[-67.89389,10.17425],[-67.89383,10.17422],[-67.89378,10.17418],[-67.89373,10.17415],[-67.89371,10.17412],[-67.89369,10.17408],[-67.89367,10.17401],[-67.89366,10.17391],[-67.89364,10.17384],[-67.89363,10.17375],[-67.89363,10.17364],[-67.89365,10.17357],[-67.89366,10.17352],[-67.89365,10.17347],[-67.89363,10.17343],[-67.89361,10.17339],[-67.89354,10.17336],[-67.89352,10.17334],[-67.8935,10.17331],[-67.89349,10.17328],[-67.89349,10.17324],[-67.89347,10.17317],[-67.89345,10.17306],[-67.89344,10.17301],[-67.89343,10.17299],[-67.89342,10.17287],[-67.89343,10.17278],[-67.89344,10.17272],[-67.89347,10.17266],[-67.89354,10.17256],[-67.89356,10.17252],[-67.89359,10.17246],[-67.8936,10.1724],[-67.89363,10.17233],[-67.89366,10.17222],[-67.89368,10.17217],[-67.89378,10.17187],[-67.89379,10.17183],[-67.89379,10.1718],[-67.89378,10.17177],[-67.89376,10.17176],[-67.89373,10.17175],[-67.89371,10.17173],[-67.89369,10.17171],[-67.89366,10.17167],[-67.89364,10.17164],[-67.89363,10.17162],[-67.89363,10.17159],[-67.89364,10.17157],[-67.89364,10.17154],[-67.89364,10.17151],[-67.89362,10.17146],[-67.89361,10.17144],[-67.89358,10.17142],[-67.89356,10.17142],[-67.89353,10.17142],[-67.8935,10.17143],[-67.89347,10.17144],[-67.89345,10.17144],[-67.89342,10.17142],[-67.89341,10.1714],[-67.8934,10.17137],[-67.8934,10.17135],[-67.8934,10.17132],[-67.89341,10.1713],[-67.89341,10.17127],[-67.8934,10.17124],[-67.89339,10.17122],[-67.89335,10.17118],[-67.89333,10.17117],[-67.89331,10.17115],[-67.8933,10.17112],[-67.89328,10.17109],[-67.89327,10.17106],[-67.89327,10.17104],[-67.89328,10.17101],[-67.89329,10.17093],[-67.89329,10.17092],[-67.89329,10.17089],[-67.89328,10.17086],[-67.89327,10.17084],[-67.89324,10.17083],[-67.89319,10.17081],[-67.89316,10.1708],[-67.89314,10.17078],[-67.89312,10.17075],[-67.8931,10.17073],[-67.89304,10.17066],[-67.89302,10.17064],[-67.89301,10.17061],[-67.893,10.17059],[-67.89299,10.17056],[-67.893,10.17053],[-67.89303,10.17034],[-67.89303,10.17032],[-67.89302,10.17029],[-67.89301,10.17026],[-67.89299,10.17024],[-67.89296,10.17019],[-67.89294,10.17018],[-67.89291,10.17016],[-67.89289,10.17014],[-67.89288,10.17011],[-67.89288,10.17009],[-67.89289,10.17006],[-67.89292,10.17001],[-67.89293,10.16998],[-67.89294,10.16995],[-67.89295,10.16993],[-67.89295,10.1699],[-67.89295,10.16987],[-67.89294,10.16985],[-67.89292,10.16983],[-67.89289,10.16978],[-67.89288,10.16976],[-67.89287,10.16973],[-67.89286,10.1697],[-67.89285,10.16968],[-67.89283,10.16966],[-67.89281,10.16964],[-67.89279,10.16963],[-67.89272,10.16962],[-67.89266,10.16963],[-67.8926,10.16965],[-67.89254,10.16967],[-67.89249,10.16967],[-67.89245,10.16963],[-67.89242,10.16958],[-67.89241,10.16947],[-67.89239,10.16942],[-67.89235,10.16939],[-67.89231,10.16934],[-67.89227,10.16929],[-67.89224,10.16925],[-67.89218,10.16914],[-67.89216,10.16909],[-67.89215,10.16904],[-67.89213,10.16899],[-67.89213,10.16893],[-67.89213,10.16882],[-67.89211,10.16877],[-67.89207,10.16874],[-67.89202,10.16874],[-67.89196,10.16875],[-67.8919,10.16877],[-67.89185,10.16879],[-67.8918,10.16882],[-67.89174,10.16884],[-67.89169,10.16886],[-67.89163,10.16887],[-67.89158,10.16886],[-67.89153,10.16884],[-67.89149,10.16881],[-67.89146,10.16876],[-67.89142,10.1686],[-67.8914,10.16855],[-67.89137,10.16848],[-67.8913,10.16839],[-67.89126,10.16835],[-67.89123,10.16831],[-67.89121,10.16826],[-67.89121,10.16821],[-67.89122,10.16815],[-67.89124,10.1681],[-67.8913,10.16801],[-67.89133,10.16796],[-67.89134,10.16791],[-67.89134,10.16786],[-67.89131,10.16781],[-67.89128,10.16777],[-67.8912,10.16769],[-67.89117,10.16765],[-67.89115,10.16759],[-67.89115,10.16754],[-67.89115,10.16749],[-67.89115,10.16738],[-67.89114,10.16732],[-67.89112,10.16727],[-67.89108,10.1672],[-67.89107,10.16714],[-67.89106,10.16703],[-67.89103,10.16698],[-67.89099,10.16694],[-67.89095,10.16692],[-67.89089,10.16692],[-67.89083,10.16694],[-67.89078,10.16695],[-67.89073,10.16695],[-67.89069,10.16692],[-67.89066,10.16687],[-67.89066,10.16681],[-67.89067,10.16675],[-67.8907,10.1667],[-67.89075,10.16667],[-67.89081,10.1666],[-67.89086,10.16658],[-67.89091,10.16655],[-67.89095,10.16651],[-67.89097,10.16646],[-67.89097,10.16641],[-67.89095,10.16635],[-67.89084,10.16609],[-67.89078,10.16599],[-67.89074,10.16595],[-67.89069,10.16593],[-67.89058,10.16591],[-67.89053,10.16589],[-67.89048,10.16587],[-67.89045,10.16582],[-67.89044,10.16577],[-67.89041,10.16572],[-67.89037,10.16569],[-67.89032,10.16566],[-67.89015,10.16562],[-67.89003,10.16561],[-67.88998,10.16561],[-67.88987,10.16561],[-67.88982,10.16559],[-67.88977,10.16557],[-67.88972,10.16554],[-67.8897,10.16549],[-67.8897,10.16544],[-67.8897,10.16538],[-67.88979,10.16531],[-67.88989,10.16525],[-67.88993,10.1652],[-67.88994,10.16514],[-67.88996,10.16504],[-67.88994,10.16495],[-67.88993,10.16489],[-67.8899,10.16484],[-67.88987,10.1648],[-67.88983,10.16477],[-67.88978,10.16475],[-67.88967,10.16472],[-67.88962,10.16469],[-67.88959,10.16465],[-67.88958,10.1646],[-67.88958,10.16455],[-67.88959,10.16449],[-67.8896,10.16444],[-67.88961,10.16435],[-67.8896,10.1643],[-67.88957,10.16426],[-67.88952,10.16424],[-67.88946,10.16424],[-67.88941,10.16421],[-67.88938,10.16417],[-67.88935,10.16413],[-67.88933,10.16408],[-67.8893,10.16398],[-67.88929,10.16387],[-67.88927,10.1637],[-67.88926,10.16365],[-67.88925,10.16359],[-67.88923,10.16353],[-67.88919,10.16349],[-67.88898,10.16314],[-67.88892,10.16298],[-67.88885,10.1627],[-67.8888,10.16253],[-67.88879,10.16247],[-67.88876,10.16242],[-67.88872,10.16239],[-67.88867,10.16236],[-67.88862,10.16236],[-67.88857,10.16237],[-67.88851,10.16237],[-67.88846,10.16237],[-67.88842,10.16234],[-67.88833,10.16228],[-67.88828,10.16226],[-67.88823,10.16226],[-67.88818,10.16224],[-67.88815,10.1622],[-67.88812,10.16215],[-67.88811,10.1621],[-67.88812,10.162],[-67.88811,10.16194],[-67.88809,10.16189],[-67.88806,10.16184],[-67.88802,10.16182],[-67.88796,10.16182],[-67.8879,10.16183],[-67.88785,10.16183],[-67.8878,10.1618],[-67.88778,10.16175],[-67.88775,10.16165],[-67.88773,10.16159],[-67.8877,10.16155],[-67.88761,10.16136],[-67.88757,10.16126],[-67.88755,10.16121],[-67.88753,10.16114],[-67.88745,10.16104],[-67.88741,10.16097],[-67.88741,10.16091],[-67.88739,10.16084],[-67.88734,10.16079],[-67.88718,10.16067],[-67.88709,10.16057],[-67.88704,10.16049],[-67.88699,10.16039],[-67.88694,10.16028],[-67.88691,10.1602],[-67.88686,10.16016],[-67.88681,10.16014],[-67.88669,10.16011],[-67.88643,10.16007],[-67.88628,10.16004],[-67.88617,10.16],[-67.88608,10.15995],[-67.88603,10.15989],[-67.886,10.15983],[-67.88596,10.1598],[-67.88587,10.15979],[-67.88583,10.15981],[-67.88576,10.15984],[-67.88568,10.15987],[-67.88562,10.15988],[-67.88556,10.15985],[-67.88551,10.15981],[-67.8855,10.15977],[-67.88549,10.15969],[-67.88549,10.15962],[-67.88548,10.15952],[-67.88546,10.15943],[-67.88539,10.15937],[-67.88532,10.15934],[-67.88524,10.15933],[-67.88507,10.1593],[-67.88494,10.15926],[-67.88487,10.15923],[-67.8848,10.15917],[-67.88473,10.15909],[-67.88466,10.15903],[-67.88456,10.15892],[-67.88443,10.1588],[-67.87836,10.15614],[-67.85538,10.14603]]]}},{"type":"Feature","properties":{"name":"San Joaquín","admin_level":"6","osm_id":10833247},"geometry":{"type":"Polygon","coordinates":[[[-67.79946,10.16984],[-67.72453,10.20175],[-67.73672,10.25001],[-67.73806,10.26326],[-67.73859,10.26615],[-67.73846,10.26623],[-67.73882,10.26741],[-67.73971,10.26997],[-67.74108,10.27392],[-67.74226,10.27719],[-67.74353,10.27753],[-67.74444,10.27979],[-67.7453,10.28074],[-67.74519,10.28105],[-67.74537,10.28168],[-67.74546,10.28221],[-67.74631,10.2827],[-67.74624,10.2835],[-67.74617,10.28373],[-67.74612,10.28398],[-67.74608,10.2842],[-67.74605,10.28436],[-67.74605,10.28463],[-67.74604,10.28487],[-67.74604,10.285],[-67.74602,10.28511],[-67.74598,10.2853],[-67.74593,10.2854],[-67.74584,10.28553],[-67.74574,10.28561],[-67.74562,10.2857],[-67.7454,10.2858],[-67.74536,10.28599],[-67.74534,10.28609],[-67.74529,10.28617],[-67.74522,10.28623],[-67.74516,10.28627],[-67.74506,10.2863],[-67.74497,10.28633],[-67.7449,10.28638],[-67.74472,10.2865],[-67.74463,10.28662],[-67.74459,10.2868],[-67.74455,10.28696],[-67.74453,10.28708],[-67.74447,10.28772],[-67.74444,10.28844],[-67.74441,10.28884],[-67.7444,10.289],[-67.74437,10.28913],[-67.74434,10.28929],[-67.74432,10.28941],[-67.74432,10.28952],[-67.74433,10.28961],[-67.74435,10.28971],[-67.74439,10.2898],[-67.74446,10.28989],[-67.74453,10.29004],[-67.74456,10.29016],[-67.7446,10.29029],[-67.74465,10.29053],[-67.74477,10.2908],[-67.74485,10.29111],[-67.74486,10.29123],[-67.74486,10.29133],[-67.74482,10.29144],[-67.74476,10.29155],[-67.7447,10.29167],[-67.74466,10.29177],[-67.74461,10.29185],[-67.74458,10.29191],[-67.74454,10.29195],[-67.74451,10.29199],[-67.74448,10.29203],[-67.74446,10.29206],[-67.74445,10.29211],[-67.74442,10.29228],[-67.74438,10.29239],[-67.74436,10.29249],[-67.74435,10.29257],[-67.74434,10.29269],[-67.74434,10.29279],[-67.74433,10.29289],[-67.74431,10.29299],[-67.74429,10.29313],[-67.74427,10.2933],[-67.74427,10.29346],[-67.74428,10.2937],[-67.7443,10.294],[-67.74433,10.29425],[-67.74442,10.29482],[-67.74446,10.29506],[-67.74448,10.29527],[-67.74449,10.29542],[-67.74446,10.29557],[-67.74443,10.29568],[-67.74431,10.29597],[-67.74425,10.29612],[-67.74421,10.29623],[-67.74418,10.29636],[-67.74413,10.29656],[-67.74411,10.29673],[-67.7441,10.29686],[-67.74412,10.29699],[-67.74412,10.29711],[-67.7441,10.29717],[-67.74406,10.29724],[-67.744,10.29733],[-67.74397,10.29744],[-67.74396,10.29759],[-67.74394,10.29801],[-67.74356,10.29832],[-67.74335,10.29851],[-67.74325,10.29858],[-67.74318,10.29863],[-67.74313,10.29871],[-67.74311,10.2988],[-67.7431,10.2989],[-67.74311,10.29903],[-67.74311,10.29916],[-67.7431,10.29928],[-67.74305,10.29949],[-67.74293,10.30007],[-67.74266,10.30014],[-67.7423,10.30025],[-67.74187,10.30043],[-67.74171,10.30052],[-67.74158,10.30063],[-67.74153,10.30071],[-67.74149,10.3008],[-67.74138,10.30107],[-67.74133,10.30115],[-67.74121,10.30127],[-67.74117,10.30134],[-67.74114,10.3014],[-67.74112,10.30149],[-67.7411,10.30157],[-67.74109,10.30171],[-67.74108,10.30203],[-67.7411,10.30238],[-67.74106,10.30248],[-67.74101,10.30255],[-67.74098,10.30263],[-67.74095,10.30274],[-67.74092,10.30281],[-67.74085,10.30294],[-67.74083,10.30298],[-67.74083,10.30301],[-67.74084,10.3031],[-67.74087,10.30323],[-67.7409,10.30332],[-67.74093,10.30339],[-67.74099,10.30349],[-67.74103,10.30356],[-67.74109,10.30364],[-67.74115,10.3037],[-67.74124,10.30381],[-67.74136,10.30395],[-67.74148,10.30411],[-67.74154,10.3042],[-67.74157,10.30425],[-67.74159,10.30431],[-67.74161,10.30444],[-67.74161,10.30457],[-67.74159,10.30472],[-67.74155,10.30492],[-67.74153,10.30503],[-67.74153,10.30513],[-67.74153,10.30523],[-67.74155,10.30542],[-67.74157,10.30569],[-67.74156,10.30589],[-67.74153,10.30619],[-67.7415,10.30635],[-67.74146,10.30649],[-67.74145,10.30659],[-67.74145,10.30668],[-67.74147,10.30673],[-67.74154,10.30686],[-67.74157,10.30694],[-67.74164,10.30705],[-67.74144,10.3074],[-67.74134,10.30757],[-67.74128,10.30768],[-67.7412,10.3078],[-67.7411,10.30799],[-67.74107,10.30811],[-67.74102,10.30825],[-67.74104,10.3085],[-67.74107,10.30863],[-67.7411,10.30871],[-67.74114,10.3088],[-67.74118,10.30885],[-67.74125,10.30889],[-67.74132,10.30891],[-67.74144,10.30892],[-67.74158,10.30895],[-67.74167,10.30898],[-67.74177,10.30904],[-67.74187,10.30909],[-67.74198,10.30919],[-67.74205,10.30932],[-67.74208,10.30945],[-67.74206,10.30959],[-67.74206,10.30967],[-67.74206,10.30979],[-67.74208,10.30992],[-67.74212,10.31003],[-67.74232,10.31025],[-67.74247,10.31041],[-67.74262,10.3106],[-67.74278,10.3108],[-67.74291,10.311],[-67.74308,10.31133],[-67.74311,10.3114],[-67.74324,10.31162],[-67.74337,10.31177],[-67.74352,10.31188],[-67.7438,10.31209],[-67.74387,10.31238],[-67.74389,10.31251],[-67.74391,10.31258],[-67.74397,10.31273],[-67.74403,10.31285],[-67.74409,10.31294],[-67.74422,10.31309],[-67.74428,10.31314],[-67.74436,10.31324],[-67.7444,10.31331],[-67.74442,10.3134],[-67.74442,10.31347],[-67.74441,10.31354],[-67.7444,10.31363],[-67.74441,10.31373],[-67.74442,10.31384],[-67.74446,10.31396],[-67.7445,10.31411],[-67.74456,10.3143],[-67.74461,10.31444],[-67.74466,10.31454],[-67.74472,10.31463],[-67.74481,10.31479],[-67.7449,10.31491],[-67.74522,10.31519],[-67.74533,10.31528],[-67.74542,10.31536],[-67.74548,10.31543],[-67.74557,10.31557],[-67.74562,10.31568],[-67.74568,10.31578],[-67.74572,10.31584],[-67.74575,10.3159],[-67.7458,10.316],[-67.74584,10.31616],[-67.74586,10.31634],[-67.74586,10.31654],[-67.74584,10.3167],[-67.74579,10.31704],[-67.74596,10.31718],[-67.74608,10.31727],[-67.74619,10.31739],[-67.74626,10.3175],[-67.7463,10.3176],[-67.74631,10.3177],[-67.74633,10.31779],[-67.74634,10.31788],[-67.74639,10.31799],[-67.7465,10.31819],[-67.74663,10.31852],[-67.74667,10.31865],[-67.74673,10.31886],[-67.74677,10.31904],[-67.74681,10.31917],[-67.74688,10.31929],[-67.74695,10.3194],[-67.74725,10.31984],[-67.74719,10.31997],[-67.74715,10.32003],[-67.74711,10.32012],[-67.74707,10.3202],[-67.74704,10.32026],[-67.747,10.32032],[-67.74695,10.32036],[-67.74686,10.32042],[-67.74676,10.3205],[-67.74668,10.32054],[-67.74663,10.32056],[-67.74653,10.32058],[-67.74638,10.3206],[-67.74629,10.3206],[-67.74617,10.32063],[-67.74605,10.32066],[-67.74597,10.32071],[-67.74589,10.32076],[-67.74575,10.32081],[-67.74557,10.32084],[-67.7454,10.3209],[-67.74528,10.32098],[-67.74512,10.32106],[-67.74478,10.32127],[-67.74475,10.32144],[-67.74472,10.32156],[-67.74468,10.32169],[-67.74462,10.32178],[-67.74456,10.32185],[-67.74441,10.32198],[-67.74434,10.32207],[-67.74425,10.32219],[-67.74404,10.32245],[-67.74404,10.323],[-67.74401,10.32352],[-67.74398,10.32369],[-67.74399,10.32379],[-67.744,10.32389],[-67.74408,10.32418],[-67.74412,10.32449],[-67.74412,10.32461],[-67.74413,10.3247],[-67.74416,10.32478],[-67.7442,10.32484],[-67.74425,10.32492],[-67.74427,10.32498],[-67.74427,10.32506],[-67.74426,10.32513],[-67.74424,10.32521],[-67.74422,10.32529],[-67.74422,10.32537],[-67.74423,10.32547],[-67.74428,10.32572],[-67.74428,10.32582],[-67.74426,10.32592],[-67.74423,10.32598],[-67.74417,10.32603],[-67.74411,10.32608],[-67.74406,10.32613],[-67.74403,10.3262],[-67.744,10.32629],[-67.74397,10.32646],[-67.74395,10.32667],[-67.74395,10.32681],[-67.74395,10.32689],[-67.74398,10.32699],[-67.74402,10.32708],[-67.74405,10.32716],[-67.74406,10.32725],[-67.74403,10.32743],[-67.74403,10.32761],[-67.74405,10.32774],[-67.74409,10.3279],[-67.7441,10.32816],[-67.74409,10.32839],[-67.744,10.32869],[-67.74387,10.32894],[-67.74357,10.32939],[-67.74335,10.32975],[-67.74313,10.33004],[-67.74281,10.3305],[-67.74264,10.33074],[-67.74249,10.33097],[-67.74232,10.33128],[-67.74217,10.33161],[-67.74209,10.33189],[-67.74197,10.33243],[-67.74188,10.33276],[-67.74176,10.33307],[-67.7416,10.33333],[-67.74133,10.33379],[-67.74113,10.33413],[-67.74085,10.33453],[-67.74008,10.33544],[-67.74,10.3359],[-67.73997,10.33624],[-67.73989,10.33656],[-67.73983,10.33673],[-67.7397,10.3371],[-67.73961,10.33743],[-67.73957,10.33767],[-67.73959,10.33786],[-67.73964,10.33821],[-67.73979,10.33866],[-67.73992,10.33891],[-67.74,10.33912],[-67.74003,10.33933],[-67.74001,10.33961],[-67.73989,10.34014],[-67.73975,10.34055],[-67.73965,10.34092],[-67.73947,10.34158],[-67.73935,10.34205],[-67.7391,10.34319],[-67.74089,10.34351],[-67.74144,10.34362],[-67.74179,10.3437],[-67.74235,10.34391],[-67.7428,10.34415],[-67.74324,10.3445],[-67.74348,10.34482],[-67.74374,10.3453],[-67.74395,10.34557],[-67.74428,10.34581],[-67.74476,10.34614],[-67.74521,10.34642],[-67.74567,10.34662],[-67.74622,10.34675],[-67.74701,10.3469],[-67.74765,10.3473],[-67.74813,10.34765],[-67.74853,10.34797],[-67.74888,10.34822],[-67.74913,10.34834],[-67.74945,10.34841],[-67.74981,10.34841],[-67.75042,10.3484],[-67.75153,10.34839],[-67.75199,10.34867],[-67.75276,10.34911],[-67.75329,10.34933],[-67.75447,10.35008],[-67.75497,10.3497],[-67.75525,10.34943],[-67.75551,10.34915],[-67.75579,10.34867],[-67.75619,10.3479],[-67.75654,10.34719],[-67.75677,10.34678],[-67.75704,10.34649],[-67.75723,10.3464],[-67.75762,10.34626],[-67.75832,10.34607],[-67.75978,10.34695],[-67.7602,10.34718],[-67.7605,10.34737],[-67.76087,10.34767],[-67.76128,10.34816],[-67.76172,10.34865],[-67.76189,10.34881],[-67.7622,10.34905],[-67.76259,10.34923],[-67.76307,10.34937],[-67.76391,10.34959],[-67.7643,10.34969],[-67.76465,10.34978],[-67.76502,10.34995],[-67.76574,10.35033],[-67.76608,10.35052],[-67.7664,10.35061],[-67.7667,10.35062],[-67.76712,10.35056],[-67.76747,10.35047],[-67.76977,10.34995],[-67.77015,10.3499],[-67.77059,10.3498],[-67.77094,10.34966],[-67.77129,10.34946],[-67.77179,10.34916],[-67.77213,10.34902],[-67.77237,10.34887],[-67.77258,10.34862],[-67.77283,10.34822],[-67.77313,10.34739],[-67.77338,10.34719],[-67.77368,10.34696],[-67.77398,10.34667],[-67.77485,10.34583],[-67.77506,10.34567],[-67.77529,10.3455],[-67.77552,10.3454],[-67.77575,10.34533],[-67.77624,10.34525],[-67.77742,10.34502],[-67.77801,10.34492],[-67.77904,10.34471],[-67.77961,10.34453],[-67.77988,10.34437],[-67.78022,10.34416],[-67.78058,10.34378],[-67.78096,10.34336],[-67.78149,10.34281],[-67.78231,10.34199],[-67.78272,10.34161],[-67.78302,10.34123],[-67.78336,10.34072],[-67.78361,10.3401],[-67.78398,10.33881],[-67.78431,10.33784],[-67.78486,10.33799],[-67.78557,10.33805],[-67.78593,10.33805],[-67.78664,10.33791],[-67.78748,10.33769],[-67.78818,10.33749],[-67.78888,10.33731],[-67.78984,10.33722],[-67.79081,10.33713],[-67.79105,10.33648],[-67.79131,10.33586],[-67.79156,10.33547],[-67.79184,10.33504],[-67.79206,10.33474],[-67.79245,10.33439],[-67.79288,10.33408],[-67.79348,10.33365],[-67.79422,10.33317],[-67.79453,10.33294],[-67.79471,10.33269],[-67.79489,10.33236],[-67.79501,10.33202],[-67.79523,10.33131],[-67.7956,10.33029],[-67.79628,10.32876],[-67.79658,10.32807],[-67.79702,10.32816],[-67.79762,10.32824],[-67.7988,10.32842],[-67.79901,10.32858],[-67.79939,10.32884],[-67.79987,10.32911],[-67.80044,10.32932],[-67.80141,10.32958],[-67.8021,10.32988],[-67.80259,10.32995],[-67.80309,10.32996],[-67.80382,10.32978],[-67.80463,10.32954],[-67.80568,10.32919],[-67.80704,10.32873],[-67.80754,10.32889],[-67.8078,10.32907],[-67.80809,10.32925],[-67.80837,10.3294],[-67.80873,10.32958],[-67.80907,10.32964],[-67.80947,10.32964],[-67.81059,10.32958],[-67.81116,10.32982],[-67.81154,10.33004],[-67.81192,10.33025],[-67.81224,10.33046],[-67.81255,10.33065],[-67.81281,10.33085],[-67.81305,10.33113],[-67.81326,10.33145],[-67.81352,10.33178],[-67.81385,10.33216],[-67.81412,10.3324],[-67.81441,10.33259],[-67.81481,10.33267],[-67.81562,10.3328],[-67.81688,10.33307],[-67.81744,10.33326],[-67.81792,10.33346],[-67.81859,10.33377],[-67.81952,10.33412],[-67.82026,10.33448],[-67.82073,10.33478],[-67.82123,10.33513],[-67.82158,10.3355],[-67.82192,10.33596],[-67.8223,10.33625],[-67.82272,10.33654],[-67.82351,10.33694],[-67.82438,10.33721],[-67.82517,10.3374],[-67.8258,10.33749],[-67.82635,10.33753],[-67.82712,10.33748],[-67.82791,10.33748],[-67.82884,10.33752],[-67.82954,10.3375],[-67.83043,10.3375],[-67.83102,10.33765],[-67.83148,10.33783],[-67.83189,10.3381],[-67.83223,10.33831],[-67.83268,10.33862],[-67.8331,10.33891],[-67.8336,10.3393],[-67.8339,10.3395],[-67.8344,10.33981],[-67.83501,10.34018],[-67.83536,10.34029],[-67.83678,10.3409],[-67.83682,10.34027],[-67.83686,10.33972],[-67.83689,10.33953],[-67.83698,10.33933],[-67.83709,10.33915],[-67.83718,10.33905],[-67.83726,10.33895],[-67.83733,10.33886],[-67.83735,10.33878],[-67.83736,10.33866],[-67.83735,10.33855],[-67.83731,10.33827],[-67.83729,10.3381],[-67.83728,10.33795],[-67.8373,10.33778],[-67.83734,10.33765],[-67.83742,10.33742],[-67.8375,10.33721],[-67.83764,10.33697],[-67.83786,10.33655],[-67.83786,10.3361],[-67.83781,10.3354],[-67.83774,10.33482],[-67.83765,10.33448],[-67.83754,10.33427],[-67.83737,10.33401],[-67.83722,10.33379],[-67.83715,10.3337],[-67.83705,10.3336],[-67.83678,10.33333],[-67.83661,10.33313],[-67.8365,10.33277],[-67.83648,10.33264],[-67.83644,10.33251],[-67.8364,10.3324],[-67.83632,10.33228],[-67.83626,10.33213],[-67.83618,10.33192],[-67.83611,10.33165],[-67.83604,10.33147],[-67.83596,10.33123],[-67.83592,10.33096],[-67.83587,10.33066],[-67.83577,10.33032],[-67.83571,10.33013],[-67.83567,10.33001],[-67.83567,10.3298],[-67.83568,10.3292],[-67.83589,10.32873],[-67.83598,10.32857],[-67.83612,10.32836],[-67.83623,10.32821],[-67.83635,10.32808],[-67.8365,10.32798],[-67.83662,10.32787],[-67.83671,10.3278],[-67.83689,10.32765],[-67.83737,10.32711],[-67.83743,10.32655],[-67.83746,10.32637],[-67.83746,10.32621],[-67.83745,10.32615],[-67.83743,10.32607],[-67.83739,10.326],[-67.83735,10.32595],[-67.8373,10.32589],[-67.83725,10.32577],[-67.83717,10.32559],[-67.83711,10.3254],[-67.83701,10.32523],[-67.83693,10.3251],[-67.83672,10.32487],[-67.83655,10.3247],[-67.83647,10.32462],[-67.83642,10.32454],[-67.83641,10.32446],[-67.8364,10.32437],[-67.83638,10.3243],[-67.83631,10.32423],[-67.83624,10.32419],[-67.83618,10.32417],[-67.83612,10.32413],[-67.83607,10.32407],[-67.83596,10.32391],[-67.83588,10.32374],[-67.83577,10.32345],[-67.83561,10.32309],[-67.83538,10.32256],[-67.83529,10.32237],[-67.83523,10.32223],[-67.8352,10.32206],[-67.83515,10.32167],[-67.83512,10.3213],[-67.83512,10.32081],[-67.83513,10.32021],[-67.83514,10.31998],[-67.83514,10.31982],[-67.83512,10.31962],[-67.83509,10.31946],[-67.83504,10.31918],[-67.83512,10.31905],[-67.83531,10.31885],[-67.83542,10.31873],[-67.83548,10.31867],[-67.83554,10.31865],[-67.83558,10.31863],[-67.83566,10.31862],[-67.83576,10.31863],[-67.83586,10.31865],[-67.83593,10.31871],[-67.83603,10.31868],[-67.83613,10.3186],[-67.83622,10.31849],[-67.83629,10.31839],[-67.83637,10.3183],[-67.83646,10.31822],[-67.83653,10.31815],[-67.8366,10.31811],[-67.83674,10.31806],[-67.83701,10.318],[-67.83723,10.31794],[-67.83749,10.31787],[-67.83763,10.31782],[-67.83769,10.31779],[-67.83777,10.31773],[-67.83786,10.31765],[-67.8379,10.3176],[-67.838,10.31746],[-67.83811,10.31732],[-67.83815,10.31726],[-67.83818,10.31719],[-67.83819,10.31709],[-67.83819,10.31687],[-67.83819,10.31667],[-67.83824,10.31639],[-67.83829,10.31622],[-67.83839,10.31599],[-67.83844,10.31589],[-67.83852,10.31576],[-67.83863,10.31562],[-67.83876,10.31552],[-67.83898,10.31537],[-67.83906,10.31531],[-67.83914,10.31526],[-67.83925,10.31523],[-67.83941,10.31517],[-67.83955,10.31509],[-67.83965,10.31501],[-67.83975,10.31491],[-67.83989,10.31481],[-67.84003,10.31473],[-67.84023,10.31463],[-67.8405,10.31449],[-67.84067,10.3144],[-67.84077,10.31433],[-67.84087,10.31424],[-67.84097,10.31412],[-67.84117,10.31387],[-67.84136,10.31365],[-67.84152,10.31342],[-67.84171,10.31317],[-67.84187,10.313],[-67.84195,10.31295],[-67.84203,10.3129],[-67.84213,10.31287],[-67.84223,10.31283],[-67.8423,10.31276],[-67.84237,10.31268],[-67.84247,10.31257],[-67.84258,10.31246],[-67.84273,10.31236],[-67.84283,10.31229],[-67.84295,10.31221],[-67.84314,10.31207],[-67.84334,10.31192],[-67.84355,10.3118],[-67.84378,10.31164],[-67.84398,10.31151],[-67.84407,10.31144],[-67.84421,10.31132],[-67.84433,10.31118],[-67.84444,10.31105],[-67.8446,10.31085],[-67.84478,10.31063],[-67.84497,10.31037],[-67.84516,10.31012],[-67.84528,10.30992],[-67.84544,10.30961],[-67.84556,10.30932],[-67.8456,10.30918],[-67.84565,10.30905],[-67.84573,10.30897],[-67.84586,10.30888],[-67.84594,10.30881],[-67.84602,10.30871],[-67.84605,10.30861],[-67.84611,10.30835],[-67.8462,10.30807],[-67.84625,10.30795],[-67.84631,10.30785],[-67.84639,10.30776],[-67.84657,10.30763],[-67.84696,10.30737],[-67.84703,10.30732],[-67.84711,10.30726],[-67.84718,10.30717],[-67.84723,10.30703],[-67.84727,10.30689],[-67.8473,10.30682],[-67.84734,10.30668],[-67.84741,10.30639],[-67.84754,10.30636],[-67.84771,10.30633],[-67.8484,10.30627],[-67.8485,10.30588],[-67.84854,10.3057],[-67.84861,10.30551],[-67.84868,10.30533],[-67.84878,10.30506],[-67.84884,10.30488],[-67.84889,10.30476],[-67.84894,10.30466],[-67.84899,10.30459],[-67.84906,10.30448],[-67.84914,10.30436],[-67.84925,10.30418],[-67.84944,10.30391],[-67.84945,10.30356],[-67.84946,10.30338],[-67.84948,10.30323],[-67.84949,10.30313],[-67.84951,10.30304],[-67.8496,10.3029],[-67.84966,10.30282],[-67.84968,10.30268],[-67.84968,10.30255],[-67.84965,10.30244],[-67.84962,10.30236],[-67.84957,10.30228],[-67.84953,10.30222],[-67.84951,10.30216],[-67.84949,10.30204],[-67.8495,10.30191],[-67.84955,10.30166],[-67.84968,10.3012],[-67.8498,10.30114],[-67.85001,10.30107],[-67.85038,10.30094],[-67.85049,10.30064],[-67.85057,10.30044],[-67.8506,10.30034],[-67.85062,10.30025],[-67.85061,10.30013],[-67.85058,10.30003],[-67.85046,10.29983],[-67.85031,10.29941],[-67.85028,10.29924],[-67.85027,10.29914],[-67.85029,10.29904],[-67.85032,10.29892],[-67.85038,10.29871],[-67.85042,10.29859],[-67.85047,10.29851],[-67.85054,10.29843],[-67.85062,10.29837],[-67.85066,10.29831],[-67.85069,10.29824],[-67.85071,10.29815],[-67.85071,10.29808],[-67.85072,10.298],[-67.85074,10.29791],[-67.85078,10.29781],[-67.85088,10.29764],[-67.85093,10.29757],[-67.85098,10.29744],[-67.85102,10.29734],[-67.85104,10.29724],[-67.85107,10.2971],[-67.85109,10.29694],[-67.85109,10.29687],[-67.85109,10.29679],[-67.8511,10.29668],[-67.85112,10.29662],[-67.85115,10.29655],[-67.85121,10.29649],[-67.85111,10.29613],[-67.85102,10.29583],[-67.85095,10.29563],[-67.85088,10.29544],[-67.85092,10.2954],[-67.85096,10.29533],[-67.85099,10.29526],[-67.851,10.29518],[-67.851,10.29507],[-67.85099,10.29488],[-67.85095,10.29449],[-67.85091,10.2943],[-67.85091,10.29416],[-67.85091,10.294],[-67.85087,10.29389],[-67.85085,10.2938],[-67.85082,10.2937],[-67.8508,10.29355],[-67.85077,10.29346],[-67.85072,10.29338],[-67.85067,10.2933],[-67.85066,10.29323],[-67.85064,10.29317],[-67.85065,10.29308],[-67.8507,10.29299],[-67.85077,10.29292],[-67.85088,10.29284],[-67.85089,10.29218],[-67.85073,10.29195],[-67.85066,10.29183],[-67.85063,10.29173],[-67.85062,10.29162],[-67.85064,10.29152],[-67.85069,10.29143],[-67.85075,10.29132],[-67.85083,10.29123],[-67.85099,10.29107],[-67.85124,10.29079],[-67.85156,10.29048],[-67.85188,10.29023],[-67.85211,10.29004],[-67.85231,10.28982],[-67.85229,10.28959],[-67.85229,10.28945],[-67.85229,10.28934],[-67.85232,10.28919],[-67.85235,10.28907],[-67.8524,10.2888],[-67.85241,10.28862],[-67.85242,10.28842],[-67.85241,10.28832],[-67.8524,10.28824],[-67.85238,10.28815],[-67.85237,10.28804],[-67.85236,10.2879],[-67.85237,10.28757],[-67.85237,10.2875],[-67.85239,10.2874],[-67.85241,10.28727],[-67.85261,10.28692],[-67.8525,10.28673],[-67.85247,10.28665],[-67.85245,10.28655],[-67.85244,10.28643],[-67.85247,10.28623],[-67.8525,10.28612],[-67.85254,10.28601],[-67.85272,10.28554],[-67.85266,10.28513],[-67.85264,10.28496],[-67.8526,10.28473],[-67.85247,10.2841],[-67.85242,10.28387],[-67.85241,10.28376],[-67.85242,10.28359],[-67.85244,10.28341],[-67.85246,10.28315],[-67.85247,10.28287],[-67.85253,10.28239],[-67.85259,10.28204],[-67.85279,10.28194],[-67.85301,10.28179],[-67.85309,10.28172],[-67.85313,10.28165],[-67.85318,10.28155],[-67.85322,10.28142],[-67.85324,10.28126],[-67.8533,10.28103],[-67.85337,10.28083],[-67.85342,10.28072],[-67.85348,10.28062],[-67.85351,10.28053],[-67.85354,10.28041],[-67.85369,10.28018],[-67.85407,10.27977],[-67.85421,10.27963],[-67.85435,10.27944],[-67.85452,10.27921],[-67.85474,10.27886],[-67.85485,10.27866],[-67.85504,10.27831],[-67.85524,10.27798],[-67.85541,10.27786],[-67.85555,10.27774],[-67.85563,10.27764],[-67.85575,10.27747],[-67.85582,10.27732],[-67.85585,10.27719],[-67.85589,10.27706],[-67.85592,10.27681],[-67.85594,10.27645],[-67.85596,10.27622],[-67.85598,10.27606],[-67.85603,10.27587],[-67.85618,10.27544],[-67.85632,10.27513],[-67.85646,10.27478],[-67.85629,10.27446],[-67.85615,10.27419],[-67.856,10.27389],[-67.85583,10.27339],[-67.85574,10.27314],[-67.85567,10.27304],[-67.85559,10.27291],[-67.85554,10.27283],[-67.85551,10.27277],[-67.85548,10.27268],[-67.8554,10.27238],[-67.85537,10.27221],[-67.85534,10.27213],[-67.85531,10.27204],[-67.85526,10.27199],[-67.85519,10.27196],[-67.85492,10.27182],[-67.85481,10.27157],[-67.85478,10.27148],[-67.85474,10.27141],[-67.85466,10.27134],[-67.85454,10.27126],[-67.85432,10.27113],[-67.85413,10.27099],[-67.85397,10.27088],[-67.85387,10.27078],[-67.85375,10.27063],[-67.85361,10.27043],[-67.85343,10.27028],[-67.85323,10.27013],[-67.85301,10.26996],[-67.8529,10.26983],[-67.85282,10.26972],[-67.85267,10.2695],[-67.85255,10.26928],[-67.8525,10.26916],[-67.85248,10.26902],[-67.85249,10.2689],[-67.85251,10.26868],[-67.85249,10.26792],[-67.85249,10.26761],[-67.85253,10.26721],[-67.85254,10.26704],[-67.85254,10.26696],[-67.85252,10.26689],[-67.85247,10.26682],[-67.85239,10.26677],[-67.85233,10.26671],[-67.85229,10.26665],[-67.85228,10.26657],[-67.85226,10.26645],[-67.85228,10.26631],[-67.85229,10.26622],[-67.85232,10.26612],[-67.85238,10.26603],[-67.85245,10.26594],[-67.8525,10.26587],[-67.85258,10.26576],[-67.85266,10.26557],[-67.8527,10.26545],[-67.85277,10.26533],[-67.85291,10.26519],[-67.85308,10.26504],[-67.85299,10.26473],[-67.85291,10.26452],[-67.85285,10.26439],[-67.85271,10.26424],[-67.85255,10.26432],[-67.85249,10.26437],[-67.8524,10.26446],[-67.85231,10.26458],[-67.85218,10.26473],[-67.8519,10.26492],[-67.85177,10.26476],[-67.85164,10.26459],[-67.85159,10.26428],[-67.85155,10.26404],[-67.85154,10.26394],[-67.85154,10.2638],[-67.85154,10.26364],[-67.8515,10.26345],[-67.8514,10.26323],[-67.85125,10.26298],[-67.85114,10.26276],[-67.8511,10.26263],[-67.85105,10.26239],[-67.85098,10.26207],[-67.85089,10.26175],[-67.85087,10.26135],[-67.85087,10.26111],[-67.85079,10.26099],[-67.85074,10.26086],[-67.85071,10.26073],[-67.85071,10.26056],[-67.8507,10.26029],[-67.85063,10.26011],[-67.85057,10.25994],[-67.85059,10.25981],[-67.85064,10.25958],[-67.85063,10.25952],[-67.85058,10.25944],[-67.85052,10.25934],[-67.85046,10.25928],[-67.8504,10.25919],[-67.85032,10.25908],[-67.85027,10.25898],[-67.85022,10.2588],[-67.85018,10.25857],[-67.85017,10.25833],[-67.85016,10.25825],[-67.85015,10.25819],[-67.85012,10.25813],[-67.85009,10.25808],[-67.85006,10.25802],[-67.85004,10.25797],[-67.85004,10.25788],[-67.85003,10.25762],[-67.85001,10.2574],[-67.84999,10.25695],[-67.85008,10.2569],[-67.85016,10.25684],[-67.85027,10.25674],[-67.85036,10.25663],[-67.85058,10.25636],[-67.85058,10.25591],[-67.85058,10.25568],[-67.85061,10.25544],[-67.85059,10.25533],[-67.85057,10.25525],[-67.85052,10.25516],[-67.8504,10.25501],[-67.85026,10.25483],[-67.8499,10.25444],[-67.84979,10.25434],[-67.84967,10.25424],[-67.84956,10.25413],[-67.84945,10.25403],[-67.84934,10.25389],[-67.84925,10.25375],[-67.84919,10.25362],[-67.84916,10.25349],[-67.84914,10.25335],[-67.84913,10.25316],[-67.84827,10.25284],[-67.84802,10.25273],[-67.8479,10.25268],[-67.84843,10.25026],[-67.8475,10.24813],[-67.84712,10.24388],[-67.84419,10.23958],[-67.844,10.23851],[-67.84322,10.23746],[-67.84275,10.23687],[-67.8413,10.23475],[-67.84013,10.23319],[-67.83647,10.22822],[-67.83558,10.22712],[-67.83475,10.22598],[-67.83397,10.22496],[-67.83349,10.22427],[-67.83354,10.22424],[-67.8329,10.22339],[-67.83184,10.22198],[-67.8318,10.22192],[-67.83186,10.22178],[-67.83138,10.22148],[-67.83082,10.22137],[-67.79946,10.16984]]]}},{"type":"Feature","properties":{"name":"Diego Ibarra","admin_level":"6","osm_id":10833248},"geometry":{"type":"Polygon","coordinates":[[[-67.72453,10.20175],[-67.66822,10.19776],[-67.67322,10.25517],[-67.67339,10.25551],[-67.67325,10.25559],[-67.6732,10.25562],[-67.67316,10.25567],[-67.67314,10.25571],[-67.67313,10.25575],[-67.67313,10.25579],[-67.67314,10.25584],[-67.67317,10.25591],[-67.67334,10.25615],[-67.67395,10.25721],[-67.67367,10.25769],[-67.67347,10.25791],[-67.67334,10.25804],[-67.67305,10.25832],[-67.67291,10.25852],[-67.67282,10.25866],[-67.6727,10.25881],[-67.67259,10.25893],[-67.67246,10.25902],[-67.67225,10.25911],[-67.67203,10.25919],[-67.67184,10.25926],[-67.67166,10.25937],[-67.67154,10.25949],[-67.67142,10.25966],[-67.6713,10.25983],[-67.67115,10.25999],[-67.67107,10.26004],[-67.67096,10.26008],[-67.67084,10.26015],[-67.67076,10.2602],[-67.67067,10.26031],[-67.67059,10.26044],[-67.67049,10.26055],[-67.67031,10.26067],[-67.66997,10.26085],[-67.66981,10.2609],[-67.66966,10.26092],[-67.66952,10.26092],[-67.66942,10.2609],[-67.66931,10.26089],[-67.66923,10.26092],[-67.66918,10.26096],[-67.66915,10.26102],[-67.66901,10.26118],[-67.66883,10.26135],[-67.66866,10.26147],[-67.66849,10.26157],[-67.66834,10.26164],[-67.66816,10.26169],[-67.66803,10.26175],[-67.66779,10.26185],[-67.66743,10.26202],[-67.66728,10.26209],[-67.66715,10.26215],[-67.66702,10.26221],[-67.66692,10.26227],[-67.66684,10.26233],[-67.66676,10.26243],[-67.66669,10.2626],[-67.66663,10.26288],[-67.66656,10.26314],[-67.66646,10.26339],[-67.66636,10.26354],[-67.66625,10.26363],[-67.66612,10.26375],[-67.66592,10.26396],[-67.6658,10.26414],[-67.66575,10.26427],[-67.66572,10.26437],[-67.66573,10.26447],[-67.66576,10.26459],[-67.66582,10.26472],[-67.66583,10.26485],[-67.66582,10.26496],[-67.66579,10.26521],[-67.66567,10.26566],[-67.66556,10.26586],[-67.66546,10.26598],[-67.66527,10.26612],[-67.66501,10.26631],[-67.66486,10.26647],[-67.66478,10.2666],[-67.66468,10.26678],[-67.66457,10.26699],[-67.66446,10.26725],[-67.66437,10.26738],[-67.66425,10.26748],[-67.66418,10.26759],[-67.66412,10.26768],[-67.66408,10.26784],[-67.66408,10.26803],[-67.66408,10.26844],[-67.66407,10.26866],[-67.66404,10.26893],[-67.66403,10.26928],[-67.66402,10.26955],[-67.66397,10.27],[-67.66395,10.27018],[-67.66396,10.27031],[-67.66399,10.27043],[-67.66408,10.27093],[-67.66412,10.27122],[-67.66413,10.27149],[-67.6641,10.27165],[-67.66407,10.27174],[-67.66396,10.272],[-67.66392,10.27213],[-67.66389,10.27225],[-67.66389,10.27236],[-67.66389,10.2725],[-67.66389,10.2728],[-67.66387,10.27302],[-67.66383,10.27346],[-67.66317,10.27388],[-67.66303,10.27399],[-67.66295,10.27411],[-67.66287,10.27427],[-67.66273,10.27463],[-67.66262,10.27482],[-67.66247,10.275],[-67.66238,10.27513],[-67.66233,10.27523],[-67.6623,10.27536],[-67.66229,10.27546],[-67.66229,10.27566],[-67.66234,10.2762],[-67.66221,10.27645],[-67.66213,10.27659],[-67.6621,10.2767],[-67.6621,10.27679],[-67.66213,10.27689],[-67.66213,10.27696],[-67.66211,10.27716],[-67.66212,10.2773],[-67.66215,10.27745],[-67.66222,10.27767],[-67.66225,10.2778],[-67.66225,10.27793],[-67.66224,10.27803],[-67.66225,10.27818],[-67.66228,10.27832],[-67.66213,10.2785],[-67.66208,10.27858],[-67.66196,10.27878],[-67.66188,10.27891],[-67.66181,10.279],[-67.66172,10.27908],[-67.66158,10.27919],[-67.66152,10.27926],[-67.66149,10.27931],[-67.66145,10.27938],[-67.66142,10.27946],[-67.66121,10.27946],[-67.66108,10.27947],[-67.661,10.27948],[-67.66088,10.2795],[-67.66078,10.27953],[-67.66069,10.27959],[-67.66057,10.27967],[-67.66048,10.27974],[-67.66043,10.27978],[-67.66037,10.2798],[-67.66029,10.27981],[-67.66021,10.27981],[-67.66013,10.2798],[-67.66007,10.27982],[-67.66,10.27985],[-67.65994,10.2799],[-67.65988,10.27995],[-67.65982,10.27999],[-67.65974,10.28003],[-67.65962,10.28007],[-67.65945,10.28007],[-67.65917,10.28009],[-67.65901,10.28008],[-67.65886,10.28004],[-67.65875,10.27999],[-67.65864,10.27991],[-67.65853,10.27983],[-67.6584,10.27971],[-67.65833,10.27967],[-67.65823,10.27963],[-67.65814,10.2796],[-67.65801,10.27959],[-67.65793,10.27957],[-67.65783,10.27953],[-67.65774,10.27947],[-67.65761,10.27935],[-67.65751,10.27928],[-67.6574,10.27921],[-67.65729,10.27916],[-67.6572,10.27913],[-67.65708,10.2791],[-67.65698,10.27906],[-67.65684,10.27899],[-67.65662,10.27891],[-67.65634,10.27907],[-67.6562,10.27914],[-67.65606,10.2792],[-67.65595,10.27923],[-67.6559,10.27928],[-67.6558,10.27936],[-67.65573,10.27943],[-67.65567,10.27947],[-67.65558,10.27951],[-67.65548,10.27954],[-67.65542,10.27955],[-67.65533,10.27956],[-67.65526,10.27958],[-67.6552,10.2796],[-67.65515,10.27965],[-67.65512,10.27972],[-67.65508,10.2798],[-67.65503,10.27989],[-67.65497,10.27997],[-67.65492,10.28002],[-67.65484,10.28006],[-67.65478,10.28008],[-67.65472,10.28011],[-67.65464,10.28016],[-67.65459,10.28022],[-67.65455,10.28029],[-67.65453,10.28036],[-67.6545,10.28045],[-67.65444,10.28055],[-67.65436,10.28066],[-67.65428,10.28074],[-67.65418,10.28081],[-67.65409,10.28086],[-67.65402,10.28087],[-67.65393,10.28089],[-67.65381,10.28091],[-67.6537,10.28093],[-67.65354,10.28097],[-67.65346,10.28099],[-67.65337,10.28104],[-67.65317,10.28116],[-67.653,10.28126],[-67.6529,10.28133],[-67.65282,10.28137],[-67.65275,10.2814],[-67.65267,10.28144],[-67.65254,10.28144],[-67.65216,10.28133],[-67.65199,10.28184],[-67.65189,10.28219],[-67.65183,10.28235],[-67.65179,10.28247],[-67.6517,10.28263],[-67.65163,10.28274],[-67.65157,10.28284],[-67.65154,10.28291],[-67.65152,10.28298],[-67.65151,10.28317],[-67.65152,10.28331],[-67.65153,10.28342],[-67.65153,10.28353],[-67.65151,10.2836],[-67.65148,10.28367],[-67.65135,10.28381],[-67.65126,10.28393],[-67.6512,10.28404],[-67.65116,10.28411],[-67.65115,10.28416],[-67.65115,10.28421],[-67.65116,10.28426],[-67.6512,10.28437],[-67.65123,10.28446],[-67.65123,10.28455],[-67.65122,10.28462],[-67.6512,10.28468],[-67.65118,10.28472],[-67.65117,10.28478],[-67.65116,10.28486],[-67.65115,10.28495],[-67.65113,10.28514],[-67.65113,10.28526],[-67.65113,10.28542],[-67.65115,10.28554],[-67.65116,10.28567],[-67.65116,10.2857],[-67.65117,10.28579],[-67.6512,10.28593],[-67.65128,10.28614],[-67.65135,10.28628],[-67.65137,10.28643],[-67.65138,10.28657],[-67.65142,10.28697],[-67.65147,10.28737],[-67.6514,10.28762],[-67.65138,10.28772],[-67.65138,10.2878],[-67.65139,10.28787],[-67.65141,10.28794],[-67.6514,10.28801],[-67.65138,10.28807],[-67.65135,10.28814],[-67.65132,10.28821],[-67.65127,10.28829],[-67.65125,10.28834],[-67.65117,10.28844],[-67.65106,10.28858],[-67.65084,10.28881],[-67.6509,10.28899],[-67.65097,10.2892],[-67.65097,10.28932],[-67.65096,10.2894],[-67.65095,10.28949],[-67.65096,10.28972],[-67.65094,10.29001],[-67.65092,10.29027],[-67.65092,10.29042],[-67.65093,10.29065],[-67.65095,10.2909],[-67.65095,10.29112],[-67.65095,10.2915],[-67.65097,10.29168],[-67.65098,10.29176],[-67.65099,10.29199],[-67.651,10.29215],[-67.65101,10.29229],[-67.65102,10.29251],[-67.65104,10.29266],[-67.65106,10.29288],[-67.65109,10.29324],[-67.65116,10.29402],[-67.65117,10.29407],[-67.65118,10.29419],[-67.65118,10.29436],[-67.65115,10.2945],[-67.65108,10.29484],[-67.65095,10.29532],[-67.6509,10.29553],[-67.65088,10.29566],[-67.65087,10.29576],[-67.65087,10.29587],[-67.65091,10.29602],[-67.65097,10.29627],[-67.65098,10.29641],[-67.65098,10.29653],[-67.65097,10.29662],[-67.65095,10.29674],[-67.65094,10.29681],[-67.65095,10.29686],[-67.65096,10.29693],[-67.65105,10.29716],[-67.6511,10.29733],[-67.65111,10.2974],[-67.65111,10.29748],[-67.65109,10.29756],[-67.65109,10.29765],[-67.65109,10.29773],[-67.6511,10.29778],[-67.65114,10.29788],[-67.65117,10.29804],[-67.65122,10.29833],[-67.65124,10.29847],[-67.65125,10.29854],[-67.65128,10.29859],[-67.65137,10.29871],[-67.65145,10.29886],[-67.65152,10.29904],[-67.65156,10.29917],[-67.65158,10.29931],[-67.65158,10.29943],[-67.65157,10.29961],[-67.65152,10.30005],[-67.65152,10.30016],[-67.65155,10.30027],[-67.65159,10.30042],[-67.65175,10.30076],[-67.65183,10.30089],[-67.65198,10.30105],[-67.65219,10.30134],[-67.65226,10.30142],[-67.65264,10.30178],[-67.65273,10.30185],[-67.6528,10.3019],[-67.65283,10.30196],[-67.653,10.30228],[-67.65313,10.30229],[-67.65322,10.30232],[-67.65328,10.30237],[-67.65332,10.30243],[-67.65334,10.3025],[-67.65335,10.30258],[-67.65335,10.30264],[-67.65334,10.30271],[-67.65331,10.30276],[-67.65326,10.30281],[-67.65319,10.30286],[-67.65293,10.30309],[-67.65283,10.3032],[-67.65279,10.30325],[-67.65278,10.30332],[-67.65279,10.30345],[-67.65281,10.30357],[-67.65285,10.30366],[-67.65292,10.30379],[-67.65297,10.30388],[-67.65299,10.30393],[-67.65299,10.30399],[-67.65299,10.30406],[-67.65297,10.30418],[-67.65292,10.30442],[-67.65288,10.30459],[-67.65289,10.30467],[-67.6529,10.30473],[-67.65291,10.30477],[-67.65295,10.30482],[-67.65298,10.30485],[-67.65303,10.30487],[-67.6531,10.30487],[-67.65321,10.30486],[-67.65338,10.30485],[-67.65408,10.3048],[-67.6542,10.3048],[-67.65428,10.30484],[-67.65434,10.30491],[-67.6544,10.30497],[-67.65446,10.30505],[-67.65452,10.30512],[-67.6546,10.30518],[-67.65467,10.30523],[-67.65478,10.30527],[-67.65487,10.30532],[-67.65496,10.30537],[-67.65502,10.30545],[-67.65506,10.30553],[-67.65512,10.30569],[-67.65515,10.3058],[-67.65516,10.30589],[-67.65515,10.30595],[-67.65513,10.30604],[-67.65513,10.3061],[-67.65516,10.30618],[-67.65525,10.30631],[-67.6553,10.30644],[-67.65535,10.30657],[-67.6554,10.30667],[-67.65546,10.30677],[-67.65554,10.30686],[-67.65559,10.30693],[-67.65561,10.307],[-67.65561,10.30707],[-67.65559,10.30714],[-67.65557,10.30723],[-67.65555,10.3073],[-67.65557,10.30738],[-67.65559,10.30744],[-67.65564,10.30754],[-67.65591,10.30802],[-67.65596,10.30809],[-67.65606,10.30821],[-67.65624,10.30842],[-67.65632,10.30853],[-67.65645,10.30865],[-67.65654,10.30873],[-67.65673,10.30887],[-67.65722,10.3093],[-67.65759,10.30962],[-67.65772,10.30975],[-67.65783,10.30988],[-67.6579,10.31001],[-67.65802,10.31023],[-67.65819,10.31051],[-67.65826,10.31061],[-67.65833,10.31068],[-67.65838,10.31071],[-67.65855,10.31081],[-67.65864,10.31087],[-67.65868,10.31092],[-67.65872,10.31098],[-67.65878,10.31108],[-67.65892,10.31135],[-67.65899,10.31144],[-67.65912,10.31153],[-67.65929,10.31163],[-67.65945,10.31171],[-67.65955,10.31176],[-67.65959,10.31179],[-67.65963,10.31185],[-67.65995,10.31243],[-67.65999,10.31254],[-67.65999,10.3126],[-67.65997,10.31268],[-67.65995,10.3128],[-67.65996,10.3129],[-67.65999,10.31297],[-67.66004,10.31303],[-67.66009,10.31308],[-67.66015,10.31312],[-67.66024,10.31314],[-67.66034,10.31317],[-67.66044,10.31317],[-67.66058,10.31314],[-67.6607,10.31309],[-67.66091,10.31302],[-67.66104,10.31301],[-67.66117,10.31302],[-67.66127,10.31305],[-67.66144,10.31312],[-67.66158,10.31323],[-67.6617,10.31334],[-67.66183,10.31347],[-67.66196,10.31362],[-67.66203,10.31371],[-67.66207,10.31379],[-67.66211,10.31386],[-67.66215,10.31392],[-67.6622,10.31397],[-67.66227,10.31402],[-67.66233,10.31406],[-67.66236,10.31411],[-67.66237,10.31417],[-67.66251,10.31471],[-67.66252,10.3148],[-67.66252,10.31486],[-67.66249,10.31491],[-67.66246,10.31497],[-67.6624,10.31504],[-67.66236,10.3151],[-67.66235,10.31516],[-67.66237,10.31521],[-67.6624,10.31528],[-67.66245,10.31533],[-67.6626,10.31546],[-67.66269,10.31555],[-67.66275,10.31564],[-67.6628,10.31573],[-67.66283,10.31582],[-67.66286,10.31587],[-67.66291,10.31591],[-67.66299,10.31595],[-67.66313,10.316],[-67.66327,10.31607],[-67.66332,10.31612],[-67.66338,10.3162],[-67.66344,10.3163],[-67.66348,10.3164],[-67.6635,10.31653],[-67.6635,10.31668],[-67.6635,10.3169],[-67.6635,10.31723],[-67.66352,10.31746],[-67.66351,10.3176],[-67.66349,10.3177],[-67.66346,10.3178],[-67.66341,10.31794],[-67.66337,10.31813],[-67.66337,10.31817],[-67.66337,10.31824],[-67.66339,10.31832],[-67.66344,10.31839],[-67.6635,10.31843],[-67.66355,10.3185],[-67.66372,10.31878],[-67.66381,10.3189],[-67.66399,10.31906],[-67.66409,10.31917],[-67.66415,10.31926],[-67.6643,10.31958],[-67.66434,10.31964],[-67.66441,10.31968],[-67.66452,10.31971],[-67.66464,10.31976],[-67.66471,10.3198],[-67.66477,10.31986],[-67.66486,10.32004],[-67.66496,10.32027],[-67.66499,10.32043],[-67.66503,10.32061],[-67.66504,10.32072],[-67.66504,10.32079],[-67.66501,10.32089],[-67.66499,10.321],[-67.66497,10.32109],[-67.66497,10.32123],[-67.66526,10.32149],[-67.66538,10.32163],[-67.6655,10.32179],[-67.66563,10.322],[-67.66571,10.32214],[-67.66577,10.32227],[-67.66581,10.32242],[-67.66588,10.3227],[-67.66591,10.32284],[-67.66591,10.32296],[-67.66592,10.32314],[-67.66591,10.32324],[-67.66589,10.32336],[-67.66588,10.32357],[-67.6659,10.32373],[-67.66591,10.3239],[-67.66593,10.32403],[-67.66596,10.32418],[-67.66598,10.32438],[-67.66598,10.32451],[-67.66596,10.32461],[-67.66593,10.3247],[-67.66592,10.32476],[-67.6659,10.32485],[-67.66589,10.32492],[-67.66589,10.32497],[-67.66592,10.32503],[-67.66596,10.3251],[-67.66615,10.32548],[-67.66625,10.32568],[-67.66636,10.32584],[-67.66644,10.32594],[-67.66659,10.32606],[-67.66683,10.32623],[-67.66703,10.32641],[-67.66727,10.32666],[-67.6675,10.32694],[-67.6676,10.32701],[-67.66769,10.32708],[-67.66779,10.32712],[-67.66787,10.32714],[-67.66796,10.3272],[-67.66802,10.32725],[-67.66815,10.32733],[-67.66828,10.3274],[-67.66835,10.32747],[-67.66845,10.32759],[-67.66875,10.32795],[-67.66889,10.32809],[-67.66901,10.32818],[-67.66914,10.32826],[-67.66922,10.32831],[-67.66931,10.32837],[-67.66947,10.32843],[-67.66956,10.32849],[-67.66967,10.32856],[-67.66977,10.32863],[-67.66987,10.3287],[-67.66996,10.32875],[-67.67005,10.3288],[-67.6702,10.32887],[-67.67036,10.32897],[-67.67047,10.32904],[-67.67053,10.32911],[-67.67061,10.3292],[-67.67067,10.32926],[-67.67074,10.32932],[-67.67085,10.3294],[-67.67093,10.3295],[-67.67103,10.32962],[-67.6711,10.32974],[-67.67116,10.32985],[-67.67122,10.33003],[-67.67126,10.33017],[-67.67132,10.33041],[-67.67137,10.3306],[-67.67138,10.33073],[-67.67139,10.33085],[-67.6714,10.33093],[-67.67141,10.331],[-67.67143,10.33106],[-67.67148,10.33112],[-67.67155,10.3312],[-67.67162,10.33132],[-67.67167,10.33143],[-67.67172,10.33155],[-67.67174,10.33168],[-67.67175,10.33189],[-67.67174,10.33211],[-67.67173,10.3323],[-67.6717,10.33243],[-67.67169,10.3325],[-67.67169,10.33257],[-67.67169,10.33267],[-67.67168,10.33278],[-67.67166,10.33288],[-67.67156,10.33362],[-67.6732,10.33501],[-67.67421,10.3358],[-67.67457,10.33602],[-67.6749,10.33623],[-67.67521,10.33644],[-67.67544,10.33667],[-67.67573,10.33693],[-67.67595,10.3371],[-67.67623,10.33725],[-67.67672,10.33738],[-67.6772,10.33753],[-67.67756,10.33764],[-67.67785,10.33773],[-67.67813,10.33789],[-67.6785,10.33809],[-67.67868,10.33815],[-67.67898,10.33822],[-67.67934,10.33831],[-67.67969,10.33844],[-67.67992,10.33859],[-67.6803,10.33887],[-67.68052,10.33904],[-67.68071,10.33922],[-67.68089,10.33934],[-67.68108,10.33947],[-67.68125,10.33957],[-67.68143,10.3397],[-67.68157,10.33983],[-67.68169,10.34002],[-67.68176,10.3402],[-67.68184,10.34047],[-67.68205,10.34158],[-67.68318,10.34127],[-67.68359,10.3412],[-67.6841,10.3412],[-67.68468,10.34128],[-67.68514,10.34139],[-67.6856,10.34151],[-67.68653,10.34187],[-67.68691,10.34198],[-67.68728,10.34209],[-67.68774,10.34221],[-67.68825,10.34236],[-67.6885,10.34236],[-67.68877,10.34235],[-67.68898,10.34229],[-67.68921,10.34222],[-67.68951,10.34217],[-67.68991,10.34217],[-67.69064,10.34216],[-67.6918,10.34223],[-67.69231,10.34232],[-67.69266,10.34238],[-67.69315,10.34246],[-67.69446,10.34275],[-67.6964,10.34157],[-67.69679,10.34126],[-67.69735,10.34075],[-67.69784,10.34035],[-67.69816,10.34019],[-67.69848,10.34011],[-67.69891,10.34006],[-67.69969,10.34006],[-67.70087,10.34012],[-67.70193,10.34008],[-67.70207,10.33971],[-67.70232,10.33901],[-67.70244,10.33848],[-67.70271,10.33806],[-67.70303,10.33757],[-67.70331,10.33722],[-67.70361,10.33698],[-67.70423,10.3366],[-67.70477,10.33633],[-67.70514,10.33612],[-67.70568,10.33593],[-67.70639,10.33576],[-67.70702,10.33555],[-67.70758,10.33525],[-67.70783,10.33496],[-67.70802,10.33466],[-67.70837,10.33414],[-67.70876,10.33374],[-67.70966,10.33369],[-67.71059,10.33356],[-67.71137,10.33343],[-67.71203,10.33326],[-67.71278,10.33308],[-67.714,10.33284],[-67.71452,10.33335],[-67.715,10.33367],[-67.71567,10.33402],[-67.71659,10.33434],[-67.71765,10.33468],[-67.71806,10.33488],[-67.7185,10.33515],[-67.71901,10.33551],[-67.71976,10.33602],[-67.72022,10.33635],[-67.72062,10.33666],[-67.72117,10.33711],[-67.72166,10.33745],[-67.72212,10.33777],[-67.7227,10.33812],[-67.72342,10.33841],[-67.7239,10.3385],[-67.72421,10.33857],[-67.72478,10.33908],[-67.72517,10.33933],[-67.72551,10.33958],[-67.726,10.3399],[-67.72631,10.34002],[-67.72657,10.34006],[-67.72729,10.34],[-67.72806,10.33983],[-67.72874,10.3397],[-67.72948,10.34005],[-67.72981,10.34024],[-67.73021,10.34045],[-67.73049,10.34063],[-67.73073,10.34082],[-67.73096,10.34111],[-67.7312,10.34137],[-67.73156,10.34169],[-67.73186,10.34191],[-67.73216,10.3421],[-67.73247,10.34228],[-67.73292,10.34243],[-67.73344,10.34264],[-67.73405,10.34282],[-67.7345,10.34303],[-67.73485,10.34324],[-67.73518,10.34345],[-67.73553,10.34367],[-67.73579,10.34379],[-67.73612,10.34386],[-67.73648,10.34389],[-67.73689,10.3439],[-67.73772,10.34385],[-67.73847,10.34379],[-67.73901,10.34371],[-67.7391,10.34319],[-67.73935,10.34205],[-67.73947,10.34158],[-67.73965,10.34092],[-67.73975,10.34055],[-67.73989,10.34014],[-67.74001,10.33961],[-67.74003,10.33933],[-67.74,10.33912],[-67.73992,10.33891],[-67.73979,10.33866],[-67.73964,10.33821],[-67.73959,10.33786],[-67.73957,10.33767],[-67.73961,10.33743],[-67.7397,10.3371],[-67.73983,10.33673],[-67.73989,10.33656],[-67.73997,10.33624],[-67.74,10.3359],[-67.74008,10.33544],[-67.74085,10.33453],[-67.74113,10.33413],[-67.74133,10.33379],[-67.7416,10.33333],[-67.74176,10.33307],[-67.74188,10.33276],[-67.74197,10.33243],[-67.74209,10.33189],[-67.74217,10.33161],[-67.74232,10.33128],[-67.74249,10.33097],[-67.74264,10.33074],[-67.74281,10.3305],[-67.74313,10.33004],[-67.74335,10.32975],[-67.74357,10.32939],[-67.74387,10.32894],[-67.744,10.32869],[-67.74409,10.32839],[-67.7441,10.32816],[-67.74409,10.3279],[-67.74405,10.32774],[-67.74403,10.32761],[-67.74403,10.32743],[-67.74406,10.32725],[-67.74405,10.32716],[-67.74402,10.32708],[-67.74398,10.32699],[-67.74395,10.32689],[-67.74395,10.32681],[-67.74395,10.32667],[-67.74397,10.32646],[-67.744,10.32629],[-67.74403,10.3262],[-67.74406,10.32613],[-67.74411,10.32608],[-67.74417,10.32603],[-67.74423,10.32598],[-67.74426,10.32592],[-67.74428,10.32582],[-67.74428,10.32572],[-67.74423,10.32547],[-67.74422,10.32537],[-67.74422,10.32529],[-67.74424,10.32521],[-67.74426,10.32513],[-67.74427,10.32506],[-67.74427,10.32498],[-67.74425,10.32492],[-67.7442,10.32484],[-67.74416,10.32478],[-67.74413,10.3247],[-67.74412,10.32461],[-67.74412,10.32449],[-67.74408,10.32418],[-67.744,10.32389],[-67.74399,10.32379],[-67.74398,10.32369],[-67.74401,10.32352],[-67.74404,10.323],[-67.74404,10.32245],[-67.74425,10.32219],[-67.74434,10.32207],[-67.74441,10.32198],[-67.74456,10.32185],[-67.74462,10.32178],[-67.74468,10.32169],[-67.74472,10.32156],[-67.74475,10.32144],[-67.74478,10.32127],[-67.74512,10.32106],[-67.74528,10.32098],[-67.7454,10.3209],[-67.74557,10.32084],[-67.74575,10.32081],[-67.74589,10.32076],[-67.74597,10.32071],[-67.74605,10.32066],[-67.74617,10.32063],[-67.74629,10.3206],[-67.74638,10.3206],[-67.74653,10.32058],[-67.74663,10.32056],[-67.74668,10.32054],[-67.74676,10.3205],[-67.74686,10.32042],[-67.74695,10.32036],[-67.747,10.32032],[-67.74704,10.32026],[-67.74707,10.3202],[-67.74711,10.32012],[-67.74715,10.32003],[-67.74719,10.31997],[-67.74725,10.31984],[-67.74695,10.3194],[-67.74688,10.31929],[-67.74681,10.31917],[-67.74677,10.31904],[-67.74673,10.31886],[-67.74667,10.31865],[-67.74663,10.31852],[-67.7465,10.31819],[-67.74639,10.31799],[-67.74634,10.31788],[-67.74633,10.31779],[-67.74631,10.3177],[-67.7463,10.3176],[-67.74626,10.3175],[-67.74619,10.31739],[-67.74608,10.31727],[-67.74596,10.31718],[-67.74579,10.31704],[-67.74584,10.3167],[-67.74586,10.31654],[-67.74586,10.31634],[-67.74584,10.31616],[-67.7458,10.316],[-67.74575,10.3159],[-67.74572,10.31584],[-67.74568,10.31578],[-67.74562,10.31568],[-67.74557,10.31557],[-67.74548,10.31543],[-67.74542,10.31536],[-67.74533,10.31528],[-67.74522,10.31519],[-67.7449,10.31491],[-67.74481,10.31479],[-67.74472,10.31463],[-67.74466,10.31454],[-67.74461,10.31444],[-67.74456,10.3143],[-67.7445,10.31411],[-67.74446,10.31396],[-67.74442,10.31384],[-67.74441,10.31373],[-67.7444,10.31363],[-67.74441,10.31354],[-67.74442,10.31347],[-67.74442,10.3134],[-67.7444,10.31331],[-67.74436,10.31324],[-67.74428,10.31314],[-67.74422,10.31309],[-67.74409,10.31294],[-67.74403,10.31285],[-67.74397,10.31273],[-67.74391,10.31258],[-67.74389,10.31251],[-67.74387,10.31238],[-67.7438,10.31209],[-67.74352,10.31188],[-67.74337,10.31177],[-67.74324,10.31162],[-67.74311,10.3114],[-67.74308,10.31133],[-67.74291,10.311],[-67.74278,10.3108],[-67.74262,10.3106],[-67.74247,10.31041],[-67.74232,10.31025],[-67.74212,10.31003],[-67.74208,10.30992],[-67.74206,10.30979],[-67.74206,10.30967],[-67.74206,10.30959],[-67.74208,10.30945],[-67.74205,10.30932],[-67.74198,10.30919],[-67.74187,10.30909],[-67.74177,10.30904],[-67.74167,10.30898],[-67.74158,10.30895],[-67.74144,10.30892],[-67.74132,10.30891],[-67.74125,10.30889],[-67.74118,10.30885],[-67.74114,10.3088],[-67.7411,10.30871],[-67.74107,10.30863],[-67.74104,10.3085],[-67.74102,10.30825],[-67.74107,10.30811],[-67.7411,10.30799],[-67.7412,10.3078],[-67.74128,10.30768],[-67.74134,10.30757],[-67.74144,10.3074],[-67.74164,10.30705],[-67.74157,10.30694],[-67.74154,10.30686],[-67.74147,10.30673],[-67.74145,10.30668],[-67.74145,10.30659],[-67.74146,10.30649],[-67.7415,10.30635],[-67.74153,10.30619],[-67.74156,10.30589],[-67.74157,10.30569],[-67.74155,10.30542],[-67.74153,10.30523],[-67.74153,10.30513],[-67.74153,10.30503],[-67.74155,10.30492],[-67.74159,10.30472],[-67.74161,10.30457],[-67.74161,10.30444],[-67.74159,10.30431],[-67.74157,10.30425],[-67.74154,10.3042],[-67.74148,10.30411],[-67.74136,10.30395],[-67.74124,10.30381],[-67.74115,10.3037],[-67.74109,10.30364],[-67.74103,10.30356],[-67.74099,10.30349],[-67.74093,10.30339],[-67.7409,10.30332],[-67.74087,10.30323],[-67.74084,10.3031],[-67.74083,10.30301],[-67.74083,10.30298],[-67.74085,10.30294],[-67.74092,10.30281],[-67.74095,10.30274],[-67.74098,10.30263],[-67.74101,10.30255],[-67.74106,10.30248],[-67.7411,10.30238],[-67.74108,10.30203],[-67.74109,10.30171],[-67.7411,10.30157],[-67.74112,10.30149],[-67.74114,10.3014],[-67.74117,10.30134],[-67.74121,10.30127],[-67.74133,10.30115],[-67.74138,10.30107],[-67.74149,10.3008],[-67.74153,10.30071],[-67.74158,10.30063],[-67.74171,10.30052],[-67.74187,10.30043],[-67.7423,10.30025],[-67.74266,10.30014],[-67.74293,10.30007],[-67.74305,10.29949],[-67.7431,10.29928],[-67.74311,10.29916],[-67.74311,10.29903],[-67.7431,10.2989],[-67.74311,10.2988],[-67.74313,10.29871],[-67.74318,10.29863],[-67.74325,10.29858],[-67.74335,10.29851],[-67.74356,10.29832],[-67.74394,10.29801],[-67.74396,10.29759],[-67.74397,10.29744],[-67.744,10.29733],[-67.74406,10.29724],[-67.7441,10.29717],[-67.74412,10.29711],[-67.74412,10.29699],[-67.7441,10.29686],[-67.74411,10.29673],[-67.74413,10.29656],[-67.74418,10.29636],[-67.74421,10.29623],[-67.74425,10.29612],[-67.74431,10.29597],[-67.74443,10.29568],[-67.74446,10.29557],[-67.74449,10.29542],[-67.74448,10.29527],[-67.74446,10.29506],[-67.74442,10.29482],[-67.74433,10.29425],[-67.7443,10.294],[-67.74428,10.2937],[-67.74427,10.29346],[-67.74427,10.2933],[-67.74429,10.29313],[-67.74431,10.29299],[-67.74433,10.29289],[-67.74434,10.29279],[-67.74434,10.29269],[-67.74435,10.29257],[-67.74436,10.29249],[-67.74438,10.29239],[-67.74442,10.29228],[-67.74445,10.29211],[-67.74446,10.29206],[-67.74448,10.29203],[-67.74451,10.29199],[-67.74454,10.29195],[-67.74458,10.29191],[-67.74461,10.29185],[-67.74466,10.29177],[-67.7447,10.29167],[-67.74476,10.29155],[-67.74482,10.29144],[-67.74486,10.29133],[-67.74486,10.29123],[-67.74485,10.29111],[-67.74477,10.2908],[-67.74465,10.29053],[-67.7446,10.29029],[-67.74456,10.29016],[-67.74453,10.29004],[-67.74446,10.28989],[-67.74439,10.2898],[-67.74435,10.28971],[-67.74433,10.28961],[-67.74432,10.28952],[-67.74432,10.28941],[-67.74434,10.28929],[-67.74437,10.28913],[-67.7444,10.289],[-67.74441,10.28884],[-67.74444,10.28844],[-67.74447,10.28772],[-67.74453,10.28708],[-67.74455,10.28696],[-67.74459,10.2868],[-67.74463,10.28662],[-67.74472,10.2865],[-67.7449,10.28638],[-67.74497,10.28633],[-67.74506,10.2863],[-67.74516,10.28627],[-67.74522,10.28623],[-67.74529,10.28617],[-67.74534,10.28609],[-67.74536,10.28599],[-67.7454,10.2858],[-67.74562,10.2857],[-67.74574,10.28561],[-67.74584,10.28553],[-67.74593,10.2854],[-67.74598,10.2853],[-67.74602,10.28511],[-67.74604,10.285],[-67.74604,10.28487],[-67.74605,10.28463],[-67.74605,10.28436],[-67.74608,10.2842],[-67.74612,10.28398],[-67.74617,10.28373],[-67.74624,10.2835],[-67.74631,10.2827],[-67.74546,10.28221],[-67.74537,10.28168],[-67.74519,10.28105],[-67.7453,10.28074],[-67.74444,10.27979],[-67.74353,10.27753],[-67.74226,10.27719],[-67.74108,10.27392],[-67.73971,10.26997],[-67.73882,10.26741],[-67.73846,10.26623],[-67.73859,10.26615],[-67.73806,10.26326],[-67.73672,10.25001],[-67.72453,10.20175]]]}},{"type":"Feature","properties":{"name":"Carlos Arvelo","admin_level":"6","osm_id":10833249},"geometry":{"type":"Polygon","coordinates":[[[-67.56738,9.99401],[-67.56812,9.99459],[-67.56863,9.99476],[-67.56938,9.99603],[-67.57046,9.99639],[-67.57082,9.99614],[-67.57149,9.99772],[-67.57222,9.99804],[-67.57359,9.99825],[-67.57614,9.9988],[-67.57822,9.99848],[-67.57996,9.99804],[-67.58356,9.99673],[-67.58494,9.99589],[-67.59054,9.99643],[-67.5931,9.99647],[-67.59695,9.99636],[-67.59872,9.9968],[-67.60053,9.99535],[-67.60431,9.9949],[-67.60871,9.99513],[-67.61118,9.99582],[-67.61264,9.99724],[-67.61301,9.99805],[-67.61654,9.99875],[-67.61804,9.99895],[-67.61802,10.00009],[-67.61729,10.00162],[-67.61721,10.00206],[-67.61675,10.00278],[-67.61667,10.00285],[-67.61655,10.00299],[-67.6164,10.00316],[-67.61624,10.00331],[-67.61601,10.00351],[-67.61568,10.00401],[-67.61555,10.00424],[-67.61547,10.00445],[-67.61539,10.00491],[-67.61533,10.0051],[-67.61511,10.0056],[-67.61505,10.00576],[-67.61499,10.00586],[-67.61494,10.0059],[-67.61485,10.00596],[-67.61464,10.00602],[-67.61467,10.0062],[-67.61464,10.00636],[-67.61461,10.00645],[-67.61455,10.00655],[-67.61443,10.0067],[-67.61452,10.00691],[-67.61474,10.00727],[-67.61483,10.00741],[-67.61488,10.00752],[-67.61491,10.00763],[-67.61498,10.00787],[-67.61504,10.00815],[-67.61508,10.00826],[-67.61515,10.00836],[-67.61521,10.00842],[-67.6153,10.00847],[-67.61543,10.00854],[-67.61558,10.00857],[-67.61572,10.0086],[-67.61584,10.00863],[-67.61595,10.00867],[-67.61607,10.00874],[-67.61615,10.00884],[-67.6162,10.00889],[-67.61625,10.00892],[-67.61641,10.00896],[-67.61653,10.00903],[-67.6166,10.00909],[-67.61668,10.0092],[-67.61675,10.00928],[-67.61685,10.00934],[-67.61705,10.00944],[-67.61721,10.00953],[-67.61735,10.00963],[-67.61748,10.00972],[-67.61761,10.00978],[-67.61779,10.00985],[-67.61814,10.00998],[-67.61827,10.01004],[-67.61839,10.01012],[-67.61852,10.01024],[-67.61867,10.01039],[-67.61876,10.01054],[-67.61885,10.01067],[-67.61893,10.01082],[-67.619,10.01093],[-67.61908,10.01101],[-67.61915,10.01107],[-67.61925,10.01114],[-67.61937,10.01125],[-67.61945,10.01134],[-67.61953,10.01148],[-67.61957,10.01156],[-67.61962,10.01172],[-67.61966,10.01184],[-67.61972,10.01194],[-67.61981,10.01201],[-67.6199,10.01205],[-67.62008,10.01209],[-67.62039,10.01216],[-67.62066,10.01225],[-67.62105,10.0124],[-67.62171,10.01263],[-67.62197,10.01272],[-67.62231,10.0129],[-67.6226,10.01306],[-67.62305,10.01329],[-67.62337,10.01347],[-67.62382,10.01369],[-67.62419,10.01387],[-67.6243,10.01408],[-67.62438,10.01423],[-67.62449,10.01437],[-67.62458,10.01444],[-67.62471,10.01453],[-67.62489,10.01466],[-67.62503,10.01476],[-67.62514,10.01487],[-67.6252,10.01493],[-67.6254,10.01493],[-67.62552,10.01497],[-67.62564,10.01501],[-67.62573,10.01506],[-67.62581,10.01509],[-67.6259,10.01509],[-67.62602,10.01508],[-67.62608,10.01506],[-67.62621,10.01503],[-67.62633,10.01502],[-67.62643,10.01504],[-67.62669,10.01513],[-67.62695,10.01523],[-67.62713,10.01532],[-67.62733,10.0154],[-67.62746,10.01548],[-67.62761,10.01557],[-67.6277,10.01567],[-67.62777,10.01577],[-67.62785,10.01599],[-67.62798,10.01626],[-67.62808,10.01639],[-67.6282,10.01651],[-67.6284,10.01669],[-67.62851,10.01682],[-67.62871,10.01708],[-67.62896,10.01739],[-67.62924,10.01732],[-67.62955,10.01722],[-67.62979,10.01713],[-67.62997,10.01707],[-67.63017,10.01696],[-67.6304,10.01682],[-67.63051,10.01676],[-67.63064,10.0167],[-67.63095,10.01651],[-67.6312,10.01621],[-67.63125,10.01615],[-67.63132,10.01612],[-67.63144,10.01609],[-67.63159,10.01604],[-67.63179,10.01602],[-67.63253,10.01596],[-67.63286,10.01585],[-67.63315,10.01578],[-67.63335,10.01574],[-67.63358,10.01572],[-67.63385,10.01572],[-67.63411,10.01568],[-67.6343,10.01565],[-67.63478,10.01553],[-67.63498,10.01548],[-67.63507,10.01543],[-67.63515,10.01536],[-67.63522,10.01526],[-67.63533,10.01504],[-67.63547,10.01489],[-67.63555,10.01482],[-67.63569,10.01476],[-67.63592,10.01469],[-67.63617,10.01457],[-67.63641,10.01443],[-67.63662,10.01429],[-67.63702,10.01389],[-67.63736,10.01361],[-67.63757,10.0134],[-67.63821,10.01354],[-67.63912,10.01341],[-67.63991,10.01375],[-67.64007,10.0138],[-67.64025,10.01381],[-67.64044,10.01382],[-67.64063,10.01382],[-67.64075,10.01386],[-67.64092,10.01393],[-67.64105,10.01398],[-67.64119,10.01399],[-67.642,10.01398],[-67.64214,10.01391],[-67.64255,10.01368],[-67.64277,10.01353],[-67.64291,10.01348],[-67.64313,10.01343],[-67.64383,10.01334],[-67.64405,10.0136],[-67.64417,10.01379],[-67.6443,10.01397],[-67.64465,10.01434],[-67.64525,10.01496],[-67.64554,10.01531],[-67.64564,10.01544],[-67.64572,10.01559],[-67.64603,10.01643],[-67.64608,10.01652],[-67.6466,10.01915],[-67.64992,10.02079],[-67.6504,10.02104],[-67.65095,10.02125],[-67.65151,10.02153],[-67.65188,10.02174],[-67.65228,10.02198],[-67.65281,10.02207],[-67.65323,10.02225],[-67.65436,10.02284],[-67.6555,10.02367],[-67.65558,10.02377],[-67.65633,10.02401],[-67.65707,10.02408],[-67.65771,10.0244],[-67.65858,10.02459],[-67.65904,10.02472],[-67.66071,10.02469],[-67.66227,10.0252],[-67.66287,10.02568],[-67.66377,10.02651],[-67.6658,10.02802],[-67.66672,10.02888],[-67.66844,10.03078],[-67.67137,10.03154],[-67.67295,10.03114],[-67.6729,10.03022],[-67.67195,10.0295],[-67.67024,10.02829],[-67.67089,10.02713],[-67.66926,10.02651],[-67.66873,10.02549],[-67.66873,10.02479],[-67.66923,10.02479],[-67.67002,10.02451],[-67.67053,10.02425],[-67.6709,10.02483],[-67.6717,10.02513],[-67.67266,10.02521],[-67.67322,10.02576],[-67.67384,10.02593],[-67.67402,10.02655],[-67.67517,10.02675],[-67.67613,10.0265],[-67.67691,10.02608],[-67.67827,10.02572],[-67.67948,10.02534],[-67.67999,10.02427],[-67.68037,10.02318],[-67.68116,10.0214],[-67.68186,10.01969],[-67.68298,10.01939],[-67.68545,10.01936],[-67.68733,10.02099],[-67.68875,10.02237],[-67.69036,10.02301],[-67.69239,10.02321],[-67.69336,10.02339],[-67.69522,10.02293],[-67.6967,10.02136],[-67.69677,10.02163],[-67.69581,10.02349],[-67.69565,10.02374],[-67.69546,10.02413],[-67.69539,10.02432],[-67.69535,10.02447],[-67.69499,10.02456],[-67.69482,10.0248],[-67.69469,10.02501],[-67.69462,10.02512],[-67.69453,10.02524],[-67.69448,10.02532],[-67.69444,10.02543],[-67.69443,10.02551],[-67.69443,10.02579],[-67.69443,10.02626],[-67.69438,10.02637],[-67.69428,10.02652],[-67.69406,10.02676],[-67.69388,10.02692],[-67.69368,10.02704],[-67.69304,10.02743],[-67.69207,10.02794],[-67.69175,10.02814],[-67.69154,10.0283],[-67.69142,10.02842],[-67.69115,10.02867],[-67.69091,10.02893],[-67.6908,10.02906],[-67.69073,10.02919],[-67.69065,10.02937],[-67.69063,10.02951],[-67.69058,10.02986],[-67.69047,10.03061],[-67.69009,10.03097],[-67.68964,10.03114],[-67.68947,10.03123],[-67.6892,10.0314],[-67.68911,10.03148],[-67.68907,10.03156],[-67.68904,10.03165],[-67.68904,10.03173],[-67.68903,10.03182],[-67.68899,10.03192],[-67.68891,10.03199],[-67.68882,10.03204],[-67.6886,10.0321],[-67.68844,10.03213],[-67.68837,10.03216],[-67.6883,10.0322],[-67.68824,10.03228],[-67.68821,10.03235],[-67.68816,10.03248],[-67.68812,10.03259],[-67.68803,10.03271],[-67.6879,10.03283],[-67.68779,10.03291],[-67.68744,10.03307],[-67.68723,10.0332],[-67.68706,10.0333],[-67.68689,10.03345],[-67.68681,10.03354],[-67.68675,10.03362],[-67.6867,10.03368],[-67.68664,10.03372],[-67.68654,10.03376],[-67.68648,10.03376],[-67.68634,10.03374],[-67.68606,10.0337],[-67.68589,10.03367],[-67.68578,10.03366],[-67.68569,10.03367],[-67.68561,10.0337],[-67.68547,10.03377],[-67.68517,10.03393],[-67.68505,10.03401],[-67.68497,10.03409],[-67.68492,10.03416],[-67.68489,10.03424],[-67.68484,10.03446],[-67.68477,10.03466],[-67.68471,10.03476],[-67.68463,10.03486],[-67.68459,10.03492],[-67.68456,10.03501],[-67.68454,10.0351],[-67.68452,10.03523],[-67.68448,10.03537],[-67.68443,10.03547],[-67.68437,10.03553],[-67.68429,10.03559],[-67.68414,10.0357],[-67.684,10.03581],[-67.68393,10.0359],[-67.68388,10.03598],[-67.684,10.03618],[-67.68407,10.03629],[-67.68415,10.03647],[-67.68388,10.03675],[-67.68377,10.0369],[-67.68369,10.03702],[-67.68361,10.03713],[-67.68353,10.03723],[-67.68349,10.03733],[-67.68347,10.03744],[-67.68348,10.03753],[-67.68355,10.03769],[-67.68363,10.03783],[-67.68372,10.03796],[-67.68377,10.03808],[-67.68381,10.03822],[-67.68384,10.03832],[-67.68382,10.03864],[-67.68377,10.03909],[-67.68371,10.03941],[-67.68353,10.03952],[-67.68348,10.03982],[-67.68338,10.03982],[-67.68321,10.03985],[-67.68305,10.03991],[-67.68291,10.03998],[-67.68268,10.04011],[-67.68242,10.04022],[-67.68217,10.04031],[-67.68194,10.04037],[-67.68132,10.04053],[-67.68144,10.04092],[-67.68152,10.04124],[-67.68156,10.04139],[-67.68155,10.04151],[-67.68154,10.04159],[-67.6815,10.04169],[-67.68144,10.04183],[-67.68137,10.042],[-67.68128,10.04222],[-67.68122,10.04233],[-67.68112,10.04251],[-67.68103,10.04274],[-67.68097,10.04297],[-67.68091,10.04316],[-67.68084,10.04331],[-67.68076,10.04344],[-67.68059,10.04364],[-67.68039,10.04378],[-67.68017,10.04388],[-67.68017,10.04428],[-67.68019,10.04456],[-67.68023,10.04479],[-67.68026,10.04495],[-67.68028,10.04512],[-67.68029,10.04539],[-67.68028,10.04557],[-67.68026,10.04586],[-67.68053,10.04591],[-67.68065,10.04591],[-67.68075,10.04588],[-67.68086,10.04581],[-67.68098,10.04568],[-67.68112,10.04551],[-67.68126,10.0454],[-67.68138,10.04534],[-67.68174,10.0452],[-67.6821,10.04509],[-67.68236,10.04502],[-67.68259,10.04501],[-67.68275,10.04501],[-67.68287,10.04504],[-67.68301,10.04507],[-67.68321,10.0451],[-67.68336,10.0451],[-67.68377,10.04506],[-67.68436,10.04502],[-67.68509,10.04535],[-67.68522,10.04547],[-67.68531,10.04562],[-67.68539,10.04577],[-67.6855,10.04613],[-67.68619,10.04692],[-67.68637,10.04736],[-67.68657,10.04765],[-67.68682,10.049],[-67.68689,10.04954],[-67.68701,10.05032],[-67.68714,10.05114],[-67.68705,10.05151],[-67.68679,10.05169],[-67.68671,10.05181],[-67.68668,10.05189],[-67.68665,10.05202],[-67.68663,10.0522],[-67.68663,10.05239],[-67.68669,10.05272],[-67.68695,10.05343],[-67.6871,10.05387],[-67.6872,10.05428],[-67.68726,10.05466],[-67.68726,10.05485],[-67.68724,10.055],[-67.68721,10.05515],[-67.68718,10.05536],[-67.68718,10.05554],[-67.68718,10.05571],[-67.6872,10.05594],[-67.68726,10.05627],[-67.68731,10.05652],[-67.68738,10.05677],[-67.68749,10.05714],[-67.68758,10.05742],[-67.68767,10.05761],[-67.68784,10.05785],[-67.6885,10.05866],[-67.68961,10.05886],[-67.69069,10.059],[-67.69095,10.05904],[-67.69152,10.05921],[-67.69159,10.05991],[-67.69157,10.0601],[-67.69153,10.0603],[-67.69145,10.06051],[-67.69138,10.06064],[-67.69135,10.06076],[-67.69133,10.06086],[-67.69134,10.06096],[-67.69137,10.06132],[-67.69149,10.06198],[-67.69153,10.0622],[-67.69159,10.06246],[-67.69161,10.06269],[-67.69167,10.06307],[-67.6912,10.06347],[-67.69105,10.06362],[-67.69092,10.06377],[-67.69088,10.06388],[-67.69083,10.06401],[-67.6908,10.06419],[-67.69079,10.06462],[-67.69077,10.06493],[-67.69074,10.06519],[-67.69069,10.06545],[-67.69062,10.06593],[-67.69015,10.06631],[-67.68996,10.0665],[-67.68984,10.06665],[-67.68974,10.06678],[-67.68965,10.06686],[-67.68953,10.06691],[-67.6893,10.06695],[-67.68916,10.06696],[-67.68901,10.067],[-67.68892,10.06706],[-67.68881,10.06719],[-67.68832,10.06784],[-67.68803,10.06789],[-67.68782,10.06793],[-67.68759,10.06801],[-67.68741,10.06811],[-67.68731,10.06819],[-67.68722,10.06827],[-67.68707,10.06837],[-67.68693,10.0684],[-67.68681,10.06841],[-67.6867,10.06839],[-67.68664,10.06836],[-67.68657,10.06831],[-67.68646,10.0682],[-67.68634,10.06809],[-67.68626,10.06804],[-67.68617,10.068],[-67.68604,10.06795],[-67.6859,10.06787],[-67.68578,10.06778],[-67.6856,10.06772],[-67.68547,10.06771],[-67.68535,10.06771],[-67.68525,10.06771],[-67.68512,10.06777],[-67.68477,10.06798],[-67.68455,10.06814],[-67.68442,10.06827],[-67.68076,10.06778],[-67.67993,10.06778],[-67.67849,10.06951],[-67.67821,10.07175],[-67.67797,10.07293],[-67.67813,10.07543],[-67.67791,10.076],[-67.67785,10.0762],[-67.67779,10.07632],[-67.6777,10.07647],[-67.67758,10.07662],[-67.67747,10.0767],[-67.67726,10.07679],[-67.67711,10.07684],[-67.67697,10.07694],[-67.67687,10.07707],[-67.67666,10.07741],[-67.67651,10.07769],[-67.67489,10.07817],[-67.67162,10.07884],[-67.67054,10.07974],[-67.66972,10.08083],[-67.66919,10.08137],[-67.66848,10.08187],[-67.66828,10.08251],[-67.66725,10.08289],[-67.66619,10.08368],[-67.66538,10.08441],[-67.6652,10.08604],[-67.66504,10.08858],[-67.66484,10.09044],[-67.66477,10.09156],[-67.66469,10.09296],[-67.66408,10.11903],[-67.664,10.13114],[-67.66428,10.16004],[-67.66822,10.19776],[-67.72453,10.20175],[-67.79946,10.16984],[-67.85538,10.14603],[-67.87277,10.09965],[-67.87297,10.09958],[-67.87306,10.09955],[-67.87314,10.09949],[-67.87322,10.09941],[-67.87332,10.09929],[-67.87347,10.09907],[-67.87352,10.099],[-67.87358,10.09896],[-67.87367,10.09895],[-67.87376,10.09897],[-67.8738,10.09899],[-67.87385,10.09902],[-67.8739,10.09906],[-67.87396,10.09908],[-67.87401,10.09909],[-67.87408,10.09908],[-67.87415,10.09906],[-67.87423,10.09903],[-67.87428,10.09898],[-67.87433,10.0989],[-67.87434,10.09882],[-67.87435,10.09866],[-67.87436,10.09859],[-67.87438,10.09852],[-67.87443,10.09847],[-67.87451,10.09843],[-67.87459,10.09839],[-67.87465,10.09838],[-67.87472,10.09835],[-67.87476,10.09831],[-67.87479,10.09826],[-67.87487,10.09813],[-67.87498,10.09788],[-67.87506,10.09776],[-67.87512,10.09767],[-67.87521,10.09758],[-67.87538,10.09744],[-67.87553,10.09734],[-67.87566,10.09726],[-67.87582,10.09718],[-67.87595,10.0971],[-67.87603,10.09708],[-67.87611,10.09707],[-67.87618,10.09708],[-67.87627,10.09708],[-67.8764,10.09706],[-67.87654,10.09704],[-67.87675,10.09698],[-67.87726,10.09683],[-67.87803,10.09658],[-67.87806,10.09657],[-67.8781,10.09655],[-67.87814,10.0965],[-67.87817,10.09646],[-67.87821,10.09643],[-67.87827,10.09639],[-67.87837,10.09633],[-67.87866,10.0962],[-67.8789,10.0961],[-67.87904,10.09603],[-67.87913,10.09599],[-67.87958,10.09586],[-67.87988,10.09577],[-67.88,10.09575],[-67.88009,10.09573],[-67.88017,10.09571],[-67.88042,10.09562],[-67.88054,10.09558],[-67.8807,10.09553],[-67.88094,10.09546],[-67.88144,10.09535],[-67.88175,10.09529],[-67.88189,10.09527],[-67.88212,10.09525],[-67.88255,10.09525],[-67.88268,10.09525],[-67.88278,10.09524],[-67.88287,10.09522],[-67.88296,10.09522],[-67.88309,10.09525],[-67.88322,10.09529],[-67.88334,10.09532],[-67.88348,10.09535],[-67.8836,10.09537],[-67.8837,10.09537],[-67.88381,10.09537],[-67.8839,10.09533],[-67.88397,10.0953],[-67.88404,10.09529],[-67.88408,10.09529],[-67.88415,10.09529],[-67.88426,10.09532],[-67.88461,10.0954],[-67.88489,10.09544],[-67.88516,10.09549],[-67.88549,10.09556],[-67.88563,10.09558],[-67.88575,10.09559],[-67.88594,10.0956],[-67.88615,10.09559],[-67.88641,10.09558],[-67.88652,10.09557],[-67.88661,10.09557],[-67.88676,10.09558],[-67.887,10.09559],[-67.8871,10.09559],[-67.88719,10.09558],[-67.88727,10.09557],[-67.8874,10.09554],[-67.88751,10.09551],[-67.88777,10.09541],[-67.88793,10.09534],[-67.88815,10.09525],[-67.88843,10.09515],[-67.88862,10.09508],[-67.88872,10.09503],[-67.8888,10.09498],[-67.88888,10.09491],[-67.88894,10.09484],[-67.88906,10.09466],[-67.88913,10.09457],[-67.88922,10.09448],[-67.88933,10.09439],[-67.88947,10.09431],[-67.88969,10.09418],[-67.88983,10.09411],[-67.88991,10.09407],[-67.88999,10.09399],[-67.89018,10.09378],[-67.89024,10.0937],[-67.89031,10.0936],[-67.89036,10.09351],[-67.8904,10.09342],[-67.89042,10.09333],[-67.89044,10.0933],[-67.89049,10.09325],[-67.89056,10.09317],[-67.89072,10.09303],[-67.89083,10.09293],[-67.89117,10.09271],[-67.89125,10.09266],[-67.89134,10.09262],[-67.89143,10.09259],[-67.89168,10.09253],[-67.89192,10.09247],[-67.89201,10.09243],[-67.89211,10.09239],[-67.89219,10.09235],[-67.89226,10.09231],[-67.89236,10.09224],[-67.89243,10.09221],[-67.89263,10.0921],[-67.89273,10.09203],[-67.89281,10.09199],[-67.89308,10.09191],[-67.89341,10.0918],[-67.89351,10.09177],[-67.89358,10.09173],[-67.89382,10.09159],[-67.89388,10.09156],[-67.89395,10.09154],[-67.89402,10.09153],[-67.89417,10.09151],[-67.89432,10.09148],[-67.89443,10.09147],[-67.89452,10.09147],[-67.8946,10.09147],[-67.8947,10.09147],[-67.89481,10.09144],[-67.89492,10.09141],[-67.89507,10.09136],[-67.89522,10.09129],[-67.89536,10.09123],[-67.8956,10.09112],[-67.89578,10.09103],[-67.89598,10.09093],[-67.89605,10.09088],[-67.8961,10.09084],[-67.89627,10.09066],[-67.89635,10.09057],[-67.89644,10.09051],[-67.89649,10.09047],[-67.89654,10.09045],[-67.89667,10.0904],[-67.89686,10.09033],[-67.89696,10.09029],[-67.89708,10.09026],[-67.8973,10.0902],[-67.89747,10.09016],[-67.89761,10.09011],[-67.89785,10.09001],[-67.89798,10.08996],[-67.8981,10.08992],[-67.89822,10.0899],[-67.89838,10.08988],[-67.89906,10.08981],[-67.89933,10.08979],[-67.89942,10.08978],[-67.89948,10.08977],[-67.89956,10.08974],[-67.89978,10.08965],[-67.89993,10.0896],[-67.9,10.08958],[-67.90012,10.08956],[-67.90027,10.08955],[-67.90107,10.08943],[-67.90138,10.08939],[-67.90156,10.08936],[-67.90169,10.08935],[-67.90184,10.08934],[-67.90207,10.08935],[-67.90251,10.08935],[-67.90276,10.08935],[-67.90286,10.08935],[-67.90293,10.08936],[-67.90304,10.08939],[-67.90313,10.08941],[-67.90318,10.08941],[-67.90323,10.08941],[-67.90328,10.0894],[-67.90335,10.08938],[-67.90348,10.08932],[-67.90358,10.08928],[-67.90372,10.08925],[-67.90385,10.08923],[-67.90398,10.08921],[-67.90409,10.0892],[-67.90417,10.08921],[-67.90426,10.08922],[-67.90455,10.08929],[-67.90464,10.08931],[-67.90475,10.08932],[-67.90493,10.08934],[-67.90512,10.08936],[-67.9057,10.08937],[-67.90629,10.0894],[-67.90657,10.08941],[-67.90668,10.08942],[-67.9068,10.08943],[-67.90694,10.08945],[-67.90712,10.08947],[-67.90729,10.08948],[-67.90759,10.08953],[-67.9077,10.08956],[-67.90778,10.08959],[-67.90786,10.08964],[-67.908,10.08972],[-67.90813,10.08979],[-67.9082,10.08984],[-67.9083,10.08993],[-67.90848,10.09015],[-67.90852,10.09019],[-67.90856,10.09024],[-67.90859,10.09029],[-67.90862,10.09038],[-67.90879,10.09079],[-67.90888,10.09101],[-67.90898,10.09121],[-67.90917,10.09151],[-67.90924,10.09161],[-67.9093,10.09173],[-67.9094,10.09195],[-67.90947,10.09207],[-67.90955,10.09217],[-67.90965,10.09231],[-67.90976,10.09253],[-67.90979,10.09258],[-67.90981,10.09264],[-67.90984,10.09284],[-67.90986,10.09295],[-67.90988,10.09305],[-67.9099,10.09308],[-67.90994,10.09311],[-67.90999,10.09315],[-67.91003,10.09321],[-67.91006,10.09326],[-67.91008,10.09336],[-67.91014,10.0935],[-67.91017,10.09356],[-67.91022,10.0936],[-67.91028,10.09365],[-67.91034,10.09369],[-67.91038,10.09372],[-67.9104,10.09376],[-67.9104,10.09381],[-67.91039,10.09388],[-67.91037,10.09399],[-67.91033,10.0941],[-67.91031,10.09415],[-67.91031,10.09417],[-67.91031,10.0942],[-67.91034,10.09425],[-67.91042,10.09435],[-67.91049,10.09443],[-67.91055,10.09447],[-67.91068,10.09451],[-67.91078,10.09454],[-67.91086,10.09454],[-67.91092,10.09454],[-67.91096,10.09454],[-67.911,10.09455],[-67.91105,10.09461],[-67.9111,10.09468],[-67.91112,10.09472],[-67.91116,10.09491],[-67.91118,10.09498],[-67.91119,10.09501],[-67.91122,10.09506],[-67.91131,10.09514],[-67.91147,10.09527],[-67.91162,10.0954],[-67.91173,10.09547],[-67.91194,10.09561],[-67.91198,10.09564],[-67.91202,10.09568],[-67.91204,10.09572],[-67.91211,10.09585],[-67.91215,10.09591],[-67.91219,10.09595],[-67.91223,10.096],[-67.91239,10.09627],[-67.91245,10.09636],[-67.91249,10.09641],[-67.91254,10.09645],[-67.91262,10.09649],[-67.91268,10.0965],[-67.91273,10.09649],[-67.9128,10.09649],[-67.91287,10.09647],[-67.91295,10.09644],[-67.91301,10.09642],[-67.91307,10.09642],[-67.91313,10.09643],[-67.9132,10.09647],[-67.91336,10.0966],[-67.91345,10.09667],[-67.91359,10.09677],[-67.91366,10.09682],[-67.91372,10.09685],[-67.91378,10.09687],[-67.91384,10.09687],[-67.91391,10.09686],[-67.91395,10.09685],[-67.91399,10.09682],[-67.91403,10.09679],[-67.91406,10.09678],[-67.91411,10.09678],[-67.91416,10.09679],[-67.91422,10.09683],[-67.91432,10.09689],[-67.9144,10.09694],[-67.91447,10.09701],[-67.91452,10.09709],[-67.91456,10.09713],[-67.91461,10.09717],[-67.91467,10.0972],[-67.91476,10.09722],[-67.91485,10.09723],[-67.91495,10.09722],[-67.91516,10.09723],[-67.91528,10.09725],[-67.91535,10.09726],[-67.91548,10.09733],[-67.91566,10.09741],[-67.91577,10.09745],[-67.91588,10.09748],[-67.91596,10.09749],[-67.91605,10.09749],[-67.91625,10.09747],[-67.91648,10.09743],[-67.91655,10.09743],[-67.91664,10.09744],[-67.91672,10.09746],[-67.91689,10.09754],[-67.91695,10.09757],[-67.917,10.09758],[-67.91706,10.09758],[-67.91712,10.09756],[-67.91717,10.09755],[-67.91721,10.09754],[-67.91728,10.09755],[-67.91744,10.0976],[-67.9175,10.09762],[-67.91754,10.09766],[-67.91763,10.09776],[-67.91766,10.0978],[-67.9177,10.09783],[-67.91774,10.09785],[-67.91779,10.09786],[-67.91783,10.09786],[-67.91786,10.09786],[-67.91788,10.09785],[-67.91792,10.09782],[-67.91797,10.09779],[-67.918,10.09779],[-67.91805,10.0978],[-67.91815,10.09783],[-67.91823,10.09786],[-67.91837,10.09789],[-67.91881,10.09795],[-67.91911,10.09801],[-67.91941,10.09808],[-67.91952,10.09811],[-67.9196,10.09815],[-67.91969,10.09821],[-67.91981,10.09829],[-67.91992,10.09838],[-67.91999,10.09843],[-67.92003,10.09845],[-67.92008,10.09846],[-67.92013,10.09845],[-67.92022,10.0984],[-67.9203,10.09835],[-67.92036,10.09833],[-67.92042,10.09832],[-67.92046,10.09833],[-67.9205,10.09835],[-67.92061,10.09842],[-67.92068,10.09847],[-67.92073,10.09849],[-67.92079,10.0985],[-67.92092,10.09849],[-67.9211,10.09847],[-67.92119,10.09845],[-67.92128,10.09842],[-67.92135,10.09837],[-67.92139,10.09834],[-67.92142,10.09829],[-67.92144,10.09823],[-67.92145,10.09815],[-67.92146,10.09811],[-67.92148,10.09807],[-67.92151,10.09803],[-67.92157,10.09798],[-67.92178,10.09781],[-67.92181,10.09778],[-67.92185,10.09775],[-67.92191,10.09774],[-67.92204,10.09772],[-67.92215,10.0977],[-67.92224,10.09768],[-67.92234,10.09767],[-67.92245,10.09768],[-67.92265,10.09769],[-67.92276,10.0977],[-67.92284,10.09771],[-67.92296,10.09775],[-67.92306,10.09777],[-67.92315,10.09778],[-67.92325,10.09778],[-67.92343,10.09777],[-67.92352,10.09775],[-67.92356,10.09774],[-67.9236,10.09773],[-67.92364,10.09774],[-67.92367,10.09775],[-67.9237,10.09779],[-67.92374,10.09784],[-67.92377,10.09786],[-67.92381,10.09787],[-67.92388,10.09786],[-67.92395,10.09784],[-67.92403,10.09778],[-67.92411,10.09771],[-67.92415,10.09767],[-67.92421,10.09764],[-67.92426,10.09763],[-67.92431,10.09763],[-67.92438,10.09766],[-67.92446,10.09767],[-67.92461,10.09767],[-67.92465,10.09768],[-67.9247,10.09771],[-67.92476,10.09775],[-67.92481,10.09779],[-67.92488,10.09785],[-67.92495,10.09791],[-67.92499,10.09794],[-67.92504,10.09796],[-67.92508,10.09796],[-67.92513,10.09795],[-67.92517,10.09792],[-67.92521,10.09789],[-67.92527,10.09781],[-67.92529,10.09774],[-67.92532,10.09771],[-67.92537,10.0977],[-67.92543,10.09769],[-67.92552,10.0977],[-67.92562,10.09773],[-67.92579,10.0978],[-67.9259,10.09785],[-67.92603,10.0979],[-67.92623,10.09798],[-67.9264,10.09806],[-67.92658,10.09816],[-67.92663,10.09819],[-67.92672,10.09823],[-67.92679,10.09825],[-67.92687,10.09826],[-67.92698,10.0983],[-67.92712,10.09834],[-67.9273,10.0984],[-67.92735,10.09842],[-67.9274,10.09845],[-67.92745,10.09849],[-67.92752,10.09855],[-67.9276,10.09861],[-67.92768,10.09866],[-67.92779,10.0987],[-67.92796,10.09876],[-67.92808,10.09882],[-67.92845,10.099],[-67.92855,10.09906],[-67.92867,10.09912],[-67.92884,10.09917],[-67.92898,10.09923],[-67.9292,10.09935],[-67.92938,10.09945],[-67.92965,10.09956],[-67.92984,10.09964],[-67.92995,10.09967],[-67.93006,10.09972],[-67.93012,10.09977],[-67.93014,10.09978],[-67.93021,10.09983],[-67.93029,10.09988],[-67.93042,10.09993],[-67.93054,10.09997],[-67.93065,10.10001],[-67.93096,10.10016],[-67.9312,10.10028],[-67.93143,10.10041],[-67.93163,10.10052],[-67.93178,10.1006],[-67.93183,10.10063],[-67.93187,10.10065],[-67.93195,10.10066],[-67.93207,10.10067],[-67.93215,10.10067],[-67.9322,10.10065],[-67.93243,10.10054],[-67.93252,10.10048],[-67.93268,10.10041],[-67.93281,10.10035],[-67.93285,10.10032],[-67.93289,10.10029],[-67.93294,10.10024],[-67.93298,10.10018],[-67.93308,10.10008],[-67.93312,10.10006],[-67.93319,10.10004],[-67.93323,10.10004],[-67.93328,10.10004],[-67.93331,10.10005],[-67.93333,10.10005],[-67.93338,10.10005],[-67.93343,10.10004],[-67.93346,10.10002],[-67.93351,10.09998],[-67.93358,10.09994],[-67.9337,10.09988],[-67.93386,10.0998],[-67.93408,10.09968],[-67.93438,10.09951],[-67.93462,10.09938],[-67.93471,10.09934],[-67.93481,10.0993],[-67.93493,10.09927],[-67.93507,10.09922],[-67.93516,10.09917],[-67.93524,10.09911],[-67.93535,10.09899],[-67.93538,10.09896],[-67.93542,10.09893],[-67.93545,10.09891],[-67.93551,10.09888],[-67.936,10.09866],[-67.93615,10.0986],[-67.93637,10.09851],[-67.93646,10.09847],[-67.93652,10.09843],[-67.93661,10.09835],[-67.93671,10.09829],[-67.93679,10.09825],[-67.9369,10.09821],[-67.937,10.09818],[-67.93711,10.09814],[-67.93737,10.098],[-67.93768,10.09787],[-67.93782,10.0978],[-67.93793,10.09774],[-67.93805,10.09767],[-67.93828,10.09752],[-67.93847,10.0974],[-67.93884,10.09719],[-67.93892,10.09715],[-67.93897,10.09714],[-67.93904,10.09714],[-67.93909,10.09714],[-67.93916,10.09715],[-67.93922,10.09714],[-67.93932,10.09713],[-67.93947,10.09709],[-67.93967,10.09703],[-67.93979,10.09701],[-67.93993,10.09699],[-67.94002,10.09698],[-67.94018,10.09699],[-67.94041,10.097],[-67.9406,10.09701],[-67.9408,10.09701],[-67.94107,10.09698],[-67.94125,10.09696],[-67.94138,10.09696],[-67.94147,10.09696],[-67.94159,10.09698],[-67.94166,10.09699],[-67.94189,10.09697],[-67.94227,10.09697],[-67.9428,10.09694],[-67.94304,10.09692],[-67.94339,10.09689],[-67.94351,10.09689],[-67.9436,10.0969],[-67.94369,10.09692],[-67.94386,10.09699],[-67.94419,10.09713],[-67.94431,10.09718],[-67.94441,10.09721],[-67.94451,10.09726],[-67.94464,10.09733],[-67.94471,10.09737],[-67.94479,10.09745],[-67.94484,10.09749],[-67.9449,10.09751],[-67.94497,10.09753],[-67.94515,10.09754],[-67.94559,10.09756],[-67.94565,10.09756],[-67.94569,10.09757],[-67.94576,10.0976],[-67.94581,10.09761],[-67.94586,10.09761],[-67.94596,10.09761],[-67.94621,10.09762],[-67.94657,10.09764],[-67.94686,10.09766],[-67.94714,10.09769],[-67.94767,10.09774],[-67.94871,10.09791],[-67.94894,10.09794],[-67.94938,10.098],[-67.94982,10.09806],[-67.95016,10.09809],[-67.95049,10.09812],[-67.95085,10.09816],[-67.9514,10.09823],[-67.95199,10.0983],[-67.95223,10.09832],[-67.95236,10.09834],[-67.95266,10.0984],[-67.95279,10.09842],[-67.9529,10.09843],[-67.95304,10.09843],[-67.95332,10.09842],[-67.95351,10.09841],[-67.95391,10.09843],[-67.95407,10.09843],[-67.95417,10.09844],[-67.9543,10.09846],[-67.95448,10.09848],[-67.95483,10.09856],[-67.95505,10.0986],[-67.95544,10.09865],[-67.95572,10.09871],[-67.95578,10.09872],[-67.95584,10.09872],[-67.95589,10.09872],[-67.95597,10.09871],[-67.95603,10.09872],[-67.95608,10.09874],[-67.95616,10.09876],[-67.95626,10.0988],[-67.95644,10.09884],[-67.95662,10.09888],[-67.95702,10.09894],[-67.95728,10.09899],[-67.95771,10.09909],[-67.95808,10.09918],[-67.95831,10.09923],[-67.95847,10.09925],[-67.95862,10.09927],[-67.95874,10.09928],[-67.95881,10.09928],[-67.9589,10.0993],[-67.959,10.09931],[-67.95912,10.09934],[-67.95922,10.09935],[-67.95943,10.09936],[-67.95965,10.09936],[-67.95982,10.09936],[-67.95991,10.09936],[-67.95998,10.09938],[-67.96003,10.0994],[-67.96008,10.09941],[-67.96013,10.09941],[-67.9602,10.0994],[-67.96027,10.09939],[-67.9604,10.09939],[-67.96069,10.09941],[-67.96108,10.09943],[-67.96145,10.09944],[-67.96159,10.09944],[-67.96176,10.09943],[-67.96191,10.09941],[-67.96219,10.09936],[-67.96257,10.09931],[-67.9627,10.09928],[-67.96285,10.09926],[-67.96346,10.09916],[-67.96359,10.09914],[-67.96383,10.09909],[-67.96396,10.09907],[-67.96416,10.09903],[-67.96425,10.09901],[-67.96435,10.09898],[-67.96448,10.09896],[-67.96457,10.09896],[-67.96472,10.09894],[-67.96482,10.09893],[-67.96492,10.0989],[-67.96513,10.09885],[-67.96533,10.0988],[-67.96571,10.09875],[-67.96579,10.09873],[-67.96592,10.09869],[-67.96603,10.09866],[-67.96612,10.09865],[-67.9662,10.09866],[-67.96628,10.09866],[-67.96635,10.09865],[-67.96643,10.09863],[-67.9665,10.0986],[-67.9666,10.09854],[-67.96696,10.09833],[-67.96703,10.09828],[-67.96711,10.09822],[-67.96721,10.09814],[-67.9673,10.09807],[-67.96737,10.09802],[-67.96746,10.09797],[-67.96755,10.09792],[-67.96764,10.09785],[-67.96768,10.0978],[-67.9677,10.09776],[-67.96774,10.09767],[-67.96777,10.09756],[-67.96781,10.09742],[-67.96783,10.09733],[-67.96784,10.09728],[-67.96783,10.09718],[-67.96782,10.09701],[-67.96781,10.09682],[-67.9678,10.09667],[-67.96779,10.09659],[-67.96779,10.09656],[-67.9678,10.09654],[-67.96783,10.09653],[-67.96788,10.09653],[-67.96801,10.09655],[-67.96811,10.09655],[-67.9682,10.09653],[-67.96828,10.09648],[-67.96838,10.09642],[-67.96847,10.09634],[-67.96857,10.09627],[-67.96865,10.09623],[-67.96885,10.09618],[-67.96892,10.09616],[-67.96896,10.09614],[-67.96901,10.09609],[-67.96903,10.09605],[-67.96905,10.09597],[-67.96909,10.09591],[-67.96911,10.09588],[-67.96915,10.09584],[-67.96919,10.09582],[-67.96933,10.09579],[-67.96961,10.09573],[-67.96975,10.0957],[-67.96986,10.09571],[-67.96993,10.09572],[-67.97012,10.09579],[-67.9702,10.09582],[-67.97027,10.09584],[-67.97035,10.09585],[-67.97049,10.09584],[-67.97059,10.09585],[-67.97067,10.09586],[-67.97076,10.09589],[-67.9708,10.0959],[-67.97085,10.09589],[-67.9709,10.09588],[-67.97095,10.09586],[-67.97099,10.09582],[-67.97103,10.09578],[-67.97109,10.09574],[-67.97114,10.09572],[-67.97124,10.0957],[-67.97131,10.09568],[-67.97135,10.09566],[-67.97142,10.09561],[-67.97149,10.09555],[-67.97156,10.0955],[-67.97165,10.09547],[-67.97175,10.09545],[-67.97188,10.09544],[-67.97199,10.09545],[-67.97212,10.09546],[-67.97226,10.09549],[-67.97236,10.09553],[-67.97244,10.09558],[-67.97254,10.09567],[-67.97272,10.09586],[-67.9728,10.09593],[-67.97287,10.09597],[-67.97293,10.09598],[-67.97313,10.096],[-67.9733,10.09603],[-67.97342,10.09607],[-67.97355,10.09612],[-67.97366,10.09619],[-67.97372,10.09621],[-67.97382,10.09622],[-67.97389,10.09621],[-67.97396,10.0962],[-67.97413,10.09613],[-67.97422,10.09611],[-67.97431,10.09609],[-67.97446,10.09608],[-67.97456,10.09607],[-67.97465,10.09604],[-67.97497,10.09589],[-67.97506,10.09585],[-67.97515,10.09583],[-67.97522,10.09582],[-67.97531,10.09583],[-67.97539,10.09585],[-67.97548,10.09591],[-67.97587,10.09621],[-67.97595,10.09625],[-67.97605,10.09629],[-67.97616,10.09631],[-67.97626,10.09636],[-67.97636,10.09644],[-67.97641,10.09649],[-67.97645,10.09654],[-67.97648,10.09658],[-67.97651,10.0966],[-67.97654,10.09662],[-67.97658,10.09662],[-67.97664,10.09661],[-67.97672,10.09658],[-67.97677,10.09654],[-67.97684,10.09647],[-67.9769,10.09637],[-67.97699,10.09622],[-67.977,10.09618],[-67.97702,10.09616],[-67.97706,10.09614],[-67.97712,10.09612],[-67.97719,10.09611],[-67.97728,10.09613],[-67.97788,10.09556],[-67.97821,10.09433],[-67.97824,10.09185],[-67.97834,10.08904],[-67.9788,10.08545],[-67.97906,10.08499],[-67.97925,10.08434],[-67.97952,10.0834],[-67.97919,10.08148],[-67.97844,10.07971],[-67.9795,10.07795],[-67.98018,10.07674],[-67.98015,10.07599],[-67.98013,10.0746],[-67.98049,10.07284],[-67.98082,10.07219],[-67.98123,10.07149],[-67.98145,10.07039],[-67.98185,10.06952],[-67.97971,10.06757],[-67.97856,10.06623],[-67.9784,10.06447],[-67.9785,10.06352],[-67.9793,10.06278],[-67.97346,10.05489],[-67.9712,10.05242],[-67.97116,10.05119],[-67.96942,10.04877],[-67.96657,10.0456],[-67.9647,10.04286],[-67.96074,10.03826],[-67.9596,10.03673],[-67.9561,10.03227],[-67.9563,10.02848],[-67.95563,10.02684],[-67.95504,10.02373],[-67.95488,10.02356],[-67.95474,10.0234],[-67.95465,10.02326],[-67.95456,10.023],[-67.95446,10.02268],[-67.95441,10.02259],[-67.95436,10.02254],[-67.95427,10.02248],[-67.95411,10.02237],[-67.95398,10.02226],[-67.95392,10.02216],[-67.95389,10.02204],[-67.95353,10.0217],[-67.95331,10.02142],[-67.95305,10.02117],[-67.95269,10.02093],[-67.95239,10.02062],[-67.95226,10.0204],[-67.95231,10.02025],[-67.95216,10.02019],[-67.95204,10.02002],[-67.95175,10.01981],[-67.95171,10.01928],[-67.94646,10.01838],[-67.94409,10.01756],[-67.93977,10.01454],[-67.93916,10.01363],[-67.93589,10.01081],[-67.93326,10.00796],[-67.93166,10.0075],[-67.93041,10.00636],[-67.92913,10.00453],[-67.9288,10.00394],[-67.92833,9.99946],[-67.92688,9.99816],[-67.92145,9.99444],[-67.92025,9.99405],[-67.91971,9.99359],[-67.91961,9.99351],[-67.91951,9.99339],[-67.91935,9.99318],[-67.91927,9.99298],[-67.91836,9.99198],[-67.91806,9.99052],[-67.91716,9.98524],[-67.91676,9.98298],[-67.91624,9.98036],[-67.91534,9.98026],[-67.91506,9.97887],[-67.91222,9.97488],[-67.912,9.97422],[-67.91189,9.97334],[-67.91095,9.9717],[-67.90848,9.97036],[-67.90752,9.96952],[-67.90661,9.96863],[-67.90625,9.96816],[-67.90528,9.96718],[-67.90438,9.96687],[-67.90326,9.96638],[-67.90287,9.96595],[-67.90247,9.96598],[-67.90161,9.96645],[-67.90021,9.96708],[-67.89936,9.96754],[-67.89917,9.96799],[-67.89895,9.96835],[-67.89859,9.96869],[-67.89841,9.96893],[-67.89843,9.96941],[-67.89838,9.96996],[-67.89815,9.97063],[-67.89742,9.97077],[-67.89647,9.97143],[-67.89552,9.97195],[-67.8947,9.97252],[-67.89339,9.97261],[-67.89323,9.97269],[-67.89312,9.97274],[-67.89299,9.97278],[-67.89282,9.97282],[-67.89249,9.97293],[-67.89237,9.97296],[-67.89225,9.97298],[-67.89207,9.97297],[-67.89195,9.97298],[-67.89181,9.97303],[-67.89096,9.97348],[-67.89072,9.97359],[-67.89053,9.97366],[-67.89017,9.97373],[-67.88982,9.97384],[-67.88962,9.97388],[-67.88943,9.97392],[-67.88931,9.97395],[-67.88919,9.97403],[-67.88909,9.97408],[-67.88897,9.97412],[-67.88889,9.97413],[-67.8887,9.97413],[-67.88786,9.97413],[-67.88773,9.97478],[-67.88769,9.97494],[-67.88761,9.97506],[-67.88752,9.97516],[-67.88699,9.97557],[-67.88658,9.9759],[-67.88604,9.97607],[-67.88516,9.9763],[-67.88462,9.97668],[-67.884,9.97712],[-67.88334,9.97762],[-67.8831,9.97792],[-67.88301,9.97805],[-67.88295,9.9782],[-67.88291,9.97839],[-67.88289,9.97855],[-67.88287,9.97881],[-67.88284,9.97893],[-67.88276,9.97907],[-67.88264,9.97926],[-67.88257,9.97933],[-67.88238,9.97947],[-67.88212,9.97965],[-67.88168,9.98032],[-67.88137,9.98081],[-67.88129,9.98089],[-67.88108,9.9811],[-67.88058,9.98157],[-67.88051,9.98167],[-67.88047,9.98175],[-67.88034,9.98202],[-67.88029,9.98212],[-67.88022,9.98218],[-67.88006,9.98229],[-67.87981,9.98242],[-67.87942,9.98255],[-67.87888,9.98244],[-67.87848,9.98237],[-67.87836,9.98232],[-67.87766,9.98194],[-67.87737,9.98176],[-67.87716,9.9816],[-67.87666,9.98156],[-67.87599,9.98144],[-67.87529,9.98139],[-67.87443,9.98121],[-67.87408,9.98081],[-67.87393,9.98028],[-67.87376,9.9798],[-67.8731,9.97913],[-67.87255,9.97875],[-67.87186,9.97841],[-67.87018,9.97867],[-67.86358,9.97799],[-67.86382,9.97726],[-67.86369,9.97652],[-67.86319,9.97372],[-67.86272,9.97249],[-67.86321,9.97013],[-67.86219,9.96793],[-67.86248,9.9612],[-67.86354,9.95892],[-67.86347,9.95853],[-67.86328,9.95799],[-67.86318,9.95754],[-67.86276,9.95733],[-67.86255,9.95692],[-67.86226,9.95645],[-67.86188,9.95588],[-67.86161,9.95579],[-67.86151,9.9557],[-67.86137,9.95566],[-67.86136,9.95552],[-67.86135,9.9554],[-67.86136,9.95527],[-67.86142,9.95497],[-67.86146,9.95482],[-67.86151,9.9547],[-67.86158,9.95458],[-67.86165,9.95448],[-67.86171,9.95435],[-67.86178,9.9541],[-67.86188,9.95384],[-67.86199,9.95366],[-67.86213,9.95348],[-67.86221,9.95339],[-67.86229,9.95334],[-67.86239,9.95326],[-67.8624,9.9532],[-67.86222,9.95291],[-67.86197,9.95281],[-67.86163,9.95237],[-67.86104,9.95202],[-67.86044,9.9516],[-67.86013,9.95156],[-67.85971,9.95152],[-67.85952,9.95151],[-67.85922,9.95148],[-67.85905,9.95148],[-67.85889,9.95151],[-67.85875,9.95156],[-67.85859,9.95161],[-67.85845,9.95164],[-67.85829,9.95165],[-67.85815,9.95164],[-67.858,9.95164],[-67.85787,9.95167],[-67.85775,9.95171],[-67.85746,9.95181],[-67.85717,9.95195],[-67.85705,9.952],[-67.85685,9.95204],[-67.85671,9.95204],[-67.85656,9.95201],[-67.85642,9.95196],[-67.85627,9.95195],[-67.85611,9.95195],[-67.8557,9.95201],[-67.85546,9.95205],[-67.85538,9.95205],[-67.85529,9.95202],[-67.85516,9.95197],[-67.85506,9.95193],[-67.85496,9.95193],[-67.85485,9.95195],[-67.85461,9.95202],[-67.85444,9.95205],[-67.85427,9.95205],[-67.85413,9.95204],[-67.85402,9.95201],[-67.85386,9.95201],[-67.85365,9.95203],[-67.85106,9.95074],[-67.85003,9.95041],[-67.84816,9.94632],[-67.84792,9.9461],[-67.84787,9.94607],[-67.84777,9.94604],[-67.84716,9.94595],[-67.84682,9.94588],[-67.84636,9.94582],[-67.84603,9.94579],[-67.84588,9.94579],[-67.84573,9.9458],[-67.84557,9.94581],[-67.84545,9.94579],[-67.84532,9.94575],[-67.84524,9.94572],[-67.84514,9.94568],[-67.84495,9.94567],[-67.84477,9.94568],[-67.84431,9.94575],[-67.84348,9.94585],[-67.84272,9.94587],[-67.84197,9.94588],[-67.84151,9.94587],[-67.84122,9.94581],[-67.84095,9.94576],[-67.84072,9.94568],[-67.83994,9.94545],[-67.8396,9.94535],[-67.83945,9.94533],[-67.83921,9.94532],[-67.83895,9.94531],[-67.83852,9.94532],[-67.83829,9.94534],[-67.83726,9.94542],[-67.83699,9.94526],[-67.83665,9.94507],[-67.83646,9.94496],[-67.83632,9.94491],[-67.83587,9.94486],[-67.83548,9.94483],[-67.83533,9.94481],[-67.83516,9.94475],[-67.835,9.94468],[-67.8348,9.94454],[-67.83467,9.94444],[-67.83437,9.94419],[-67.83432,9.94415],[-67.83418,9.94409],[-67.83409,9.94407],[-67.83391,9.94406],[-67.83375,9.94407],[-67.83345,9.94409],[-67.83329,9.94411],[-67.83315,9.94411],[-67.83298,9.94409],[-67.83282,9.94408],[-67.83259,9.94404],[-67.83201,9.94394],[-67.83166,9.94387],[-67.83148,9.94386],[-67.83121,9.94385],[-67.83095,9.94386],[-67.83015,9.94386],[-67.82997,9.94387],[-67.82975,9.94385],[-67.82948,9.94379],[-67.82926,9.94372],[-67.82901,9.94362],[-67.82888,9.94356],[-67.82873,9.94347],[-67.82864,9.94338],[-67.82856,9.94327],[-67.82851,9.94318],[-67.82844,9.94312],[-67.82836,9.94307],[-67.82826,9.94306],[-67.82811,9.9431],[-67.82798,9.94313],[-67.82785,9.94312],[-67.82777,9.9431],[-67.82762,9.94302],[-67.82752,9.94297],[-67.82744,9.94291],[-67.82725,9.94285],[-67.82706,9.94283],[-67.82685,9.94283],[-67.82646,9.94287],[-67.82604,9.94293],[-67.82589,9.94295],[-67.82575,9.94297],[-67.82562,9.94302],[-67.82544,9.94311],[-67.82525,9.94322],[-67.82513,9.94327],[-67.82501,9.94329],[-67.82489,9.94329],[-67.82477,9.94328],[-67.82439,9.94316],[-67.82416,9.9431],[-67.82402,9.94307],[-67.82385,9.94306],[-67.82378,9.94306],[-67.82374,9.94307],[-67.8237,9.94308],[-67.82366,9.9431],[-67.82362,9.94317],[-67.82358,9.94322],[-67.82353,9.94326],[-67.82345,9.94329],[-67.82319,9.94335],[-67.8231,9.94336],[-67.82303,9.94335],[-67.82291,9.94328],[-67.8228,9.94321],[-67.82269,9.94315],[-67.82261,9.94313],[-67.82249,9.94313],[-67.82241,9.94315],[-67.8223,9.94317],[-67.82215,9.9432],[-67.82198,9.94321],[-67.82188,9.9432],[-67.82181,9.94317],[-67.82173,9.94313],[-67.8216,9.94303],[-67.82143,9.94279],[-67.82111,9.94231],[-67.82082,9.94182],[-67.82072,9.94168],[-67.82061,9.94156],[-67.82048,9.94146],[-67.82037,9.94137],[-67.82025,9.94131],[-67.82009,9.94121],[-67.82,9.94115],[-67.81993,9.94106],[-67.81985,9.94093],[-67.81979,9.9408],[-67.81968,9.9406],[-67.81963,9.94052],[-67.81955,9.94044],[-67.8191,9.94011],[-67.81899,9.94007],[-67.81876,9.94005],[-67.81862,9.94003],[-67.81849,9.93998],[-67.81831,9.93989],[-67.81818,9.93981],[-67.81808,9.93973],[-67.81799,9.93962],[-67.81792,9.93953],[-67.81781,9.93944],[-67.8177,9.93938],[-67.81754,9.93935],[-67.8174,9.93933],[-67.81727,9.93931],[-67.81703,9.93924],[-67.81692,9.93921],[-67.81683,9.9392],[-67.81672,9.93922],[-67.81663,9.93925],[-67.81655,9.93928],[-67.81645,9.9393],[-67.81636,9.93929],[-67.81627,9.93929],[-67.81618,9.9393],[-67.81607,9.93934],[-67.81594,9.93941],[-67.81581,9.93944],[-67.81571,9.93943],[-67.81562,9.93938],[-67.81554,9.9393],[-67.81545,9.93919],[-67.81534,9.93907],[-67.81518,9.9389],[-67.815,9.93869],[-67.81457,9.9389],[-67.81437,9.93898],[-67.8139,9.93913],[-67.81312,9.93932],[-67.81282,9.93938],[-67.81247,9.93933],[-67.81208,9.9392],[-67.81152,9.93899],[-67.81095,9.93879],[-67.81065,9.93872],[-67.81031,9.93867],[-67.81002,9.93865],[-67.8097,9.93862],[-67.80947,9.93857],[-67.80925,9.93851],[-67.80911,9.93845],[-67.80898,9.93836],[-67.80882,9.93822],[-67.80846,9.93789],[-67.80804,9.93754],[-67.80775,9.93735],[-67.8074,9.93716],[-67.80722,9.93712],[-67.80695,9.93711],[-67.8066,9.93713],[-67.80655,9.93678],[-67.80653,9.93654],[-67.80653,9.93616],[-67.80653,9.93584],[-67.80651,9.93568],[-67.80647,9.93546],[-67.80639,9.93526],[-67.80628,9.93501],[-67.80616,9.93488],[-67.80605,9.9348],[-67.80556,9.93455],[-67.80529,9.93442],[-67.80513,9.93433],[-67.80492,9.93425],[-67.80465,9.93414],[-67.80446,9.93405],[-67.8044,9.934],[-67.80437,9.93395],[-67.80434,9.93388],[-67.80433,9.93379],[-67.80436,9.93366],[-67.80437,9.93357],[-67.80437,9.93347],[-67.80434,9.93339],[-67.80427,9.93323],[-67.80419,9.93298],[-67.80417,9.93284],[-67.80415,9.93267],[-67.80414,9.93254],[-67.80413,9.93232],[-67.80413,9.93203],[-67.80414,9.93187],[-67.80419,9.93173],[-67.80426,9.93157],[-67.80432,9.93142],[-67.80435,9.93125],[-67.80434,9.93114],[-67.80432,9.93105],[-67.80428,9.93095],[-67.80424,9.93084],[-67.80421,9.93074],[-67.80414,9.93055],[-67.80398,9.92996],[-67.80381,9.9298],[-67.80349,9.92949],[-67.8033,9.92928],[-67.80318,9.92913],[-67.80307,9.92901],[-67.80298,9.92887],[-67.80287,9.92869],[-67.80283,9.92859],[-67.80279,9.92839],[-67.80274,9.92812],[-67.8027,9.92795],[-67.8026,9.92768],[-67.80253,9.92755],[-67.80243,9.9274],[-67.80234,9.92725],[-67.80228,9.92714],[-67.80214,9.92693],[-67.80209,9.92681],[-67.80204,9.92671],[-67.80199,9.92662],[-67.80193,9.92653],[-67.80185,9.92641],[-67.80169,9.92629],[-67.80157,9.92619],[-67.80144,9.92604],[-67.80133,9.92591],[-67.80117,9.92578],[-67.80083,9.92549],[-67.80048,9.92525],[-67.80036,9.92517],[-67.80022,9.92505],[-67.80012,9.92496],[-67.79673,9.92334],[-67.79623,9.9226],[-67.79439,9.92259],[-67.79278,9.92287],[-67.7916,9.9235],[-67.79086,9.92432],[-67.79075,9.92437],[-67.79061,9.92439],[-67.79042,9.92439],[-67.7896,9.92433],[-67.78897,9.92429],[-67.78884,9.92428],[-67.78862,9.92423],[-67.78835,9.92414],[-67.7882,9.92411],[-67.78803,9.92412],[-67.78791,9.92414],[-67.78778,9.92418],[-67.78762,9.92424],[-67.78751,9.92432],[-67.78738,9.92436],[-67.78724,9.92437],[-67.78712,9.92437],[-67.78689,9.92436],[-67.78653,9.92429],[-67.78582,9.92413],[-67.78563,9.92409],[-67.7855,9.92403],[-67.78538,9.92397],[-67.7852,9.92387],[-67.78481,9.92366],[-67.78464,9.9236],[-67.7845,9.92354],[-67.78437,9.92353],[-67.78425,9.92353],[-67.78412,9.92358],[-67.78395,9.92367],[-67.78346,9.9239],[-67.78302,9.92406],[-67.78297,9.92407],[-67.78285,9.92408],[-67.78271,9.92405],[-67.78247,9.924],[-67.78228,9.92394],[-67.78215,9.92388],[-67.78203,9.92381],[-67.78192,9.92374],[-67.78183,9.92368],[-67.78176,9.92365],[-67.78167,9.92364],[-67.78135,9.92365],[-67.78119,9.92363],[-67.78112,9.92361],[-67.78103,9.92354],[-67.78093,9.92347],[-67.78081,9.92339],[-67.78046,9.92328],[-67.7804,9.92326],[-67.77965,9.92251],[-67.77936,9.92254],[-67.77912,9.92261],[-67.77899,9.92261],[-67.77888,9.92259],[-67.77879,9.92253],[-67.77871,9.92246],[-67.77864,9.92234],[-67.77853,9.92219],[-67.77846,9.92208],[-67.77836,9.92198],[-67.77818,9.92185],[-67.77811,9.92177],[-67.77805,9.92168],[-67.77802,9.92158],[-67.77801,9.92145],[-67.77802,9.92136],[-67.77805,9.9212],[-67.77765,9.92052],[-67.7774,9.92007],[-67.77652,9.92024],[-67.77628,9.92001],[-67.77618,9.91988],[-67.77608,9.91971],[-67.77602,9.91953],[-67.77589,9.91923],[-67.77531,9.91903],[-67.77514,9.91898],[-67.77503,9.91879],[-67.77508,9.91854],[-67.77504,9.91841],[-67.77503,9.91825],[-67.77502,9.91812],[-67.77501,9.91803],[-67.77498,9.91791],[-67.77493,9.91781],[-67.77484,9.91764],[-67.77474,9.91747],[-67.77465,9.91724],[-67.7744,9.91714],[-67.7742,9.91705],[-67.77407,9.91697],[-67.77391,9.91688],[-67.77373,9.9168],[-67.7736,9.91674],[-67.77305,9.91655],[-67.77257,9.9164],[-67.77201,9.91617],[-67.77182,9.91613],[-67.77164,9.91612],[-67.77098,9.91609],[-67.77075,9.91608],[-67.7704,9.91602],[-67.7701,9.916],[-67.76977,9.916],[-67.76925,9.91605],[-67.76858,9.91609],[-67.76833,9.91613],[-67.76808,9.91621],[-67.76781,9.91632],[-67.76756,9.91643],[-67.76752,9.91627],[-67.76746,9.91613],[-67.76736,9.91596],[-67.76724,9.91576],[-67.76718,9.91563],[-67.76715,9.91547],[-67.76715,9.91521],[-67.76714,9.91499],[-67.76713,9.91486],[-67.76714,9.91471],[-67.76717,9.91457],[-67.76725,9.91431],[-67.7673,9.91416],[-67.76731,9.91406],[-67.76732,9.91393],[-67.7673,9.91378],[-67.76727,9.91367],[-67.76722,9.91357],[-67.76715,9.91345],[-67.76707,9.9133],[-67.76702,9.91321],[-67.767,9.91313],[-67.76698,9.91303],[-67.76699,9.91291],[-67.76702,9.91276],[-67.76699,9.91263],[-67.76659,9.91162],[-67.76651,9.91143],[-67.76647,9.91129],[-67.76646,9.91116],[-67.76646,9.91099],[-67.7665,9.91086],[-67.76658,9.91072],[-67.76666,9.91058],[-67.76671,9.91041],[-67.76673,9.91025],[-67.76672,9.91006],[-67.76665,9.90964],[-67.76662,9.90949],[-67.76657,9.90936],[-67.76653,9.90927],[-67.76646,9.90917],[-67.76639,9.90909],[-67.76628,9.90901],[-67.76614,9.90892],[-67.76592,9.90878],[-67.7658,9.90869],[-67.76572,9.9086],[-67.76566,9.9085],[-67.76561,9.90841],[-67.76557,9.9083],[-67.76554,9.90819],[-67.76552,9.90809],[-67.76549,9.90794],[-67.76543,9.90784],[-67.76536,9.90776],[-67.76529,9.90766],[-67.76525,9.90757],[-67.76524,9.90747],[-67.76522,9.90736],[-67.7652,9.90728],[-67.76514,9.90719],[-67.76501,9.90707],[-67.7648,9.90695],[-67.76464,9.90682],[-67.76452,9.90672],[-67.7644,9.90661],[-67.76431,9.90647],[-67.76425,9.90629],[-67.76423,9.90612],[-67.76424,9.90601],[-67.76428,9.90585],[-67.76424,9.90583],[-67.76411,9.90576],[-67.76401,9.9057],[-67.76393,9.90567],[-67.76381,9.90563],[-67.7637,9.90561],[-67.76353,9.90561],[-67.76338,9.9056],[-67.7632,9.90558],[-67.76269,9.90545],[-67.76228,9.90537],[-67.76205,9.90532],[-67.76197,9.9053],[-67.76191,9.9053],[-67.76182,9.90531],[-67.76177,9.90534],[-67.76171,9.9054],[-67.76165,9.90547],[-67.76157,9.90555],[-67.76148,9.9056],[-67.76138,9.90565],[-67.76125,9.90568],[-67.76108,9.90572],[-67.76094,9.90573],[-67.76078,9.90572],[-67.7606,9.90568],[-67.76045,9.90564],[-67.76013,9.90553],[-67.75993,9.90545],[-67.75979,9.90537],[-67.75963,9.90532],[-67.75946,9.90531],[-67.75932,9.90532],[-67.75918,9.90534],[-67.75908,9.90534],[-67.75902,9.90532],[-67.75897,9.90527],[-67.75893,9.9052],[-67.75878,9.90504],[-67.75866,9.90494],[-67.75855,9.90488],[-67.75837,9.90482],[-67.75817,9.90477],[-67.75802,9.90474],[-67.75773,9.90471],[-67.75753,9.90471],[-67.7574,9.90472],[-67.75731,9.90473],[-67.75715,9.90474],[-67.75695,9.90478],[-67.75656,9.90482],[-67.75612,9.90488],[-67.75575,9.90496],[-67.75525,9.90505],[-67.75486,9.90511],[-67.75443,9.90519],[-67.75413,9.90505],[-67.75393,9.90494],[-67.75382,9.90483],[-67.75376,9.90475],[-67.75369,9.90471],[-67.75363,9.90469],[-67.75351,9.90467],[-67.75338,9.90465],[-67.75324,9.90462],[-67.75311,9.90461],[-67.75302,9.90461],[-67.75292,9.90464],[-67.7526,9.90474],[-67.75244,9.90479],[-67.75225,9.90481],[-67.75211,9.90482],[-67.75207,9.90471],[-67.75206,9.90464],[-67.75205,9.90455],[-67.75206,9.90446],[-67.75207,9.90439],[-67.75206,9.90428],[-67.75203,9.90418],[-67.75195,9.90406],[-67.75187,9.90397],[-67.75175,9.90385],[-67.75149,9.90365],[-67.75131,9.9035],[-67.75115,9.90339],[-67.75086,9.90323],[-67.75058,9.90302],[-67.75045,9.90293],[-67.75033,9.90278],[-67.75028,9.90266],[-67.75024,9.90254],[-67.75023,9.90244],[-67.75023,9.90218],[-67.75022,9.90177],[-67.7502,9.90156],[-67.75016,9.90142],[-67.75012,9.9013],[-67.75001,9.90115],[-67.7499,9.901],[-67.74978,9.90087],[-67.74961,9.90069],[-67.74931,9.90028],[-67.74912,9.90006],[-67.74896,9.89986],[-67.74884,9.8997],[-67.74877,9.8996],[-67.74872,9.89952],[-67.74864,9.8994],[-67.74858,9.89928],[-67.74852,9.89918],[-67.74845,9.8991],[-67.74839,9.89902],[-67.7483,9.89891],[-67.74809,9.89868],[-67.74796,9.89853],[-67.74773,9.8983],[-67.74751,9.89807],[-67.74738,9.89799],[-67.74725,9.89792],[-67.74706,9.8978],[-67.74694,9.89773],[-67.74684,9.89766],[-67.74675,9.89758],[-67.74666,9.89747],[-67.7466,9.89735],[-67.74653,9.89722],[-67.74645,9.8971],[-67.74637,9.89699],[-67.74628,9.89688],[-67.74622,9.89677],[-67.74619,9.89665],[-67.74615,9.89652],[-67.74612,9.89609],[-67.74606,9.89561],[-67.74576,9.89539],[-67.74542,9.89511],[-67.74502,9.89482],[-67.7445,9.89482],[-67.74431,9.89484],[-67.74418,9.89486],[-67.74401,9.8949],[-67.74387,9.89492],[-67.74366,9.89493],[-67.74338,9.89492],[-67.74302,9.89491],[-67.74272,9.89464],[-67.74253,9.89447],[-67.74243,9.8944],[-67.74238,9.89437],[-67.74228,9.89435],[-67.7421,9.89433],[-67.74195,9.89432],[-67.74185,9.8943],[-67.74176,9.89426],[-67.74169,9.89421],[-67.74156,9.89403],[-67.74146,9.89393],[-67.7413,9.89384],[-67.74113,9.89376],[-67.74104,9.89374],[-67.74094,9.89374],[-67.74085,9.89374],[-67.74049,9.89377],[-67.74028,9.89379],[-67.74011,9.89383],[-67.74003,9.89386],[-67.7398,9.89399],[-67.73949,9.89405],[-67.73898,9.89411],[-67.73848,9.8942],[-67.73798,9.89426],[-67.73739,9.89437],[-67.73724,9.89441],[-67.73706,9.89447],[-67.73691,9.89454],[-67.73676,9.89465],[-67.73652,9.89437],[-67.73632,9.89415],[-67.73651,9.89387],[-67.73657,9.8938],[-67.7366,9.89374],[-67.73664,9.89364],[-67.73665,9.8935],[-67.73669,9.89334],[-67.73673,9.89318],[-67.73678,9.89303],[-67.73682,9.89289],[-67.73686,9.89273],[-67.73687,9.89262],[-67.73684,9.89255],[-67.73678,9.89249],[-67.7367,9.89244],[-67.73665,9.89241],[-67.73654,9.89233],[-67.73646,9.89224],[-67.73639,9.89209],[-67.73636,9.89193],[-67.73631,9.89167],[-67.73629,9.89154],[-67.73622,9.89139],[-67.73617,9.89129],[-67.73607,9.89118],[-67.73588,9.89093],[-67.73575,9.8908],[-67.73567,9.89068],[-67.73559,9.89056],[-67.73552,9.89033],[-67.73544,9.89002],[-67.73539,9.88967],[-67.73535,9.88945],[-67.73532,9.88932],[-67.73537,9.88874],[-67.7354,9.88856],[-67.73545,9.88837],[-67.73558,9.88805],[-67.73552,9.88796],[-67.73541,9.88773],[-67.73535,9.88755],[-67.7353,9.8873],[-67.73527,9.8871],[-67.73524,9.88699],[-67.73519,9.88686],[-67.73512,9.88673],[-67.73503,9.8866],[-67.73485,9.88642],[-67.73471,9.88626],[-67.73456,9.88606],[-67.73446,9.88589],[-67.73436,9.88574],[-67.73425,9.88553],[-67.73404,9.88504],[-67.73375,9.88444],[-67.73361,9.88417],[-67.73351,9.88396],[-67.73327,9.88343],[-67.73318,9.88321],[-67.73313,9.88311],[-67.73306,9.883],[-67.73298,9.8829],[-67.73288,9.88281],[-67.7327,9.88268],[-67.73243,9.8825],[-67.73226,9.88201],[-67.73218,9.88173],[-67.73214,9.88152],[-67.73212,9.88135],[-67.73213,9.88123],[-67.73221,9.88096],[-67.73189,9.88062],[-67.73157,9.88055],[-67.73134,9.8805],[-67.73118,9.88046],[-67.73103,9.88045],[-67.73086,9.88045],[-67.7307,9.88047],[-67.73028,9.88052],[-67.72995,9.88055],[-67.72974,9.88056],[-67.72954,9.88055],[-67.72941,9.88053],[-67.72927,9.8805],[-67.72913,9.88042],[-67.72899,9.88039],[-67.72885,9.88036],[-67.72859,9.88034],[-67.72821,9.88028],[-67.72801,9.88023],[-67.72781,9.88018],[-67.72766,9.88014],[-67.72749,9.88009],[-67.72731,9.88005],[-67.72703,9.88004],[-67.72683,9.88001],[-67.72667,9.87996],[-67.72648,9.87989],[-67.72629,9.87985],[-67.72609,9.87983],[-67.72583,9.87978],[-67.7256,9.87968],[-67.72536,9.87954],[-67.72522,9.87943],[-67.725,9.87933],[-67.72479,9.87927],[-67.72464,9.87923],[-67.72403,9.87912],[-67.72368,9.87904],[-67.72333,9.87895],[-67.72304,9.87889],[-67.72282,9.87889],[-67.72241,9.8789],[-67.72222,9.87836],[-67.72218,9.87825],[-67.72214,9.87818],[-67.72206,9.87812],[-67.72196,9.87808],[-67.72184,9.878],[-67.72172,9.87784],[-67.72163,9.87767],[-67.72157,9.87758],[-67.72149,9.87751],[-67.72138,9.87743],[-67.7212,9.87732],[-67.72097,9.87717],[-67.72046,9.87682],[-67.71996,9.87699],[-67.71971,9.87705],[-67.7194,9.87709],[-67.71919,9.87708],[-67.71903,9.87705],[-67.71891,9.877],[-67.71873,9.87692],[-67.71859,9.87683],[-67.71841,9.87672],[-67.71824,9.87664],[-67.71811,9.87655],[-67.71804,9.87649],[-67.71799,9.87641],[-67.71795,9.87633],[-67.71787,9.87624],[-67.71775,9.87618],[-67.71759,9.87616],[-67.7174,9.87616],[-67.71721,9.87619],[-67.71705,9.87623],[-67.71688,9.87625],[-67.71673,9.87624],[-67.71658,9.87623],[-67.71644,9.87624],[-67.71623,9.87625],[-67.71568,9.8764],[-67.71561,9.8763],[-67.7155,9.87622],[-67.71539,9.87613],[-67.71522,9.87606],[-67.71512,9.87553],[-67.71507,9.87528],[-67.71501,9.87505],[-67.71497,9.87496],[-67.71494,9.8749],[-67.71487,9.87484],[-67.71479,9.8748],[-67.7146,9.87478],[-67.71419,9.87479],[-67.71394,9.87476],[-67.71383,9.87474],[-67.71372,9.8747],[-67.71359,9.87461],[-67.71349,9.87449],[-67.71343,9.87439],[-67.71334,9.87426],[-67.71324,9.87413],[-67.71312,9.87402],[-67.71299,9.87396],[-67.71284,9.87393],[-67.71249,9.8739],[-67.71232,9.87327],[-67.71222,9.873],[-67.71214,9.87282],[-67.71198,9.87256],[-67.71187,9.87236],[-67.71182,9.87221],[-67.71179,9.8721],[-67.71179,9.87199],[-67.71182,9.87183],[-67.7119,9.87161],[-67.71193,9.87146],[-67.71194,9.87126],[-67.71194,9.87107],[-67.71194,9.87087],[-67.71193,9.87066],[-67.71189,9.87039],[-67.71184,9.87005],[-67.71175,9.86961],[-67.71164,9.86926],[-67.71157,9.86897],[-67.71151,9.86876],[-67.71147,9.86857],[-67.71144,9.86845],[-67.71142,9.86832],[-67.7114,9.86814],[-67.71137,9.86794],[-67.71123,9.86748],[-67.71149,9.8673],[-67.71206,9.86687],[-67.71197,9.86671],[-67.71194,9.86662],[-67.71192,9.86653],[-67.71192,9.86646],[-67.71193,9.86633],[-67.71201,9.86609],[-67.71211,9.86575],[-67.71199,9.86556],[-67.71189,9.86542],[-67.7118,9.86528],[-67.71174,9.86519],[-67.71172,9.86513],[-67.71171,9.86501],[-67.71173,9.86489],[-67.71173,9.86476],[-67.71171,9.86459],[-67.71161,9.86421],[-67.71154,9.86392],[-67.71151,9.86381],[-67.71149,9.8637],[-67.7115,9.86361],[-67.71152,9.86346],[-67.71155,9.86336],[-67.71155,9.86324],[-67.71153,9.86312],[-67.71148,9.86294],[-67.71142,9.86271],[-67.71135,9.86235],[-67.71134,9.86217],[-67.71134,9.86199],[-67.71138,9.86183],[-67.71142,9.86164],[-67.71144,9.86148],[-67.71139,9.8613],[-67.71133,9.86107],[-67.71129,9.86087],[-67.71129,9.86066],[-67.71132,9.86041],[-67.71145,9.85997],[-67.71151,9.85978],[-67.71158,9.85938],[-67.71171,9.85841],[-67.71171,9.85786],[-67.71174,9.8575],[-67.71173,9.85739],[-67.71172,9.85728],[-67.71168,9.85713],[-67.71161,9.8569],[-67.71158,9.85672],[-67.71158,9.8565],[-67.71152,9.8562],[-67.71143,9.85606],[-67.71131,9.85591],[-67.71115,9.85573],[-67.71098,9.85561],[-67.71078,9.85551],[-67.71049,9.85541],[-67.71008,9.85523],[-67.70971,9.85512],[-67.70946,9.855],[-67.70927,9.85492],[-67.70909,9.85488],[-67.70896,9.85486],[-67.70887,9.85486],[-67.7087,9.85489],[-67.70856,9.85491],[-67.7084,9.8549],[-67.70805,9.85489],[-67.70765,9.85488],[-67.70731,9.85451],[-67.70707,9.85419],[-67.70674,9.85378],[-67.70665,9.85369],[-67.70655,9.8536],[-67.70636,9.85353],[-67.70617,9.8535],[-67.70603,9.85347],[-67.70592,9.85343],[-67.70584,9.85337],[-67.70576,9.85327],[-67.70571,9.85319],[-67.7056,9.85281],[-67.70554,9.85271],[-67.7055,9.85266],[-67.70542,9.85261],[-67.70507,9.85243],[-67.70479,9.85225],[-67.70456,9.85212],[-67.70434,9.85202],[-67.70409,9.85196],[-67.70378,9.85192],[-67.70363,9.85188],[-67.70354,9.85185],[-67.70347,9.85179],[-67.70337,9.85166],[-67.70328,9.85148],[-67.7032,9.85132],[-67.70311,9.85111],[-67.703,9.85081],[-67.7029,9.85048],[-67.70309,9.85022],[-67.70321,9.85004],[-67.70338,9.84975],[-67.70348,9.84956],[-67.70359,9.84942],[-67.70371,9.84929],[-67.70385,9.8492],[-67.70402,9.84911],[-67.70416,9.84902],[-67.70426,9.84898],[-67.70445,9.84892],[-67.70456,9.84886],[-67.70464,9.84877],[-67.7047,9.84863],[-67.70473,9.84851],[-67.70474,9.84839],[-67.70476,9.8483],[-67.7048,9.84822],[-67.7049,9.84813],[-67.70503,9.84805],[-67.70515,9.84799],[-67.70526,9.84792],[-67.70542,9.84786],[-67.7057,9.84779],[-67.70585,9.84776],[-67.70595,9.84772],[-67.70606,9.84763],[-67.70616,9.84753],[-67.70629,9.84739],[-67.70644,9.84722],[-67.70657,9.84706],[-67.70663,9.84699],[-67.70669,9.84694],[-67.70675,9.84692],[-67.70683,9.84689],[-67.70691,9.84684],[-67.70703,9.84674],[-67.70725,9.84658],[-67.70734,9.84649],[-67.70745,9.84638],[-67.70757,9.84626],[-67.70767,9.84618],[-67.70776,9.84613],[-67.70786,9.84607],[-67.70799,9.846],[-67.70831,9.84586],[-67.70872,9.84565],[-67.70884,9.84558],[-67.70898,9.84548],[-67.70907,9.84538],[-67.70914,9.84527],[-67.70937,9.84498],[-67.70937,9.84438],[-67.70938,9.84404],[-67.70938,9.84388],[-67.70941,9.84373],[-67.70948,9.84359],[-67.70961,9.84337],[-67.70974,9.84319],[-67.70991,9.84302],[-67.71005,9.8429],[-67.71019,9.8428],[-67.71038,9.84271],[-67.71054,9.84266],[-67.71074,9.84258],[-67.71085,9.8425],[-67.71092,9.84241],[-67.71093,9.84231],[-67.71092,9.84221],[-67.71086,9.8421],[-67.71075,9.842],[-67.71064,9.84191],[-67.71056,9.84182],[-67.71043,9.84166],[-67.71038,9.84158],[-67.71035,9.84147],[-67.71036,9.84135],[-67.71041,9.84123],[-67.7105,9.8411],[-67.71055,9.84101],[-67.71056,9.84088],[-67.71055,9.84077],[-67.71053,9.84064],[-67.71048,9.84047],[-67.71044,9.84026],[-67.7104,9.84011],[-67.7104,9.83999],[-67.71042,9.83986],[-67.71045,9.83968],[-67.71045,9.83939],[-67.71048,9.83922],[-67.71052,9.83907],[-67.7106,9.83891],[-67.7107,9.83875],[-67.71086,9.8385],[-67.71102,9.83835],[-67.71114,9.83813],[-67.71121,9.83797],[-67.71122,9.83784],[-67.71119,9.83768],[-67.71114,9.83751],[-67.71105,9.8372],[-67.71094,9.83685],[-67.71088,9.83665],[-67.71083,9.83649],[-67.7108,9.83634],[-67.71079,9.83616],[-67.71078,9.83597],[-67.71077,9.83566],[-67.7104,9.83569],[-67.71022,9.83574],[-67.71011,9.83581],[-67.70958,9.83539],[-67.70921,9.8351],[-67.70875,9.83474],[-67.70859,9.83462],[-67.70841,9.83452],[-67.70814,9.83437],[-67.70793,9.83426],[-67.70772,9.83416],[-67.70754,9.8341],[-67.70737,9.83406],[-67.70723,9.83404],[-67.70707,9.834],[-67.70687,9.83392],[-67.70672,9.83386],[-67.70662,9.8338],[-67.7065,9.83372],[-67.70636,9.83362],[-67.70618,9.83347],[-67.70596,9.83334],[-67.70572,9.83321],[-67.70558,9.83315],[-67.70551,9.83311],[-67.70536,9.83303],[-67.70524,9.83297],[-67.70509,9.8329],[-67.70496,9.83283],[-67.70481,9.83272],[-67.70461,9.83255],[-67.70449,9.83245],[-67.70438,9.83239],[-67.7042,9.83233],[-67.70404,9.83225],[-67.70391,9.83217],[-67.70383,9.83208],[-67.70374,9.832],[-67.70365,9.83193],[-67.7035,9.83183],[-67.70327,9.83171],[-67.70295,9.83159],[-67.70258,9.83148],[-67.70212,9.83136],[-67.70185,9.83131],[-67.70166,9.83126],[-67.70143,9.83116],[-67.70072,9.8308],[-67.7005,9.83069],[-67.70029,9.83058],[-67.70004,9.83042],[-67.6999,9.83037],[-67.69974,9.83033],[-67.69952,9.83028],[-67.69934,9.83025],[-67.69923,9.83024],[-67.69911,9.83023],[-67.699,9.8302],[-67.69889,9.83016],[-67.69842,9.8301],[-67.69809,9.83008],[-67.69801,9.82974],[-67.69797,9.82954],[-67.69794,9.82934],[-67.69794,9.82919],[-67.69795,9.8291],[-67.69797,9.82903],[-67.69798,9.82892],[-67.69795,9.82882],[-67.69786,9.82869],[-67.69776,9.82858],[-67.6976,9.82849],[-67.69747,9.82844],[-67.69727,9.82838],[-67.69685,9.82825],[-67.69657,9.82815],[-67.69639,9.82811],[-67.69621,9.8281],[-67.69603,9.82813],[-67.69586,9.82815],[-67.69576,9.82792],[-67.69568,9.82771],[-67.69555,9.82728],[-67.6955,9.82711],[-67.69545,9.82701],[-67.6954,9.82693],[-67.69525,9.82671],[-67.69489,9.82615],[-67.69365,9.82449],[-67.69373,9.82396],[-67.69364,9.8239],[-67.69344,9.8238],[-67.69329,9.82373],[-67.69312,9.82369],[-67.69298,9.82367],[-67.69286,9.8237],[-67.69275,9.82378],[-67.69266,9.82391],[-67.69257,9.82403],[-67.69248,9.82411],[-67.69235,9.82418],[-67.69222,9.8242],[-67.6921,9.82419],[-67.69189,9.82413],[-67.69178,9.82397],[-67.69162,9.8238],[-67.69148,9.82366],[-67.69137,9.82355],[-67.6913,9.82343],[-67.69126,9.82331],[-67.69121,9.82314],[-67.69116,9.82297],[-67.69115,9.82284],[-67.69115,9.82273],[-67.69118,9.82263],[-67.69123,9.82254],[-67.69132,9.82242],[-67.69104,9.82208],[-67.69094,9.82202],[-67.69076,9.82191],[-67.69064,9.82187],[-67.69051,9.82187],[-67.69033,9.82187],[-67.6902,9.82188],[-67.69004,9.82186],[-67.68993,9.82183],[-67.68985,9.82179],[-67.68978,9.82175],[-67.68968,9.82172],[-67.68959,9.82171],[-67.68951,9.82172],[-67.68943,9.82176],[-67.6894,9.82181],[-67.68927,9.82198],[-67.68919,9.82204],[-67.68911,9.82208],[-67.68904,9.8221],[-67.68894,9.82212],[-67.68887,9.82216],[-67.68879,9.82223],[-67.68871,9.82232],[-67.68864,9.82248],[-67.68858,9.82266],[-67.68851,9.82283],[-67.68845,9.82295],[-67.68834,9.82307],[-67.68823,9.82317],[-67.68807,9.82325],[-67.68769,9.8233],[-67.68747,9.82336],[-67.68707,9.82346],[-67.68693,9.82383],[-67.68679,9.82431],[-67.68654,9.82427],[-67.68636,9.82422],[-67.68623,9.82415],[-67.6861,9.82408],[-67.686,9.82407],[-67.68591,9.82408],[-67.68573,9.82413],[-67.6856,9.82415],[-67.68551,9.82414],[-67.68541,9.82411],[-67.68507,9.82387],[-67.68488,9.82373],[-67.68473,9.82364],[-67.68457,9.82355],[-67.68438,9.82346],[-67.68425,9.82338],[-67.68416,9.8233],[-67.68407,9.82322],[-67.68399,9.82313],[-67.6839,9.82304],[-67.68374,9.82291],[-67.68331,9.82304],[-67.68301,9.82328],[-67.68266,9.82348],[-67.68252,9.82357],[-67.68231,9.82374],[-67.68218,9.82383],[-67.68209,9.82396],[-67.68199,9.82413],[-67.68184,9.82437],[-67.68178,9.82447],[-67.68171,9.82465],[-67.68166,9.82485],[-67.68165,9.82496],[-67.68164,9.82508],[-67.68167,9.82524],[-67.68144,9.82536],[-67.68137,9.82538],[-67.68127,9.8254],[-67.68115,9.82542],[-67.68095,9.82542],[-67.68073,9.82542],[-67.68041,9.82541],[-67.68012,9.82538],[-67.67963,9.82531],[-67.6795,9.82554],[-67.67929,9.82593],[-67.67923,9.82603],[-67.67917,9.82607],[-67.67911,9.82611],[-67.679,9.82618],[-67.67894,9.82623],[-67.67889,9.82629],[-67.67885,9.82636],[-67.67875,9.82655],[-67.67863,9.82693],[-67.67877,9.82727],[-67.67883,9.82744],[-67.67886,9.82756],[-67.67891,9.82781],[-67.67894,9.82806],[-67.67895,9.8284],[-67.67894,9.8286],[-67.67891,9.82878],[-67.67886,9.82921],[-67.67824,9.82953],[-67.67773,9.82979],[-67.67724,9.83007],[-67.67713,9.83016],[-67.67705,9.83027],[-67.67698,9.8304],[-67.67694,9.83052],[-67.67643,9.8307],[-67.6762,9.8308],[-67.67607,9.8309],[-67.67596,9.83102],[-67.67587,9.83115],[-67.67579,9.83125],[-67.67574,9.83156],[-67.67588,9.83185],[-67.67597,9.83205],[-67.67591,9.83229],[-67.67586,9.8325],[-67.67584,9.8326],[-67.6758,9.8327],[-67.67568,9.83285],[-67.67531,9.83313],[-67.67507,9.83326],[-67.67467,9.83348],[-67.6746,9.83353],[-67.67453,9.83361],[-67.67447,9.83372],[-67.67442,9.83381],[-67.67432,9.83395],[-67.67416,9.83412],[-67.67396,9.83434],[-67.67382,9.83451],[-67.67372,9.83471],[-67.67349,9.83545],[-67.6733,9.83548],[-67.67292,9.83552],[-67.67279,9.83567],[-67.67235,9.83567],[-67.6723,9.83574],[-67.67219,9.83585],[-67.67207,9.83593],[-67.67188,9.83604],[-67.6716,9.83619],[-67.67145,9.83638],[-67.67135,9.83651],[-67.67125,9.83664],[-67.67112,9.83678],[-67.67099,9.83693],[-67.67084,9.83712],[-67.67089,9.83734],[-67.67091,9.83749],[-67.6709,9.8376],[-67.67088,9.83767],[-67.67077,9.83784],[-67.67062,9.83803],[-67.67034,9.83836],[-67.67034,9.83849],[-67.67034,9.8386],[-67.67032,9.83873],[-67.67025,9.83899],[-67.6702,9.83914],[-67.67014,9.83925],[-67.67004,9.8394],[-67.66997,9.83956],[-67.67,9.83985],[-67.66977,9.83994],[-67.66959,9.84005],[-67.66948,9.84012],[-67.66926,9.84036],[-67.66918,9.84049],[-67.66915,9.84059],[-67.66912,9.84069],[-67.6691,9.84076],[-67.66905,9.84084],[-67.669,9.84089],[-67.66892,9.84092],[-67.66883,9.84093],[-67.66867,9.84091],[-67.66851,9.84091],[-67.66838,9.84095],[-67.66829,9.84098],[-67.66818,9.84099],[-67.66807,9.84096],[-67.66793,9.84088],[-67.66766,9.84106],[-67.6676,9.84123],[-67.66757,9.84132],[-67.66751,9.84141],[-67.66741,9.84152],[-67.66731,9.84164],[-67.66718,9.84174],[-67.66711,9.84178],[-67.66703,9.84185],[-67.667,9.8419],[-67.66698,9.84198],[-67.66697,9.84206],[-67.66697,9.84211],[-67.66695,9.84217],[-67.66691,9.84222],[-67.66682,9.8423],[-67.66669,9.84242],[-67.66657,9.84256],[-67.66647,9.8427],[-67.66636,9.84301],[-67.66644,9.84316],[-67.66647,9.84323],[-67.66648,9.8433],[-67.66646,9.84339],[-67.66643,9.84349],[-67.66639,9.84358],[-67.66635,9.84371],[-67.66634,9.84382],[-67.66635,9.84394],[-67.66643,9.84437],[-67.66634,9.84457],[-67.66625,9.84495],[-67.66622,9.84515],[-67.66623,9.8453],[-67.66627,9.84547],[-67.66615,9.84561],[-67.66603,9.84573],[-67.66592,9.84584],[-67.66584,9.84592],[-67.66572,9.846],[-67.66564,9.84603],[-67.66554,9.84605],[-67.66544,9.84605],[-67.66531,9.84604],[-67.66514,9.84602],[-67.66501,9.84601],[-67.66469,9.846],[-67.66446,9.84603],[-67.66414,9.84609],[-67.66393,9.84615],[-67.66376,9.84622],[-67.66364,9.84627],[-67.66354,9.84633],[-67.66342,9.84636],[-67.66325,9.84637],[-67.66284,9.84636],[-67.66264,9.84639],[-67.66241,9.84646],[-67.66209,9.84659],[-67.6617,9.8468],[-67.66144,9.84692],[-67.66092,9.84716],[-67.66046,9.8474],[-67.66029,9.8475],[-67.66019,9.84759],[-67.66011,9.84772],[-67.66004,9.84785],[-67.65998,9.84807],[-67.6599,9.8484],[-67.65958,9.84845],[-67.65911,9.84855],[-67.65848,9.84872],[-67.6582,9.84807],[-67.65806,9.84771],[-67.65799,9.84758],[-67.65791,9.8475],[-67.65745,9.84728],[-67.65708,9.84708],[-67.65682,9.84694],[-67.6566,9.84683],[-67.65632,9.84674],[-67.65609,9.84672],[-67.65594,9.8467],[-67.65581,9.84667],[-67.65572,9.84662],[-67.65558,9.84655],[-67.65541,9.84651],[-67.65525,9.8465],[-67.65508,9.84653],[-67.65475,9.8467],[-67.65442,9.8467],[-67.65418,9.84671],[-67.65402,9.84671],[-67.65391,9.8467],[-67.65383,9.84671],[-67.65373,9.84673],[-67.65348,9.84677],[-67.65339,9.84678],[-67.65326,9.84678],[-67.65315,9.84677],[-67.65299,9.84669],[-67.65288,9.84666],[-67.65275,9.84664],[-67.65261,9.84665],[-67.65239,9.84665],[-67.65229,9.84665],[-67.65217,9.84663],[-67.65206,9.84661],[-67.65193,9.84661],[-67.65169,9.84662],[-67.6515,9.84662],[-67.65134,9.84658],[-67.65086,9.84645],[-67.65071,9.84636],[-67.65051,9.84623],[-67.65031,9.8461],[-67.6499,9.84555],[-67.64953,9.84553],[-67.64921,9.84553],[-67.64902,9.84555],[-67.64878,9.84558],[-67.64852,9.84561],[-67.64825,9.84564],[-67.64811,9.84564],[-67.64796,9.84561],[-67.64781,9.84552],[-67.64769,9.84544],[-67.64758,9.84536],[-67.64742,9.84531],[-67.64722,9.8453],[-67.64653,9.84532],[-67.64614,9.84532],[-67.64558,9.84531],[-67.64541,9.84557],[-67.64536,9.84571],[-67.64532,9.84597],[-67.64527,9.84619],[-67.64523,9.84639],[-67.6452,9.8466],[-67.64519,9.84693],[-67.6452,9.84711],[-67.64522,9.84725],[-67.64524,9.8474],[-67.6453,9.84765],[-67.64515,9.84792],[-67.64508,9.84808],[-67.64505,9.8482],[-67.64502,9.84827],[-67.64498,9.84833],[-67.64488,9.84844],[-67.6448,9.84853],[-67.64476,9.84861],[-67.64474,9.84868],[-67.64474,9.84875],[-67.64473,9.84889],[-67.6447,9.84905],[-67.64464,9.84919],[-67.64457,9.84942],[-67.64465,9.84987],[-67.64469,9.85012],[-67.64435,9.85028],[-67.64417,9.8504],[-67.64403,9.85049],[-67.64387,9.85055],[-67.64369,9.85066],[-67.64351,9.85077],[-67.64327,9.85098],[-67.64311,9.85116],[-67.64289,9.85121],[-67.64276,9.85126],[-67.64261,9.85136],[-67.64244,9.85144],[-67.6423,9.85151],[-67.64211,9.85162],[-67.64194,9.85176],[-67.64181,9.85187],[-67.64161,9.85205],[-67.64111,9.85213],[-67.64087,9.85221],[-67.64078,9.85226],[-67.64069,9.85234],[-67.6405,9.85258],[-67.64007,9.85312],[-67.63996,9.85319],[-67.63976,9.85331],[-67.63939,9.85354],[-67.63927,9.85362],[-67.63917,9.8537],[-67.63904,9.85387],[-67.63895,9.85401],[-67.63887,9.85409],[-67.63872,9.85419],[-67.63847,9.85441],[-67.63824,9.85463],[-67.63796,9.8549],[-67.63766,9.85497],[-67.63751,9.85504],[-67.63734,9.85516],[-67.63707,9.85538],[-67.63658,9.85537],[-67.63641,9.85536],[-67.63628,9.85527],[-67.63612,9.85518],[-67.63592,9.85512],[-67.63569,9.85508],[-67.63548,9.85507],[-67.63538,9.85509],[-67.63524,9.85513],[-67.63486,9.85538],[-67.63473,9.85549],[-67.63461,9.85561],[-67.63453,9.8557],[-67.63443,9.85577],[-67.63434,9.85581],[-67.6342,9.85586],[-67.63405,9.85592],[-67.63383,9.85599],[-67.63403,9.85643],[-67.63431,9.85699],[-67.63413,9.85736],[-67.634,9.85771],[-67.63386,9.858],[-67.63378,9.85814],[-67.6337,9.85826],[-67.63363,9.85835],[-67.63357,9.85844],[-67.63351,9.85853],[-67.63349,9.85862],[-67.63349,9.8587],[-67.6335,9.85875],[-67.6335,9.85892],[-67.63348,9.85901],[-67.63345,9.85916],[-67.63342,9.8593],[-67.63338,9.85944],[-67.6333,9.85962],[-67.63318,9.85984],[-67.63305,9.86003],[-67.63269,9.86045],[-67.63255,9.86064],[-67.63242,9.86085],[-67.63231,9.86107],[-67.63205,9.86169],[-67.63135,9.86193],[-67.63119,9.86196],[-67.63096,9.86196],[-67.63077,9.86197],[-67.63063,9.862],[-67.63024,9.86211],[-67.62996,9.86222],[-67.62985,9.86223],[-67.62973,9.8622],[-67.62957,9.86211],[-67.62943,9.86201],[-67.62873,9.86194],[-67.62843,9.86189],[-67.62831,9.86185],[-67.62822,9.86178],[-67.62776,9.86141],[-67.62732,9.86142],[-67.62665,9.86147],[-67.62632,9.86134],[-67.62616,9.86131],[-67.62595,9.86126],[-67.62567,9.86115],[-67.62537,9.861],[-67.62521,9.86091],[-67.62502,9.86079],[-67.62492,9.86071],[-67.6248,9.86065],[-67.62471,9.8606],[-67.62463,9.86055],[-67.62453,9.86049],[-67.62445,9.86047],[-67.62433,9.86044],[-67.62422,9.8604],[-67.62409,9.86033],[-67.62384,9.86021],[-67.62365,9.86014],[-67.62353,9.85984],[-67.62347,9.85972],[-67.62338,9.85957],[-67.62326,9.85937],[-67.62322,9.8593],[-67.62318,9.85928],[-67.6231,9.85925],[-67.62302,9.85922],[-67.62295,9.85917],[-67.62288,9.85912],[-67.62283,9.85907],[-67.6227,9.85901],[-67.62258,9.85897],[-67.62213,9.85881],[-67.62196,9.85878],[-67.62188,9.85867],[-67.62184,9.85857],[-67.62182,9.85848],[-67.62181,9.85836],[-67.62181,9.85826],[-67.6218,9.85813],[-67.62177,9.85804],[-67.62174,9.85796],[-67.62168,9.85787],[-67.6216,9.85777],[-67.62149,9.85762],[-67.62144,9.8575],[-67.62142,9.85739],[-67.6214,9.85722],[-67.62109,9.85706],[-67.62086,9.85693],[-67.62061,9.8568],[-67.62047,9.85674],[-67.62033,9.85672],[-67.62022,9.8567],[-67.62009,9.85671],[-67.61996,9.85675],[-67.61993,9.8566],[-67.61988,9.85649],[-67.61981,9.85638],[-67.61974,9.85629],[-67.61968,9.85621],[-67.6196,9.85612],[-67.61956,9.85603],[-67.61953,9.8559],[-67.6195,9.85565],[-67.61921,9.85562],[-67.61907,9.85559],[-67.61897,9.85557],[-67.61886,9.85553],[-67.61866,9.85544],[-67.61828,9.85532],[-67.61803,9.85525],[-67.6178,9.85521],[-67.61727,9.85524],[-67.61708,9.85481],[-67.61701,9.85461],[-67.61696,9.85441],[-67.61691,9.85413],[-67.61682,9.85364],[-67.61677,9.85339],[-67.61674,9.85328],[-67.61668,9.8532],[-67.61663,9.85313],[-67.61652,9.85304],[-67.61636,9.85294],[-67.6162,9.85282],[-67.61604,9.85268],[-67.61594,9.85259],[-67.61586,9.8525],[-67.61583,9.85243],[-67.61579,9.85235],[-67.61575,9.85228],[-67.61567,9.85222],[-67.61533,9.85186],[-67.61524,9.85174],[-67.61518,9.85162],[-67.6151,9.85143],[-67.61501,9.85123],[-67.6149,9.85108],[-67.61482,9.85101],[-67.61468,9.85092],[-67.61454,9.85088],[-67.6144,9.85086],[-67.61423,9.85087],[-67.61412,9.85086],[-67.61395,9.85081],[-67.61333,9.85061],[-67.61296,9.85048],[-67.6124,9.8502],[-67.61217,9.8501],[-67.61199,9.85],[-67.61162,9.84971],[-67.61138,9.84953],[-67.61129,9.84948],[-67.6112,9.84947],[-67.61109,9.84947],[-67.61078,9.84952],[-67.61061,9.84956],[-67.61053,9.84957],[-67.61042,9.84956],[-67.61008,9.84946],[-67.60944,9.84928],[-67.60918,9.84928],[-67.60906,9.84926],[-67.60894,9.84925],[-67.60883,9.84924],[-67.60873,9.84925],[-67.60857,9.84928],[-67.60841,9.84932],[-67.60825,9.84935],[-67.60813,9.84938],[-67.608,9.84942],[-67.60785,9.84948],[-67.60772,9.84956],[-67.6075,9.84974],[-67.60727,9.84995],[-67.60697,9.84975],[-67.60685,9.84967],[-67.60675,9.84956],[-67.60667,9.84946],[-67.60658,9.84939],[-67.60646,9.84932],[-67.60635,9.84926],[-67.60617,9.84921],[-67.60597,9.8492],[-67.60531,9.84922],[-67.60497,9.84923],[-67.60453,9.8493],[-67.60379,9.84927],[-67.60368,9.84912],[-67.60357,9.84897],[-67.60346,9.8488],[-67.60332,9.84851],[-67.60302,9.84782],[-67.60269,9.84765],[-67.60256,9.84759],[-67.60244,9.84753],[-67.60228,9.84749],[-67.60194,9.8474],[-67.60146,9.84706],[-67.6009,9.84667],[-67.6009,9.84648],[-67.60091,9.84638],[-67.60095,9.84619],[-67.60095,9.84611],[-67.60093,9.84603],[-67.60089,9.84594],[-67.60081,9.84581],[-67.60065,9.84554],[-67.60037,9.84517],[-67.59985,9.84549],[-67.59958,9.84567],[-67.59945,9.84578],[-67.59917,9.84581],[-67.59892,9.84582],[-67.59875,9.8458],[-67.59855,9.84576],[-67.59837,9.84573],[-67.59818,9.84572],[-67.59802,9.84571],[-67.59786,9.84568],[-67.5977,9.84562],[-67.59745,9.84553],[-67.5973,9.8455],[-67.59716,9.8455],[-67.59693,9.84551],[-67.59623,9.84549],[-67.59567,9.84551],[-67.59459,9.84551],[-67.59423,9.84553],[-67.59397,9.84554],[-67.5938,9.84553],[-67.59362,9.84548],[-67.59346,9.84544],[-67.5933,9.8454],[-67.59319,9.84539],[-67.59309,9.84539],[-67.59299,9.84541],[-67.59289,9.84542],[-67.59281,9.84541],[-67.59271,9.84539],[-67.59255,9.84538],[-67.59244,9.8454],[-67.59234,9.84543],[-67.59226,9.84549],[-67.59216,9.84558],[-67.59208,9.84571],[-67.59205,9.84583],[-67.592,9.84596],[-67.59192,9.84607],[-67.59182,9.84617],[-67.59167,9.84624],[-67.59152,9.84628],[-67.59136,9.84635],[-67.59125,9.84646],[-67.59114,9.84659],[-67.59108,9.8467],[-67.59093,9.84699],[-67.59085,9.84714],[-67.59078,9.84724],[-67.59069,9.84734],[-67.5906,9.84743],[-67.59055,9.84754],[-67.59051,9.84763],[-67.59049,9.84776],[-67.5905,9.84786],[-67.59051,9.84796],[-67.59053,9.84812],[-67.59053,9.84822],[-67.59053,9.84831],[-67.59052,9.8484],[-67.59043,9.8488],[-67.59053,9.84914],[-67.59075,9.84949],[-67.59098,9.8498],[-67.59118,9.85004],[-67.59115,9.85017],[-67.59111,9.85039],[-67.59108,9.85075],[-67.59103,9.85125],[-67.59102,9.85139],[-67.59097,9.85149],[-67.59091,9.85159],[-67.59082,9.8517],[-67.59071,9.85188],[-67.59065,9.85199],[-67.59062,9.85207],[-67.59062,9.85227],[-67.59065,9.85281],[-67.59066,9.85319],[-67.59066,9.85336],[-67.59063,9.85353],[-67.59061,9.85363],[-67.59061,9.85373],[-67.59062,9.85381],[-67.59066,9.85388],[-67.59068,9.85394],[-67.59068,9.85401],[-67.59066,9.85407],[-67.59064,9.85417],[-67.59063,9.85429],[-67.59064,9.8544],[-67.59068,9.85452],[-67.59077,9.85471],[-67.59081,9.85483],[-67.59084,9.85492],[-67.59086,9.85503],[-67.59104,9.85572],[-67.59074,9.85608],[-67.59062,9.85621],[-67.5905,9.85632],[-67.59039,9.85642],[-67.59029,9.85649],[-67.59018,9.85659],[-67.59013,9.85666],[-67.59009,9.85675],[-67.59003,9.85692],[-67.58992,9.85715],[-67.58983,9.85738],[-67.58973,9.85757],[-67.58966,9.85769],[-67.58962,9.85783],[-67.58958,9.85793],[-67.58958,9.85802],[-67.5896,9.85809],[-67.58966,9.85833],[-67.58937,9.85841],[-67.58923,9.85844],[-67.58916,9.85848],[-67.58912,9.85854],[-67.5891,9.85863],[-67.5891,9.85874],[-67.58911,9.859],[-67.58869,9.85913],[-67.58848,9.8592],[-67.58836,9.85926],[-67.58824,9.85934],[-67.58813,9.85945],[-67.58801,9.85961],[-67.58793,9.85976],[-67.5879,9.85991],[-67.58789,9.86001],[-67.58786,9.86016],[-67.58781,9.86031],[-67.58774,9.86051],[-67.58782,9.86064],[-67.58787,9.86077],[-67.58789,9.86088],[-67.5879,9.86099],[-67.58789,9.86121],[-67.58791,9.86151],[-67.58778,9.86178],[-67.58765,9.86204],[-67.58755,9.8622],[-67.58748,9.86231],[-67.58736,9.8625],[-67.58722,9.86272],[-67.5871,9.86294],[-67.58702,9.86308],[-67.587,9.86318],[-67.58698,9.86329],[-67.58697,9.86352],[-67.58677,9.86367],[-67.58664,9.86383],[-67.58644,9.86404],[-67.58593,9.86438],[-67.5858,9.8645],[-67.58574,9.8646],[-67.5857,9.86473],[-67.58555,9.86515],[-67.5855,9.8653],[-67.58526,9.86555],[-67.58515,9.86572],[-67.58507,9.86586],[-67.58501,9.86599],[-67.58498,9.86612],[-67.58495,9.86635],[-67.58487,9.86661],[-67.5848,9.86681],[-67.58479,9.86694],[-67.58477,9.86704],[-67.58476,9.86725],[-67.58476,9.86745],[-67.58492,9.86759],[-67.585,9.8677],[-67.58506,9.8678],[-67.58511,9.8679],[-67.58514,9.86798],[-67.58515,9.86807],[-67.58515,9.86833],[-67.58513,9.86863],[-67.58505,9.86907],[-67.58502,9.86928],[-67.58502,9.86943],[-67.58504,9.86957],[-67.58509,9.86966],[-67.58518,9.86985],[-67.58524,9.87002],[-67.58528,9.87014],[-67.58542,9.87081],[-67.58563,9.87114],[-67.58571,9.87129],[-67.58576,9.87144],[-67.58579,9.87159],[-67.58578,9.87173],[-67.58572,9.87196],[-67.5857,9.87212],[-67.58569,9.87232],[-67.58572,9.87249],[-67.58577,9.87268],[-67.58596,9.87312],[-67.58588,9.87348],[-67.58585,9.87362],[-67.58587,9.87375],[-67.5859,9.87387],[-67.586,9.87407],[-67.58604,9.87423],[-67.58608,9.87436],[-67.58611,9.87456],[-67.58612,9.87474],[-67.58615,9.87501],[-67.58617,9.8753],[-67.58617,9.87544],[-67.58617,9.87562],[-67.58618,9.87578],[-67.58647,9.87601],[-67.58656,9.87613],[-67.58661,9.87622],[-67.58669,9.87635],[-67.58649,9.87655],[-67.58642,9.87666],[-67.58635,9.87675],[-67.58626,9.87684],[-67.58619,9.87694],[-67.58615,9.877],[-67.58612,9.8771],[-67.58608,9.87721],[-67.58601,9.87731],[-67.58582,9.87751],[-67.58553,9.87778],[-67.58534,9.87793],[-67.5852,9.87802],[-67.58496,9.87812],[-67.58468,9.8782],[-67.58443,9.8783],[-67.58433,9.8783],[-67.58425,9.87833],[-67.58418,9.87837],[-67.58412,9.87842],[-67.58404,9.87849],[-67.58395,9.87853],[-67.58383,9.87856],[-67.58374,9.87861],[-67.58366,9.87865],[-67.58338,9.87883],[-67.58317,9.87897],[-67.58304,9.87905],[-67.58299,9.87948],[-67.58294,9.87971],[-67.5829,9.87983],[-67.5828,9.87998],[-67.58267,9.88015],[-67.58246,9.88037],[-67.58232,9.88058],[-67.5822,9.88076],[-67.5821,9.88094],[-67.58197,9.88111],[-67.58186,9.88122],[-67.58175,9.88132],[-67.58165,9.88143],[-67.58157,9.88158],[-67.5815,9.88167],[-67.58141,9.88186],[-67.58137,9.88198],[-67.58132,9.88206],[-67.58128,9.88215],[-67.58127,9.88221],[-67.5813,9.88227],[-67.58132,9.88234],[-67.58134,9.8824],[-67.58134,9.88249],[-67.58131,9.88258],[-67.58119,9.88281],[-67.5811,9.88297],[-67.58104,9.8831],[-67.58102,9.8832],[-67.58098,9.88331],[-67.58092,9.88339],[-67.58087,9.88345],[-67.5808,9.88353],[-67.58073,9.88364],[-67.58064,9.88378],[-67.58054,9.8839],[-67.58042,9.88401],[-67.5803,9.8841],[-67.58019,9.88417],[-67.58008,9.88423],[-67.57999,9.8843],[-67.57992,9.88438],[-67.57986,9.88449],[-67.5798,9.88459],[-67.57972,9.88467],[-67.57965,9.88473],[-67.57952,9.88478],[-67.5794,9.88488],[-67.57935,9.88494],[-67.57915,9.88517],[-67.579,9.88535],[-67.57888,9.88545],[-67.57873,9.88554],[-67.57826,9.8858],[-67.57782,9.88601],[-67.57727,9.88629],[-67.57708,9.88637],[-67.57684,9.88645],[-67.5767,9.8865],[-67.57657,9.88658],[-67.57643,9.88666],[-67.57618,9.88678],[-67.57559,9.88695],[-67.57549,9.88715],[-67.5754,9.8873],[-67.57533,9.88755],[-67.57522,9.88787],[-67.57506,9.88826],[-67.57497,9.88853],[-67.57488,9.88881],[-67.5748,9.88902],[-67.57472,9.88919],[-67.57463,9.88928],[-67.57451,9.88937],[-67.57432,9.8895],[-67.57405,9.88964],[-67.57391,9.89008],[-67.57381,9.89037],[-67.57378,9.89051],[-67.57377,9.89062],[-67.57377,9.89073],[-67.57377,9.89086],[-67.57377,9.89105],[-67.57379,9.89136],[-67.57384,9.89154],[-67.57388,9.89164],[-67.57397,9.89183],[-67.57401,9.89201],[-67.57402,9.89216],[-67.57405,9.89245],[-67.57408,9.89261],[-67.57412,9.89274],[-67.57419,9.89283],[-67.57432,9.89293],[-67.57452,9.8931],[-67.57462,9.89322],[-67.57469,9.89333],[-67.57471,9.89345],[-67.57472,9.89354],[-67.57469,9.89373],[-67.57466,9.89397],[-67.57491,9.89403],[-67.57525,9.89411],[-67.57557,9.8942],[-67.57572,9.89427],[-67.57586,9.89435],[-67.57593,9.89441],[-67.57598,9.89449],[-67.57599,9.89458],[-67.576,9.89478],[-67.576,9.89495],[-67.57603,9.89512],[-67.57607,9.89526],[-67.57611,9.89541],[-67.57623,9.89562],[-67.57651,9.89609],[-67.57678,9.89643],[-67.57726,9.89687],[-67.57735,9.89695],[-67.57743,9.89704],[-67.57748,9.89712],[-67.57753,9.89722],[-67.57757,9.89738],[-67.57761,9.89759],[-67.57768,9.89795],[-67.57776,9.898],[-67.57779,9.89806],[-67.57782,9.89817],[-67.57781,9.89825],[-67.57777,9.8983],[-67.5777,9.8984],[-67.57755,9.89861],[-67.57746,9.89871],[-67.57741,9.89881],[-67.57737,9.89891],[-67.57733,9.89901],[-67.57725,9.89911],[-67.57715,9.89918],[-67.57707,9.89921],[-67.57697,9.8993],[-67.57689,9.89939],[-67.57686,9.89952],[-67.57685,9.89963],[-67.57687,9.89996],[-67.57649,9.90008],[-67.57636,9.90016],[-67.57625,9.90025],[-67.57612,9.90036],[-67.57601,9.90047],[-67.57579,9.90065],[-67.57564,9.90077],[-67.57548,9.90086],[-67.57534,9.90092],[-67.57521,9.90096],[-67.57498,9.90111],[-67.57489,9.90121],[-67.57483,9.90129],[-67.57477,9.90134],[-67.57471,9.90137],[-67.57462,9.90139],[-67.57448,9.90139],[-67.57433,9.90136],[-67.57404,9.90127],[-67.57373,9.90114],[-67.5736,9.90107],[-67.57352,9.90103],[-67.57341,9.90101],[-67.5733,9.90101],[-67.57318,9.90105],[-67.57296,9.90113],[-67.57266,9.90127],[-67.57248,9.90135],[-67.57227,9.9014],[-67.57213,9.90146],[-67.57196,9.90154],[-67.57182,9.90161],[-67.57166,9.90169],[-67.5715,9.9018],[-67.57142,9.90187],[-67.57135,9.90194],[-67.57125,9.90198],[-67.57112,9.90201],[-67.57099,9.90204],[-67.57077,9.90209],[-67.57056,9.9022],[-67.57038,9.90232],[-67.57027,9.90238],[-67.57012,9.90243],[-67.56997,9.90246],[-67.56964,9.90253],[-67.56945,9.90259],[-67.56931,9.90268],[-67.56921,9.90277],[-67.56912,9.90289],[-67.56904,9.90296],[-67.56893,9.90303],[-67.56878,9.90309],[-67.56868,9.90312],[-67.56861,9.90313],[-67.56854,9.90313],[-67.56825,9.90318],[-67.56797,9.90326],[-67.56778,9.90333],[-67.56755,9.90346],[-67.56733,9.90359],[-67.56711,9.90377],[-67.56685,9.90403],[-67.56649,9.90435],[-67.56567,9.90523],[-67.56496,9.90461],[-67.56425,9.90397],[-67.56366,9.90337],[-67.56341,9.90308],[-67.56305,9.90276],[-67.56267,9.90231],[-67.56199,9.90178],[-67.56171,9.90159],[-67.56137,9.90133],[-67.56096,9.9011],[-67.56052,9.9008],[-67.56018,9.90049],[-67.55995,9.90023],[-67.55975,9.89989],[-67.55955,9.89961],[-67.5593,9.89936],[-67.55889,9.89912],[-67.55849,9.89898],[-67.55801,9.89877],[-67.55715,9.89824],[-67.55684,9.89801],[-67.55656,9.89778],[-67.55632,9.8974],[-67.55614,9.89701],[-67.55585,9.89642],[-67.55576,9.89607],[-67.55542,9.89615],[-67.55502,9.89624],[-67.55451,9.89632],[-67.55397,9.89636],[-67.55316,9.8964],[-67.5526,9.89618],[-67.55207,9.89601],[-67.55162,9.89586],[-67.55129,9.89579],[-67.55106,9.89569],[-67.55089,9.89558],[-67.5507,9.89539],[-67.55047,9.89516],[-67.55022,9.89499],[-67.54987,9.89481],[-67.54944,9.89465],[-67.54855,9.89437],[-67.54874,9.894],[-67.5489,9.89372],[-67.54901,9.89355],[-67.54909,9.89333],[-67.54916,9.89305],[-67.54923,9.89278],[-67.54933,9.89245],[-67.54943,9.89228],[-67.54959,9.89201],[-67.54975,9.89156],[-67.54989,9.8911],[-67.55003,9.89066],[-67.55023,9.89012],[-67.55038,9.8897],[-67.55012,9.88928],[-67.54987,9.88894],[-67.54966,9.8887],[-67.54937,9.88842],[-67.54905,9.8881],[-67.54855,9.88768],[-67.54819,9.88739],[-67.54769,9.88699],[-67.54719,9.88648],[-67.54678,9.88609],[-67.54649,9.88579],[-67.54604,9.88521],[-67.54565,9.88524],[-67.54515,9.88526],[-67.54403,9.8851],[-67.54361,9.88502],[-67.54341,9.88495],[-67.54327,9.88485],[-67.54312,9.8847],[-67.543,9.88456],[-67.54285,9.88434],[-67.5427,9.88415],[-67.5425,9.88391],[-67.54177,9.88323],[-67.54072,9.88313],[-67.54014,9.88307],[-67.53926,9.88312],[-67.53879,9.88319],[-67.53847,9.88327],[-67.5381,9.88339],[-67.53735,9.88366],[-67.5368,9.88376],[-67.53635,9.88374],[-67.53581,9.8836],[-67.53505,9.88321],[-67.53469,9.88309],[-67.53419,9.883],[-67.53368,9.883],[-67.53296,9.88318],[-67.53243,9.88333],[-67.53167,9.88358],[-67.53116,9.8837],[-67.53074,9.88376],[-67.5303,9.88376],[-67.52985,9.88377],[-67.52936,9.88385],[-67.52899,9.88393],[-67.52866,9.88399],[-67.52836,9.88404],[-67.52782,9.88409],[-67.52698,9.88408],[-67.52533,9.88402],[-67.5245,9.88402],[-67.52404,9.884],[-67.52361,9.88393],[-67.52324,9.88371],[-67.52297,9.88351],[-67.52267,9.88328],[-67.52241,9.8829],[-67.52214,9.88261],[-67.52163,9.88207],[-67.52132,9.88182],[-67.52075,9.88135],[-67.52057,9.88114],[-67.52043,9.88094],[-67.52037,9.88072],[-67.52035,9.88054],[-67.52038,9.88033],[-67.52038,9.88012],[-67.52029,9.87989],[-67.52017,9.8797],[-67.52012,9.87961],[-67.51976,9.87927],[-67.51948,9.87907],[-67.51913,9.87885],[-67.51888,9.8787],[-67.51866,9.87858],[-67.51842,9.87843],[-67.51835,9.87838],[-67.51819,9.87824],[-67.51796,9.878],[-67.51791,9.87794],[-67.51746,9.87739],[-67.51726,9.87786],[-67.52061,9.89339],[-67.52205,9.90021],[-67.53075,9.94095],[-67.53335,9.95313],[-67.53373,9.95491],[-67.5427,9.99178],[-67.54491,9.99778],[-67.54519,9.99801],[-67.54547,9.99805],[-67.54588,9.99816],[-67.54648,9.9982],[-67.54696,9.99803],[-67.54696,9.99795],[-67.54697,9.99786],[-67.54699,9.99779],[-67.54702,9.99773],[-67.54708,9.99765],[-67.54716,9.99759],[-67.54729,9.99753],[-67.54738,9.99749],[-67.54765,9.9974],[-67.54771,9.99724],[-67.54781,9.99704],[-67.54785,9.99695],[-67.5479,9.99687],[-67.548,9.99679],[-67.54808,9.99674],[-67.54816,9.99669],[-67.54837,9.99659],[-67.54874,9.99644],[-67.54896,9.9964],[-67.5492,9.99634],[-67.54931,9.99632],[-67.54945,9.99626],[-67.54959,9.99619],[-67.54975,9.99609],[-67.55021,9.99581],[-67.5507,9.99555],[-67.55091,9.99571],[-67.55116,9.99591],[-67.5514,9.99609],[-67.55159,9.99622],[-67.55173,9.99629],[-67.55187,9.99633],[-67.55204,9.99633],[-67.5522,9.99627],[-67.55246,9.99618],[-67.55251,9.99618],[-67.55258,9.99618],[-67.55267,9.99619],[-67.55279,9.99625],[-67.55287,9.9963],[-67.55297,9.99638],[-67.55306,9.99644],[-67.55315,9.99654],[-67.55327,9.9967],[-67.55339,9.99682],[-67.55347,9.99687],[-67.5536,9.99694],[-67.55394,9.99711],[-67.55429,9.99734],[-67.55454,9.99755],[-67.55465,9.9976],[-67.55481,9.99763],[-67.55498,9.99764],[-67.55514,9.99763],[-67.55532,9.99758],[-67.55559,9.99748],[-67.55569,9.99742],[-67.55578,9.99734],[-67.5559,9.99721],[-67.55599,9.9971],[-67.55608,9.99696],[-67.55619,9.99676],[-67.55635,9.99646],[-67.5565,9.99622],[-67.55659,9.99613],[-67.55675,9.99598],[-67.55701,9.99608],[-67.5571,9.99613],[-67.55717,9.99617],[-67.55727,9.99623],[-67.55742,9.99634],[-67.55751,9.9964],[-67.5576,9.99645],[-67.55769,9.99648],[-67.55779,9.9965],[-67.55801,9.99653],[-67.55804,9.99643],[-67.5581,9.99627],[-67.55814,9.99617],[-67.55817,9.9961],[-67.55819,9.99605],[-67.55822,9.99602],[-67.55826,9.99598],[-67.55831,9.99593],[-67.55837,9.99583],[-67.55844,9.99573],[-67.5585,9.99564],[-67.55854,9.99559],[-67.55859,9.99555],[-67.55867,9.99551],[-67.55881,9.99548],[-67.55887,9.99545],[-67.55893,9.99542],[-67.55903,9.99532],[-67.55915,9.99519],[-67.55935,9.99505],[-67.55949,9.99515],[-67.55964,9.99525],[-67.55976,9.99534],[-67.55992,9.99541],[-67.56007,9.99545],[-67.56014,9.99546],[-67.5603,9.99549],[-67.56051,9.9955],[-67.56079,9.99552],[-67.56085,9.99541],[-67.5609,9.99532],[-67.56094,9.99526],[-67.56095,9.99523],[-67.56099,9.99518],[-67.56108,9.99512],[-67.56116,9.99509],[-67.5612,9.99508],[-67.56127,9.99506],[-67.56134,9.99505],[-67.56148,9.99507],[-67.56158,9.99509],[-67.56164,9.9951],[-67.5617,9.99511],[-67.56175,9.99511],[-67.5618,9.99509],[-67.56187,9.99506],[-67.56201,9.99498],[-67.56206,9.99494],[-67.56215,9.99484],[-67.56237,9.99455],[-67.56272,9.99458],[-67.56281,9.99459],[-67.56289,9.99459],[-67.56299,9.99459],[-67.56311,9.99456],[-67.56322,9.99449],[-67.56328,9.99445],[-67.56336,9.99437],[-67.56345,9.99429],[-67.56353,9.99422],[-67.56365,9.99414],[-67.56392,9.99403],[-67.56429,9.99395],[-67.56459,9.99411],[-67.56473,9.99418],[-67.56491,9.99424],[-67.56508,9.99428],[-67.5655,9.99438],[-67.56559,9.9944],[-67.56567,9.99443],[-67.56575,9.99444],[-67.56588,9.99445],[-67.566,9.99444],[-67.56609,9.99433],[-67.5662,9.99423],[-67.5663,9.99415],[-67.56641,9.99408],[-67.56655,9.99401],[-67.56678,9.99393],[-67.56692,9.99389],[-67.56709,9.99386],[-67.56715,9.99393],[-67.56722,9.99397],[-67.5673,9.994],[-67.56738,9.99401]]]}},{"type":"Feature","properties":{"name":"Naguanagua","admin_level":"6","osm_id":10833250},"geometry":{"type":"Polygon","coordinates":[[[-67.98336,10.23372],[-67.98385,10.23364],[-67.98423,10.23353],[-67.98443,10.23347],[-67.98459,10.23343],[-67.98472,10.23341],[-67.98489,10.23342],[-67.98509,10.23348],[-67.98534,10.23361],[-67.98597,10.23387],[-67.98614,10.23394],[-67.98639,10.23401],[-67.98671,10.23408],[-67.98709,10.23417],[-67.98761,10.23436],[-67.98817,10.23448],[-67.98867,10.23448],[-67.99068,10.2345],[-67.99068,10.23373],[-67.99116,10.23374],[-67.99118,10.23304],[-67.99318,10.23309],[-67.99558,10.23318],[-67.99652,10.23322],[-67.99679,10.23329],[-67.99871,10.23346],[-67.99931,10.23352],[-67.99949,10.23354],[-67.99956,10.23356],[-67.9997,10.23362],[-67.99997,10.23375],[-68.00016,10.23382],[-68.00028,10.23385],[-68.0005,10.23388],[-68.00144,10.23398],[-68.00156,10.23354],[-68.00182,10.23267],[-68.00197,10.23223],[-68.00207,10.23187],[-68.00237,10.23088],[-68.00265,10.22991],[-68.00292,10.22901],[-68.00315,10.22826],[-68.00328,10.22783],[-68.00352,10.22705],[-68.00373,10.22629],[-68.00393,10.2256],[-68.004,10.22532],[-68.00404,10.22499],[-68.00406,10.22461],[-68.00469,10.22584],[-68.00499,10.22628],[-68.00513,10.22647],[-68.00528,10.22666],[-68.0054,10.2268],[-68.00552,10.22693],[-68.00564,10.22705],[-68.00578,10.22717],[-68.00597,10.22734],[-68.00629,10.22757],[-68.00654,10.22773],[-68.00696,10.22796],[-68.00744,10.22819],[-68.00817,10.22852],[-68.00893,10.22889],[-68.00962,10.22922],[-68.01052,10.22961],[-68.01098,10.22987],[-68.01176,10.2304],[-68.01468,10.23044],[-68.01757,10.23046],[-68.01935,10.23046],[-68.02213,10.2304],[-68.0227,10.22994],[-68.02285,10.22983],[-68.02321,10.22974],[-68.02337,10.23025],[-68.02387,10.23002],[-68.02473,10.22957],[-68.02543,10.22932],[-68.02642,10.22936],[-68.02685,10.22983],[-68.02708,10.2304],[-68.03331,10.23049],[-68.0411,10.23062],[-68.0448,10.23067],[-68.12218,10.23188],[-68.12116,10.233],[-68.12036,10.23383],[-68.12045,10.23452],[-68.1205,10.23481],[-68.12051,10.23508],[-68.12045,10.23545],[-68.12036,10.23578],[-68.1203,10.23614],[-68.1203,10.23654],[-68.12021,10.23726],[-68.1202,10.23776],[-68.12017,10.23827],[-68.12005,10.23869],[-68.1198,10.2391],[-68.11953,10.23946],[-68.11917,10.23985],[-68.11767,10.24113],[-68.11824,10.24156],[-68.11858,10.24175],[-68.11893,10.24198],[-68.11943,10.24226],[-68.11969,10.24253],[-68.12067,10.2438],[-68.12069,10.24479],[-68.12071,10.24531],[-68.12062,10.24573],[-68.12054,10.24608],[-68.12044,10.24649],[-68.12028,10.24718],[-68.12123,10.24771],[-68.12182,10.24803],[-68.12252,10.2484],[-68.12316,10.24877],[-68.12392,10.24924],[-68.12439,10.24963],[-68.12464,10.24991],[-68.12496,10.25011],[-68.12538,10.25029],[-68.12583,10.25048],[-68.12673,10.25088],[-68.12722,10.25156],[-68.12762,10.25192],[-68.12809,10.25228],[-68.129,10.25284],[-68.12962,10.25322],[-68.1295,10.2544],[-68.13073,10.25457],[-68.13149,10.25467],[-68.13207,10.2558],[-68.13247,10.25653],[-68.13335,10.25639],[-68.13402,10.25633],[-68.1347,10.25635],[-68.13543,10.25649],[-68.13603,10.25657],[-68.13637,10.25672],[-68.13666,10.25689],[-68.13707,10.25714],[-68.13746,10.25737],[-68.13784,10.25757],[-68.13832,10.25775],[-68.13886,10.25789],[-68.13943,10.25798],[-68.14022,10.25793],[-68.14124,10.25783],[-68.14293,10.25769],[-68.14227,10.25886],[-68.1421,10.25919],[-68.14171,10.25993],[-68.14196,10.26021],[-68.14223,10.2604],[-68.14268,10.2607],[-68.14296,10.26102],[-68.14316,10.26131],[-68.14325,10.2617],[-68.14328,10.26211],[-68.14335,10.26271],[-68.14347,10.26314],[-68.14356,10.26355],[-68.14368,10.26438],[-68.14407,10.26481],[-68.14463,10.26525],[-68.14499,10.26564],[-68.14522,10.26595],[-68.14538,10.26622],[-68.14566,10.26678],[-68.14591,10.26712],[-68.14611,10.26747],[-68.14619,10.26782],[-68.1462,10.26822],[-68.14611,10.26868],[-68.14599,10.26928],[-68.14655,10.27006],[-68.14683,10.27053],[-68.147,10.27087],[-68.14712,10.27128],[-68.14724,10.27177],[-68.14736,10.27242],[-68.14735,10.27284],[-68.14725,10.27325],[-68.14709,10.27374],[-68.1468,10.27444],[-68.14653,10.27489],[-68.14632,10.27525],[-68.14602,10.27574],[-68.1464,10.27639],[-68.14683,10.27685],[-68.14732,10.27737],[-68.14756,10.27816],[-68.14782,10.27928],[-68.14789,10.27978],[-68.14793,10.28012],[-68.148,10.28044],[-68.14805,10.28077],[-68.14817,10.28125],[-68.14829,10.28214],[-68.14828,10.28269],[-68.14809,10.28361],[-68.14839,10.28458],[-68.14856,10.28516],[-68.1486,10.28557],[-68.14861,10.28588],[-68.14861,10.28738],[-68.149,10.28951],[-68.14896,10.29106],[-68.14896,10.29221],[-68.14893,10.29286],[-68.14891,10.29322],[-68.14883,10.29362],[-68.14876,10.29404],[-68.14863,10.29457],[-68.14855,10.29502],[-68.14844,10.29542],[-68.14839,10.29585],[-68.14838,10.29617],[-68.14843,10.29681],[-68.14857,10.29746],[-68.14903,10.2994],[-68.14943,10.30045],[-68.14999,10.30163],[-68.15088,10.30184],[-68.15124,10.30204],[-68.15154,10.30229],[-68.15173,10.30264],[-68.15181,10.30304],[-68.15181,10.30342],[-68.15179,10.30385],[-68.15182,10.30425],[-68.15184,10.30466],[-68.15177,10.30532],[-68.15147,10.30584],[-68.1512,10.30628],[-68.15085,10.3069],[-68.15153,10.30791],[-68.15182,10.30845],[-68.15202,10.30884],[-68.15225,10.30923],[-68.15241,10.30977],[-68.15252,10.31026],[-68.15255,10.3106],[-68.15351,10.31134],[-68.1539,10.3116],[-68.1541,10.31188],[-68.15428,10.31219],[-68.15445,10.3126],[-68.15453,10.31299],[-68.15454,10.31345],[-68.15463,10.31376],[-68.15474,10.31415],[-68.15524,10.31492],[-68.15571,10.31565],[-68.15624,10.3163],[-68.15674,10.31672],[-68.15719,10.31701],[-68.15768,10.31728],[-68.15815,10.31756],[-68.15834,10.31855],[-68.15843,10.31918],[-68.15864,10.32029],[-68.15781,10.32029],[-68.15737,10.32024],[-68.15687,10.32012],[-68.1565,10.32004],[-68.15604,10.31999],[-68.15563,10.32001],[-68.1551,10.32002],[-68.15446,10.32001],[-68.15429,10.31999],[-68.15388,10.31992],[-68.15299,10.31966],[-68.15287,10.31983],[-68.15277,10.31988],[-68.15267,10.31994],[-68.15259,10.32001],[-68.15247,10.32005],[-68.15238,10.32007],[-68.15215,10.32001],[-68.15205,10.31996],[-68.15194,10.31991],[-68.15185,10.31985],[-68.15167,10.31973],[-68.15158,10.31968],[-68.15148,10.31962],[-68.15136,10.31958],[-68.15124,10.31956],[-68.15092,10.31955],[-68.15082,10.31953],[-68.15071,10.31949],[-68.15048,10.31944],[-68.15037,10.31944],[-68.15026,10.31945],[-68.15016,10.31947],[-68.15005,10.31951],[-68.14996,10.31957],[-68.14988,10.31965],[-68.14978,10.31971],[-68.14968,10.31976],[-68.14958,10.3198],[-68.14947,10.31986],[-68.14936,10.31989],[-68.14925,10.31988],[-68.1489,10.31991],[-68.14876,10.31991],[-68.14865,10.31994],[-68.14842,10.31998],[-68.14833,10.32004],[-68.14823,10.32009],[-68.14804,10.32021],[-68.14793,10.32023],[-68.14782,10.32023],[-68.14773,10.32019],[-68.1475,10.32013],[-68.1474,10.32011],[-68.14728,10.32009],[-68.14716,10.3201],[-68.14705,10.32013],[-68.14694,10.32017],[-68.1468,10.32022],[-68.1467,10.32026],[-68.1466,10.32027],[-68.14654,10.32027],[-68.14648,10.32027],[-68.14643,10.32027],[-68.14637,10.32025],[-68.14631,10.32025],[-68.14626,10.32025],[-68.14622,10.32028],[-68.1462,10.32034],[-68.14622,10.32039],[-68.14627,10.32042],[-68.14633,10.32044],[-68.14637,10.32048],[-68.14637,10.32054],[-68.14634,10.32059],[-68.1463,10.32063],[-68.14626,10.32068],[-68.14624,10.32074],[-68.14622,10.32079],[-68.14614,10.32087],[-68.14609,10.3209],[-68.14598,10.32093],[-68.14593,10.32093],[-68.14582,10.32099],[-68.14575,10.32109],[-68.14576,10.32121],[-68.1458,10.32131],[-68.14581,10.32143],[-68.14578,10.32153],[-68.14572,10.32162],[-68.14562,10.32165],[-68.14552,10.32166],[-68.14541,10.32165],[-68.1453,10.32163],[-68.14518,10.32162],[-68.14508,10.32162],[-68.14497,10.32163],[-68.14466,10.32179],[-68.14456,10.32183],[-68.14445,10.32189],[-68.14427,10.322],[-68.1442,10.32209],[-68.14416,10.32219],[-68.14416,10.32231],[-68.14415,10.32243],[-68.14411,10.32253],[-68.14403,10.32261],[-68.14393,10.32265],[-68.14382,10.32265],[-68.14371,10.32267],[-68.14361,10.32271],[-68.14352,10.32278],[-68.14345,10.32287],[-68.14341,10.32297],[-68.14339,10.32308],[-68.14338,10.32318],[-68.14337,10.32328],[-68.14333,10.32333],[-68.14328,10.32335],[-68.14322,10.32336],[-68.14316,10.32337],[-68.14311,10.32339],[-68.14306,10.32342],[-68.14303,10.32347],[-68.14302,10.32353],[-68.14301,10.32358],[-68.14305,10.32369],[-68.14306,10.32374],[-68.14305,10.32379],[-68.14304,10.32385],[-68.14304,10.3239],[-68.14305,10.32396],[-68.14308,10.32401],[-68.14316,10.32406],[-68.14322,10.32408],[-68.14327,10.32412],[-68.1433,10.32417],[-68.14332,10.32422],[-68.14333,10.32428],[-68.1433,10.32434],[-68.14325,10.32435],[-68.14319,10.32436],[-68.14313,10.32437],[-68.14308,10.32436],[-68.14304,10.32434],[-68.14299,10.32431],[-68.14293,10.32429],[-68.14288,10.32428],[-68.14282,10.32428],[-68.14271,10.32431],[-68.14254,10.32438],[-68.14245,10.32442],[-68.1424,10.32443],[-68.14234,10.32444],[-68.14228,10.32443],[-68.14223,10.32442],[-68.14218,10.3244],[-68.14213,10.32437],[-68.14207,10.32435],[-68.14202,10.32434],[-68.14196,10.32434],[-68.14191,10.32435],[-68.14186,10.32437],[-68.14181,10.32441],[-68.14177,10.32445],[-68.14173,10.32449],[-68.1417,10.32454],[-68.14166,10.32459],[-68.14156,10.32466],[-68.14142,10.32474],[-68.14136,10.32477],[-68.14131,10.32478],[-68.14106,10.32481],[-68.14083,10.32481],[-68.14072,10.32481],[-68.14061,10.32478],[-68.1403,10.32468],[-68.14007,10.32466],[-68.13995,10.32467],[-68.13984,10.32471],[-68.13973,10.32474],[-68.13963,10.32478],[-68.13954,10.32484],[-68.13943,10.32487],[-68.13931,10.32489],[-68.1392,10.3249],[-68.13908,10.3249],[-68.13897,10.32489],[-68.1389,10.32486],[-68.13877,10.32484],[-68.13854,10.32477],[-68.13835,10.32468],[-68.13824,10.32466],[-68.13812,10.32466],[-68.13803,10.3247],[-68.13795,10.32479],[-68.13787,10.32486],[-68.13779,10.32492],[-68.13757,10.32499],[-68.13746,10.325],[-68.13726,10.32495],[-68.13715,10.32496],[-68.13704,10.32498],[-68.13693,10.32503],[-68.13678,10.32512],[-68.13669,10.32517],[-68.1366,10.32524],[-68.13653,10.32533],[-68.13652,10.32543],[-68.13653,10.32554],[-68.13648,10.32564],[-68.13641,10.32572],[-68.13632,10.32579],[-68.1362,10.32582],[-68.1361,10.32583],[-68.13599,10.32586],[-68.13582,10.32598],[-68.13573,10.32606],[-68.13565,10.32614],[-68.1356,10.32626],[-68.13557,10.32637],[-68.1355,10.32645],[-68.13539,10.3265],[-68.13518,10.32659],[-68.13507,10.32662],[-68.13496,10.32663],[-68.13469,10.32662],[-68.13457,10.32659],[-68.13446,10.32655],[-68.13436,10.3265],[-68.13424,10.32649],[-68.13411,10.3265],[-68.134,10.32652],[-68.1339,10.32655],[-68.13378,10.32655],[-68.13367,10.32649],[-68.13359,10.32643],[-68.13352,10.32633],[-68.13343,10.32625],[-68.13332,10.3262],[-68.13311,10.32613],[-68.13299,10.32614],[-68.13288,10.32616],[-68.13278,10.3262],[-68.13267,10.3262],[-68.13256,10.32617],[-68.13246,10.3261],[-68.13239,10.32602],[-68.13232,10.32591],[-68.13224,10.32582],[-68.13217,10.32566],[-68.13211,10.32557],[-68.13204,10.32546],[-68.13197,10.32539],[-68.13186,10.32536],[-68.13176,10.32532],[-68.1317,10.32523],[-68.13167,10.32512],[-68.13161,10.32503],[-68.13154,10.32494],[-68.13146,10.32487],[-68.13136,10.32483],[-68.13119,10.32481],[-68.13108,10.32482],[-68.13096,10.32478],[-68.13087,10.32473],[-68.13078,10.32467],[-68.1306,10.32453],[-68.13051,10.32448],[-68.1304,10.32445],[-68.13029,10.32442],[-68.13017,10.32441],[-68.13006,10.32441],[-68.12984,10.32446],[-68.12973,10.32446],[-68.12961,10.32448],[-68.12949,10.3245],[-68.12937,10.3245],[-68.12926,10.32449],[-68.12915,10.32446],[-68.12907,10.3244],[-68.12884,10.32428],[-68.12856,10.32398],[-68.12844,10.32381],[-68.12838,10.32371],[-68.12832,10.32362],[-68.12828,10.32353],[-68.12819,10.32346],[-68.1281,10.32342],[-68.12798,10.32341],[-68.12787,10.32341],[-68.12775,10.32338],[-68.12766,10.32333],[-68.12759,10.32324],[-68.12753,10.32315],[-68.12746,10.32307],[-68.12715,10.32298],[-68.12705,10.32306],[-68.12696,10.32313],[-68.12686,10.32319],[-68.12667,10.3233],[-68.12655,10.32334],[-68.12633,10.32334],[-68.12623,10.32331],[-68.12603,10.32318],[-68.12594,10.32314],[-68.12585,10.32307],[-68.12576,10.323],[-68.12565,10.32296],[-68.12554,10.32295],[-68.12543,10.32298],[-68.12534,10.32307],[-68.12526,10.32313],[-68.1252,10.32323],[-68.12512,10.32331],[-68.12504,10.32338],[-68.12494,10.32343],[-68.12482,10.32346],[-68.12465,10.32348],[-68.12444,10.32343],[-68.12421,10.32335],[-68.12411,10.32334],[-68.124,10.32338],[-68.12391,10.32344],[-68.12381,10.32352],[-68.12372,10.32359],[-68.12364,10.32364],[-68.12353,10.32369],[-68.12331,10.32378],[-68.12316,10.32381],[-68.12304,10.32381],[-68.12276,10.32375],[-68.12265,10.32376],[-68.12254,10.32381],[-68.12245,10.32388],[-68.1224,10.32397],[-68.12232,10.32407],[-68.12223,10.32416],[-68.12213,10.32422],[-68.12194,10.32435],[-68.12183,10.32439],[-68.12173,10.32442],[-68.12161,10.32443],[-68.12151,10.32442],[-68.12139,10.32442],[-68.12129,10.32446],[-68.12119,10.32453],[-68.12113,10.32462],[-68.12112,10.32474],[-68.12113,10.32485],[-68.12111,10.32497],[-68.12107,10.32508],[-68.12101,10.32517],[-68.12088,10.32529],[-68.12078,10.32535],[-68.12069,10.32542],[-68.12059,10.32547],[-68.12042,10.3256],[-68.12028,10.32577],[-68.12016,10.32595],[-68.12009,10.32603],[-68.11999,10.32608],[-68.11989,10.3261],[-68.11961,10.32612],[-68.11936,10.32613],[-68.11924,10.32616],[-68.11914,10.32621],[-68.11905,10.32629],[-68.11897,10.32637],[-68.11891,10.32646],[-68.11883,10.32656],[-68.11874,10.3266],[-68.11863,10.32664],[-68.11853,10.32669],[-68.11844,10.32677],[-68.11838,10.32686],[-68.11829,10.32693],[-68.11817,10.32697],[-68.11796,10.32703],[-68.11785,10.32703],[-68.11774,10.32702],[-68.11764,10.32699],[-68.11752,10.32699],[-68.11733,10.32712],[-68.11705,10.32733],[-68.11696,10.32739],[-68.11686,10.32742],[-68.11675,10.32742],[-68.11665,10.32739],[-68.11654,10.32737],[-68.11644,10.3274],[-68.11634,10.32745],[-68.11619,10.32761],[-68.11611,10.32768],[-68.11601,10.32773],[-68.11592,10.3278],[-68.11584,10.32789],[-68.11555,10.32826],[-68.11549,10.3284],[-68.11544,10.3285],[-68.11523,10.32887],[-68.11519,10.32898],[-68.11514,10.3292],[-68.1151,10.3293],[-68.11505,10.32939],[-68.11496,10.32947],[-68.11486,10.32954],[-68.11476,10.3296],[-68.11451,10.32972],[-68.11441,10.32978],[-68.11422,10.32987],[-68.11402,10.32999],[-68.11386,10.33013],[-68.11379,10.33021],[-68.11374,10.33031],[-68.11371,10.33042],[-68.11367,10.33053],[-68.11359,10.33063],[-68.11346,10.33074],[-68.11327,10.33087],[-68.11317,10.33092],[-68.11295,10.33093],[-68.11285,10.33096],[-68.11273,10.331],[-68.11263,10.33105],[-68.11246,10.33119],[-68.11236,10.33125],[-68.11228,10.33132],[-68.11219,10.33139],[-68.11206,10.33155],[-68.112,10.33164],[-68.11195,10.33174],[-68.11192,10.33185],[-68.11191,10.33196],[-68.11192,10.33207],[-68.11193,10.33218],[-68.11189,10.33251],[-68.11183,10.33274],[-68.11178,10.33283],[-68.11169,10.33291],[-68.11159,10.33296],[-68.11126,10.33304],[-68.11116,10.33308],[-68.11107,10.33314],[-68.11097,10.33321],[-68.11088,10.33328],[-68.1108,10.33336],[-68.11072,10.3335],[-68.11066,10.3336],[-68.11062,10.3337],[-68.11056,10.33392],[-68.11051,10.33402],[-68.11043,10.33409],[-68.11023,10.33422],[-68.11013,10.33427],[-68.11003,10.33428],[-68.10968,10.33428],[-68.10957,10.33429],[-68.10946,10.33429],[-68.10933,10.33432],[-68.1091,10.33441],[-68.10901,10.33447],[-68.10892,10.33455],[-68.10884,10.33466],[-68.10879,10.33475],[-68.10875,10.33486],[-68.10872,10.33497],[-68.10866,10.3353],[-68.10864,10.33541],[-68.10864,10.33565],[-68.10859,10.33589],[-68.10856,10.336],[-68.10846,10.33629],[-68.10833,10.33654],[-68.10828,10.33675],[-68.10821,10.33698],[-68.10817,10.33708],[-68.1081,10.33719],[-68.10802,10.33727],[-68.10795,10.33741],[-68.10791,10.33753],[-68.10791,10.33764],[-68.10794,10.33776],[-68.10804,10.33782],[-68.10813,10.33789],[-68.10817,10.33798],[-68.10816,10.33809],[-68.10811,10.33819],[-68.10802,10.33827],[-68.10792,10.33831],[-68.10782,10.33835],[-68.1077,10.33837],[-68.1076,10.33834],[-68.10749,10.33828],[-68.10728,10.33819],[-68.10716,10.33817],[-68.10704,10.3382],[-68.10695,10.33826],[-68.10682,10.33838],[-68.10676,10.33841],[-68.1067,10.33845],[-68.10665,10.33849],[-68.10661,10.33854],[-68.10659,10.3386],[-68.10659,10.33878],[-68.10658,10.33884],[-68.10655,10.33889],[-68.10647,10.33901],[-68.10635,10.33914],[-68.10632,10.3392],[-68.10631,10.33931],[-68.10629,10.33936],[-68.10625,10.33941],[-68.1061,10.33951],[-68.10607,10.33955],[-68.106,10.33966],[-68.10598,10.33971],[-68.10588,10.33981],[-68.10584,10.33985],[-68.10578,10.33988],[-68.10573,10.3399],[-68.10556,10.33995],[-68.1055,10.33998],[-68.10526,10.34012],[-68.10515,10.34023],[-68.10504,10.34031],[-68.105,10.34036],[-68.10497,10.34042],[-68.10497,10.34054],[-68.10499,10.3406],[-68.10502,10.34065],[-68.10506,10.3407],[-68.10514,10.34078],[-68.10521,10.34088],[-68.10528,10.34103],[-68.10537,10.34117],[-68.10537,10.34123],[-68.10536,10.34133],[-68.10534,10.34139],[-68.10532,10.34144],[-68.10522,10.34159],[-68.10507,10.34174],[-68.10504,10.34179],[-68.10502,10.3419],[-68.10503,10.34195],[-68.10506,10.34206],[-68.10506,10.34217],[-68.10502,10.34228],[-68.10497,10.34248],[-68.10492,10.34257],[-68.1048,10.34276],[-68.10477,10.34279],[-68.10466,10.3429],[-68.10458,10.34298],[-68.10445,10.34316],[-68.10436,10.34327],[-68.10425,10.34333],[-68.10415,10.34338],[-68.10404,10.34341],[-68.1039,10.34343],[-68.10378,10.34343],[-68.1036,10.34343],[-68.10341,10.34339],[-68.10224,10.3425],[-68.10165,10.34209],[-68.10147,10.34192],[-68.10123,10.34165],[-68.10101,10.34132],[-68.10084,10.34103],[-68.10055,10.3404],[-68.09926,10.34065],[-68.09872,10.34074],[-68.09801,10.34079],[-68.09725,10.34084],[-68.0964,10.34093],[-68.09563,10.34107],[-68.09513,10.34118],[-68.09485,10.34122],[-68.09439,10.34123],[-68.09407,10.34121],[-68.09367,10.34115],[-68.09335,10.34107],[-68.09303,10.34096],[-68.09276,10.34088],[-68.09245,10.34083],[-68.09216,10.34079],[-68.09186,10.34078],[-68.09163,10.34078],[-68.09134,10.34077],[-68.09118,10.34077],[-68.09092,10.34075],[-68.09076,10.34069],[-68.09057,10.34063],[-68.09036,10.34049],[-68.09015,10.34026],[-68.09002,10.34007],[-68.08991,10.33989],[-68.08974,10.33968],[-68.08953,10.3395],[-68.08936,10.3394],[-68.08912,10.33921],[-68.08893,10.33901],[-68.08875,10.33876],[-68.08857,10.33857],[-68.08827,10.33834],[-68.088,10.33822],[-68.08769,10.33818],[-68.08723,10.33814],[-68.08667,10.33764],[-68.08627,10.33711],[-68.08603,10.33681],[-68.08569,10.33652],[-68.08542,10.3364],[-68.0851,10.33638],[-68.08473,10.33637],[-68.08435,10.33637],[-68.08397,10.33635],[-68.08344,10.33619],[-68.08308,10.33605],[-68.08219,10.33583],[-68.08063,10.33553],[-68.0803,10.33521],[-68.08015,10.33496],[-68.08012,10.33477],[-68.08012,10.33457],[-68.0802,10.33419],[-68.08083,10.333],[-68.08097,10.33256],[-68.08101,10.33226],[-68.0811,10.3318],[-68.08023,10.33041],[-68.07981,10.32975],[-68.07808,10.32857],[-68.07718,10.32797],[-68.07671,10.32758],[-68.07622,10.32716],[-68.07577,10.32678],[-68.07529,10.32616],[-68.07501,10.32572],[-68.07467,10.32522],[-68.07444,10.32496],[-68.07418,10.32465],[-68.07378,10.32432],[-68.07349,10.32418],[-68.07288,10.32382],[-68.0725,10.32349],[-68.07209,10.32314],[-68.07178,10.32277],[-68.07143,10.3224],[-68.07078,10.32247],[-68.07042,10.32259],[-68.07014,10.32279],[-68.06989,10.32304],[-68.06965,10.32337],[-68.06939,10.32382],[-68.06913,10.32423],[-68.06891,10.32456],[-68.06856,10.32481],[-68.06819,10.325],[-68.06773,10.32512],[-68.06737,10.32514],[-68.0671,10.32505],[-68.06678,10.32488],[-68.06639,10.32464],[-68.06605,10.32454],[-68.06552,10.32443],[-68.06487,10.32427],[-68.06435,10.32427],[-68.06371,10.32427],[-68.06222,10.32442],[-68.0615,10.32506],[-68.06095,10.32546],[-68.06065,10.32565],[-68.06026,10.32579],[-68.05969,10.32595],[-68.05919,10.32604],[-68.05873,10.32604],[-68.05799,10.32591],[-68.05737,10.32585],[-68.05668,10.3259],[-68.05615,10.3259],[-68.05559,10.32584],[-68.05509,10.32571],[-68.05453,10.32547],[-68.0531,10.32489],[-68.05287,10.3256],[-68.05266,10.32625],[-68.05242,10.32713],[-68.05212,10.32798],[-68.05182,10.32868],[-68.05155,10.32932],[-68.05129,10.33008],[-68.05104,10.33084],[-68.05094,10.33133],[-68.05082,10.33184],[-68.05068,10.3323],[-68.05048,10.33267],[-68.0501,10.33323],[-68.04909,10.33456],[-68.04882,10.33513],[-68.04809,10.33508],[-68.04757,10.33494],[-68.04705,10.33468],[-68.04681,10.3345],[-68.04655,10.33431],[-68.04621,10.33408],[-68.04588,10.33384],[-68.04555,10.33357],[-68.04523,10.33319],[-68.045,10.33294],[-68.04462,10.33261],[-68.04403,10.33224],[-68.04355,10.33201],[-68.04316,10.33191],[-68.04274,10.33185],[-68.04221,10.33185],[-68.04145,10.33191],[-68.04036,10.332],[-68.03977,10.33134],[-68.03951,10.33107],[-68.03922,10.33077],[-68.03897,10.3305],[-68.03816,10.32974],[-68.03779,10.32927],[-68.03667,10.32799],[-68.03506,10.32832],[-68.03448,10.32869],[-68.03394,10.32909],[-68.03299,10.32914],[-68.03216,10.32905],[-68.03164,10.3289],[-68.03087,10.32873],[-68.03025,10.3287],[-68.02963,10.32884],[-68.02909,10.329],[-68.02871,10.32922],[-68.02802,10.32978],[-68.02755,10.33012],[-68.02722,10.33032],[-68.02678,10.33051],[-68.02568,10.33079],[-68.02519,10.33097],[-68.02488,10.33111],[-68.02462,10.33128],[-68.02395,10.33175],[-68.02292,10.33157],[-68.02216,10.33139],[-68.02127,10.33179],[-68.02084,10.33194],[-68.02046,10.33203],[-68.02008,10.33202],[-68.01979,10.33197],[-68.01945,10.33194],[-68.01913,10.33196],[-68.01884,10.33206],[-68.01867,10.33218],[-68.01841,10.33249],[-68.01812,10.33283],[-68.01782,10.33308],[-68.01735,10.33348],[-68.01665,10.334],[-68.01553,10.33383],[-68.01513,10.33372],[-68.01489,10.33356],[-68.0143,10.3332],[-68.0132,10.33392],[-68.01277,10.33415],[-68.01234,10.33426],[-68.01194,10.33432],[-68.01158,10.33438],[-68.01127,10.3345],[-68.01098,10.33466],[-68.01038,10.33503],[-68.01015,10.33525],[-68.00999,10.33551],[-68.00988,10.33581],[-68.00973,10.3362],[-68.0095,10.33656],[-68.00919,10.33685],[-68.00884,10.33716],[-68.00862,10.33748],[-68.0085,10.33768],[-68.00828,10.33827],[-68.00814,10.33864],[-68.00799,10.33903],[-68.00785,10.33927],[-68.00769,10.33953],[-68.00739,10.33998],[-68.0071,10.34041],[-68.00651,10.34112],[-68.00601,10.34097],[-68.00559,10.34077],[-68.00514,10.34046],[-68.00445,10.33979],[-68.00383,10.33931],[-68.00348,10.33904],[-68.00237,10.33818],[-68.0024,10.33762],[-68.00236,10.33731],[-68.00225,10.33694],[-68.0021,10.33657],[-68.00141,10.33605],[-68.00119,10.33582],[-68.00105,10.3356],[-68.00071,10.33506],[-68.00034,10.33451],[-67.99989,10.33388],[-67.99974,10.33357],[-67.99951,10.33307],[-67.99889,10.33287],[-67.99852,10.33275],[-67.99816,10.33256],[-67.99788,10.33235],[-67.99775,10.33222],[-67.99728,10.33189],[-67.997,10.33169],[-67.99663,10.33142],[-67.99634,10.33126],[-67.996,10.33117],[-67.99581,10.33114],[-67.99497,10.33107],[-67.99357,10.33093],[-67.9929,10.3309],[-67.99254,10.33091],[-67.9921,10.33161],[-67.99152,10.33261],[-67.99132,10.333],[-67.99112,10.33327],[-67.99085,10.33351],[-67.99026,10.33394],[-67.98977,10.33425],[-67.98919,10.33456],[-67.9886,10.33491],[-67.98832,10.33509],[-67.98805,10.33529],[-67.98775,10.33563],[-67.98668,10.33586],[-67.9862,10.33602],[-67.98595,10.33615],[-67.98557,10.33621],[-67.98536,10.33619],[-67.98481,10.33612],[-67.98414,10.33598],[-67.98336,10.33675],[-67.98292,10.33674],[-67.98262,10.33673],[-67.98238,10.33667],[-67.98211,10.33657],[-67.98173,10.33638],[-67.98141,10.3362],[-67.98096,10.33608],[-67.98061,10.33601],[-67.98018,10.33597],[-67.9797,10.33596],[-67.97882,10.3366],[-67.97831,10.33703],[-67.97796,10.33729],[-67.97764,10.33753],[-67.97732,10.33776],[-67.97696,10.3379],[-67.97665,10.338],[-67.97615,10.33805],[-67.97475,10.33808],[-67.97332,10.33746],[-67.97263,10.3372],[-67.97215,10.33707],[-67.97166,10.33698],[-67.9713,10.33697],[-67.97088,10.33697],[-67.96971,10.33571],[-67.96946,10.33543],[-67.96905,10.3351],[-67.96825,10.33468],[-67.96861,10.33427],[-67.96891,10.33395],[-67.96904,10.33381],[-67.96918,10.33364],[-67.96931,10.33344],[-67.96949,10.33298],[-67.96974,10.33244],[-67.96993,10.33207],[-67.97011,10.3317],[-67.97028,10.33136],[-67.97044,10.33106],[-67.97067,10.33067],[-67.97089,10.33036],[-67.9713,10.3299],[-67.97154,10.32967],[-67.97164,10.32945],[-67.97174,10.32912],[-67.97178,10.32896],[-67.97189,10.32876],[-67.97202,10.32855],[-67.97225,10.32827],[-67.97252,10.32798],[-67.97278,10.32775],[-67.97324,10.32728],[-67.97374,10.32679],[-67.97393,10.3266],[-67.97403,10.32646],[-67.97405,10.32631],[-67.97406,10.3259],[-67.97403,10.32534],[-67.97403,10.32521],[-67.97406,10.32508],[-67.97412,10.32495],[-67.97419,10.32478],[-67.97413,10.32468],[-67.97411,10.32461],[-67.97408,10.32452],[-67.97408,10.32441],[-67.97407,10.32426],[-67.97406,10.32401],[-67.97405,10.32388],[-67.97408,10.32369],[-67.97412,10.32334],[-67.97416,10.32315],[-67.9742,10.32304],[-67.97427,10.32288],[-67.97434,10.32266],[-67.97438,10.32245],[-67.9744,10.32234],[-67.97439,10.32226],[-67.97438,10.32217],[-67.97439,10.32209],[-67.97441,10.32202],[-67.97446,10.32195],[-67.97452,10.32186],[-67.97454,10.3218],[-67.97454,10.32173],[-67.97455,10.32167],[-67.97456,10.3216],[-67.97461,10.32152],[-67.97467,10.32143],[-67.9748,10.3213],[-67.97486,10.32124],[-67.97491,10.32117],[-67.97497,10.32108],[-67.97502,10.32098],[-67.97505,10.32088],[-67.97509,10.32077],[-67.97515,10.32064],[-67.97524,10.32048],[-67.97526,10.32044],[-67.97529,10.32029],[-67.97529,10.32015],[-67.97529,10.32002],[-67.97529,10.3199],[-67.97528,10.31979],[-67.97526,10.31971],[-67.97527,10.31964],[-67.97529,10.31958],[-67.97533,10.31947],[-67.97536,10.31937],[-67.97543,10.3193],[-67.97565,10.31917],[-67.97568,10.31902],[-67.9757,10.31887],[-67.97575,10.31876],[-67.97579,10.31866],[-67.97581,10.31862],[-67.97589,10.31857],[-67.97596,10.31852],[-67.97602,10.31848],[-67.97605,10.31845],[-67.97606,10.31839],[-67.97604,10.3183],[-67.976,10.31823],[-67.97594,10.31815],[-67.97589,10.31806],[-67.97585,10.31784],[-67.97582,10.31762],[-67.97582,10.31748],[-67.97581,10.31737],[-67.9758,10.31727],[-67.97578,10.31717],[-67.97577,10.31708],[-67.97572,10.31696],[-67.97563,10.31688],[-67.97555,10.31681],[-67.9755,10.31673],[-67.97548,10.31666],[-67.97546,10.31656],[-67.97548,10.31644],[-67.97549,10.31637],[-67.97551,10.31628],[-67.9755,10.31615],[-67.97547,10.31603],[-67.97544,10.31595],[-67.97538,10.31589],[-67.97527,10.31584],[-67.97523,10.31581],[-67.97519,10.31575],[-67.97516,10.31567],[-67.97515,10.31561],[-67.97514,10.31553],[-67.97514,10.31547],[-67.97515,10.31538],[-67.97516,10.3153],[-67.97515,10.31517],[-67.97511,10.31505],[-67.97504,10.31493],[-67.97497,10.31482],[-67.97491,10.31474],[-67.97484,10.31461],[-67.9748,10.31449],[-67.97478,10.31436],[-67.97477,10.31412],[-67.97474,10.31399],[-67.97468,10.31384],[-67.9746,10.31371],[-67.97457,10.31362],[-67.97454,10.31352],[-67.97449,10.31342],[-67.97438,10.31333],[-67.97426,10.31326],[-67.97418,10.31323],[-67.97408,10.3132],[-67.974,10.31318],[-67.97393,10.31317],[-67.97388,10.31314],[-67.97383,10.31305],[-67.9738,10.31294],[-67.97375,10.31279],[-67.97371,10.31268],[-67.97368,10.31261],[-67.97365,10.31252],[-67.97362,10.3124],[-67.9736,10.31226],[-67.9736,10.31216],[-67.9736,10.31209],[-67.97359,10.31202],[-67.97354,10.31194],[-67.97347,10.31185],[-67.97333,10.31169],[-67.97311,10.31143],[-67.97295,10.31123],[-67.97285,10.3111],[-67.97277,10.31096],[-67.97269,10.31079],[-67.97263,10.31063],[-67.97257,10.31045],[-67.97255,10.31036],[-67.97254,10.31025],[-67.97254,10.31015],[-67.97254,10.31007],[-67.97251,10.30998],[-67.97247,10.30992],[-67.9724,10.30983],[-67.97225,10.30966],[-67.97219,10.30958],[-67.97216,10.30948],[-67.97214,10.30935],[-67.97214,10.30923],[-67.97214,10.30913],[-67.97215,10.30901],[-67.97221,10.30886],[-67.97231,10.30867],[-67.97236,10.30855],[-67.97238,10.30844],[-67.97237,10.30833],[-67.97235,10.3082],[-67.97234,10.30806],[-67.97236,10.30796],[-67.97239,10.30784],[-67.97247,10.30763],[-67.97254,10.30743],[-67.97258,10.30727],[-67.9726,10.3072],[-67.97261,10.30712],[-67.97259,10.30702],[-67.9726,10.30692],[-67.97262,10.30681],[-67.97266,10.3067],[-67.97272,10.30653],[-67.97274,10.30641],[-67.97275,10.30629],[-67.97274,10.30619],[-67.97268,10.30584],[-67.97255,10.3057],[-67.97246,10.3056],[-67.97237,10.30549],[-67.97224,10.30536],[-67.97218,10.30527],[-67.97213,10.30519],[-67.97208,10.30511],[-67.97203,10.30503],[-67.97197,10.30497],[-67.97189,10.30491],[-67.9718,10.30485],[-67.97168,10.30472],[-67.97181,10.30456],[-67.97191,10.30445],[-67.97199,10.30438],[-67.97207,10.30433],[-67.97215,10.3043],[-67.97225,10.30427],[-67.97235,10.30423],[-67.97249,10.30411],[-67.97265,10.30393],[-67.97274,10.30382],[-67.97286,10.30367],[-67.97295,10.30351],[-67.97304,10.30329],[-67.9731,10.30311],[-67.97312,10.30289],[-67.97313,10.30262],[-67.97309,10.30237],[-67.97303,10.30205],[-67.97301,10.30181],[-67.97303,10.30158],[-67.97307,10.30142],[-67.97313,10.30131],[-67.9732,10.30119],[-67.97331,10.30107],[-67.97339,10.30078],[-67.97343,10.30052],[-67.97346,10.30038],[-67.9735,10.30018],[-67.9735,10.2999],[-67.97351,10.29964],[-67.97355,10.29941],[-67.97361,10.29897],[-67.97366,10.29863],[-67.97372,10.29841],[-67.97374,10.29829],[-67.97383,10.29815],[-67.97397,10.29794],[-67.9739,10.29745],[-67.97389,10.29739],[-67.97389,10.2973],[-67.97391,10.29721],[-67.97396,10.29706],[-67.97408,10.2969],[-67.97433,10.29662],[-67.97439,10.29655],[-67.97445,10.29644],[-67.97453,10.29622],[-67.97459,10.29609],[-67.97464,10.29604],[-67.97469,10.296],[-67.97479,10.29598],[-67.97497,10.29594],[-67.97516,10.29592],[-67.97535,10.29593],[-67.9755,10.29596],[-67.97575,10.29591],[-67.97605,10.29586],[-67.97637,10.29585],[-67.9764,10.29568],[-67.97643,10.29559],[-67.97647,10.29551],[-67.97655,10.29543],[-67.97666,10.29535],[-67.97676,10.29524],[-67.97684,10.29515],[-67.97692,10.29508],[-67.97706,10.295],[-67.97725,10.29491],[-67.97733,10.29485],[-67.97739,10.29478],[-67.97748,10.29464],[-67.97755,10.29457],[-67.97764,10.29451],[-67.97771,10.29448],[-67.97784,10.29446],[-67.97804,10.29447],[-67.9784,10.29453],[-67.9788,10.2946],[-67.97911,10.2947],[-67.97921,10.29473],[-67.97932,10.29474],[-67.97942,10.29472],[-67.97952,10.29469],[-67.97961,10.29464],[-67.97969,10.29458],[-67.97979,10.29453],[-67.97991,10.29449],[-67.98015,10.29449],[-67.98049,10.29453],[-67.98062,10.29426],[-67.98068,10.29418],[-67.98073,10.29412],[-67.9808,10.29408],[-67.9809,10.29405],[-67.98105,10.29404],[-67.98125,10.29402],[-67.98164,10.29402],[-67.98227,10.29404],[-67.98234,10.29398],[-67.98247,10.2939],[-67.98272,10.29378],[-67.983,10.29363],[-67.98317,10.2934],[-67.98337,10.29315],[-67.9834,10.29293],[-67.98342,10.2928],[-67.98345,10.29269],[-67.9835,10.29259],[-67.98358,10.29247],[-67.98371,10.29221],[-67.98382,10.29202],[-67.9839,10.2919],[-67.98399,10.29179],[-67.98406,10.29171],[-67.98416,10.2916],[-67.98433,10.29144],[-67.98448,10.29129],[-67.98459,10.29122],[-67.98463,10.29119],[-67.98471,10.29117],[-67.98482,10.29114],[-67.98502,10.29112],[-67.98505,10.29102],[-67.98508,10.29092],[-67.98511,10.2908],[-67.98515,10.29063],[-67.98518,10.29053],[-67.98519,10.29048],[-67.98523,10.29041],[-67.98531,10.29032],[-67.98537,10.29023],[-67.98543,10.29015],[-67.98548,10.29006],[-67.98557,10.2899],[-67.98552,10.28976],[-67.9855,10.2897],[-67.98549,10.28965],[-67.98549,10.2896],[-67.9855,10.28955],[-67.98553,10.28939],[-67.98555,10.28925],[-67.98556,10.28916],[-67.98557,10.28907],[-67.98559,10.28898],[-67.98561,10.28894],[-67.98564,10.2889],[-67.98568,10.28887],[-67.98574,10.28886],[-67.98579,10.28885],[-67.98583,10.28883],[-67.98588,10.28877],[-67.98592,10.28871],[-67.98597,10.28862],[-67.98604,10.28856],[-67.98612,10.28849],[-67.98623,10.28841],[-67.98627,10.28836],[-67.98631,10.2883],[-67.98634,10.28822],[-67.98636,10.28811],[-67.98637,10.28799],[-67.98653,10.28798],[-67.98669,10.28797],[-67.98691,10.28798],[-67.98705,10.28784],[-67.98715,10.28774],[-67.98726,10.28763],[-67.98733,10.28754],[-67.98739,10.28747],[-67.9875,10.2874],[-67.98764,10.28734],[-67.98779,10.28726],[-67.98785,10.28721],[-67.9879,10.28714],[-67.98799,10.28698],[-67.98809,10.28678],[-67.98816,10.28668],[-67.98821,10.28661],[-67.98831,10.28652],[-67.98841,10.28643],[-67.98851,10.28633],[-67.98868,10.28615],[-67.98884,10.28594],[-67.98899,10.28573],[-67.98912,10.28555],[-67.98922,10.28536],[-67.98929,10.28525],[-67.98933,10.28518],[-67.98939,10.28511],[-67.98951,10.28505],[-67.98974,10.28492],[-67.98982,10.28487],[-67.98996,10.28478],[-67.99006,10.2847],[-67.99013,10.2846],[-67.9902,10.28449],[-67.99027,10.28436],[-67.99032,10.28426],[-67.9904,10.2841],[-67.99044,10.28395],[-67.99046,10.28379],[-67.99046,10.28372],[-67.99048,10.28363],[-67.99051,10.28355],[-67.99058,10.28347],[-67.9907,10.28336],[-67.99079,10.28328],[-67.99086,10.28317],[-67.99095,10.28304],[-67.99105,10.28288],[-67.99115,10.28273],[-67.99122,10.28267],[-67.99131,10.28261],[-67.99141,10.28257],[-67.99156,10.28255],[-67.99165,10.28242],[-67.99172,10.28231],[-67.99177,10.2822],[-67.99182,10.28206],[-67.99186,10.28188],[-67.9919,10.28169],[-67.99192,10.2816],[-67.99195,10.2815],[-67.99201,10.2814],[-67.99206,10.2813],[-67.99214,10.28117],[-67.99221,10.28106],[-67.99227,10.28097],[-67.99234,10.28087],[-67.99263,10.28056],[-67.9925,10.28033],[-67.99236,10.28006],[-67.99224,10.27989],[-67.99216,10.27969],[-67.9921,10.27951],[-67.99199,10.27925],[-67.9918,10.27884],[-67.99166,10.27859],[-67.99162,10.27844],[-67.9916,10.27821],[-67.99159,10.27804],[-67.99162,10.27777],[-67.9917,10.27744],[-67.99185,10.27682],[-67.9919,10.27647],[-67.99189,10.27629],[-67.99186,10.27614],[-67.9918,10.27601],[-67.99172,10.27586],[-67.99157,10.27565],[-67.9914,10.27531],[-67.99181,10.27459],[-67.99186,10.27447],[-67.99187,10.27433],[-67.99184,10.2742],[-67.99178,10.27406],[-67.99171,10.27381],[-67.99169,10.27361],[-67.99169,10.27341],[-67.99174,10.27315],[-67.99178,10.27299],[-67.9918,10.2729],[-67.99188,10.27239],[-67.99214,10.27199],[-67.99219,10.27188],[-67.99228,10.27171],[-67.99304,10.27057],[-67.99309,10.27016],[-67.99314,10.26994],[-67.99315,10.26974],[-67.9931,10.26949],[-67.99302,10.26914],[-67.99297,10.26886],[-67.99295,10.26855],[-67.99295,10.2681],[-67.99294,10.26789],[-67.99289,10.26765],[-67.99288,10.26747],[-67.99289,10.26724],[-67.99283,10.26694],[-67.99286,10.26678],[-67.99294,10.26657],[-67.99304,10.2664],[-67.99312,10.26628],[-67.9933,10.26624],[-67.99342,10.26605],[-67.99352,10.26571],[-67.99354,10.26546],[-67.99357,10.26527],[-67.9937,10.2651],[-67.99372,10.26492],[-67.99371,10.26478],[-67.99368,10.2646],[-67.99363,10.26431],[-67.99349,10.26376],[-67.99336,10.26324],[-67.9933,10.26306],[-67.99317,10.26288],[-67.99298,10.26274],[-67.99279,10.26261],[-67.99254,10.2625],[-67.99235,10.26244],[-67.99217,10.2624],[-67.99184,10.26235],[-67.99165,10.2623],[-67.99153,10.26223],[-67.99143,10.26213],[-67.9914,10.26198],[-67.9914,10.26181],[-67.99144,10.26162],[-67.99151,10.26141],[-67.99158,10.26118],[-67.99159,10.26098],[-67.99158,10.26086],[-67.99153,10.26073],[-67.99147,10.26065],[-67.99138,10.26055],[-67.99118,10.26034],[-67.99111,10.26025],[-67.99106,10.26017],[-67.99105,10.26004],[-67.99104,10.25989],[-67.99098,10.25954],[-67.99094,10.25923],[-67.99091,10.25903],[-67.99087,10.25885],[-67.99073,10.25864],[-67.99054,10.25843],[-67.99039,10.25833],[-67.99017,10.25824],[-67.98958,10.25812],[-67.98871,10.25797],[-67.98832,10.2579],[-67.98797,10.25788],[-67.98758,10.25788],[-67.9866,10.2579],[-67.98601,10.25797],[-67.9858,10.25798],[-67.98559,10.25798],[-67.98534,10.25797],[-67.98513,10.25795],[-67.98485,10.25791],[-67.98459,10.25788],[-67.98435,10.25781],[-67.9841,10.25774],[-67.98396,10.2574],[-67.98392,10.25717],[-67.98382,10.25674],[-67.98366,10.2562],[-67.98354,10.25599],[-67.98338,10.25571],[-67.98307,10.25503],[-67.98296,10.25481],[-67.98288,10.25461],[-67.98287,10.25437],[-67.98287,10.25417],[-67.98288,10.254],[-67.98295,10.25382],[-67.98309,10.25357],[-67.98316,10.25341],[-67.98318,10.25318],[-67.98319,10.25303],[-67.98318,10.25286],[-67.98321,10.25267],[-67.98327,10.25246],[-67.9833,10.25234],[-67.9833,10.25223],[-67.98327,10.25212],[-67.98324,10.25203],[-67.98319,10.25194],[-67.9831,10.25179],[-67.98306,10.25171],[-67.98304,10.25162],[-67.98304,10.25153],[-67.98306,10.25143],[-67.98308,10.25128],[-67.98306,10.25109],[-67.98304,10.25091],[-67.98304,10.25074],[-67.98306,10.25059],[-67.9831,10.25039],[-67.98312,10.25018],[-67.98311,10.24988],[-67.98312,10.24977],[-67.98316,10.24963],[-67.9832,10.24954],[-67.98329,10.24946],[-67.98336,10.24939],[-67.98344,10.24931],[-67.9835,10.24923],[-67.98352,10.24914],[-67.98354,10.24904],[-67.9835,10.24866],[-67.98347,10.24853],[-67.98343,10.24846],[-67.98338,10.24838],[-67.98334,10.24831],[-67.98332,10.24824],[-67.98332,10.24812],[-67.98332,10.24794],[-67.98334,10.24785],[-67.98347,10.24758],[-67.98356,10.24738],[-67.98359,10.24725],[-67.9836,10.24713],[-67.98359,10.24701],[-67.98358,10.24693],[-67.98356,10.24678],[-67.98356,10.24674],[-67.98354,10.24669],[-67.98353,10.24667],[-67.98349,10.24664],[-67.98342,10.24662],[-67.98319,10.24654],[-67.98311,10.24652],[-67.98306,10.24652],[-67.98301,10.24654],[-67.98295,10.24654],[-67.98292,10.24653],[-67.98288,10.2465],[-67.98284,10.24646],[-67.98281,10.24641],[-67.98277,10.24635],[-67.98274,10.24628],[-67.98266,10.24617],[-67.98263,10.24612],[-67.98261,10.24608],[-67.9826,10.24603],[-67.98258,10.24596],[-67.98255,10.24588],[-67.98251,10.2458],[-67.98242,10.24567],[-67.98236,10.24557],[-67.98231,10.24552],[-67.9822,10.24543],[-67.98217,10.2454],[-67.98215,10.24537],[-67.98215,10.24534],[-67.98215,10.24527],[-67.98215,10.24516],[-67.98214,10.24509],[-67.98212,10.24504],[-67.98209,10.24496],[-67.98207,10.24488],[-67.98204,10.24482],[-67.98199,10.24474],[-67.98196,10.24469],[-67.98192,10.24463],[-67.98189,10.24454],[-67.98183,10.24445],[-67.98175,10.24438],[-67.98166,10.24431],[-67.98161,10.24425],[-67.98159,10.24418],[-67.98159,10.24411],[-67.9816,10.24401],[-67.98161,10.24392],[-67.98162,10.24384],[-67.98161,10.24368],[-67.98156,10.24343],[-67.98153,10.24331],[-67.98152,10.2432],[-67.98153,10.24312],[-67.98157,10.24305],[-67.98171,10.24288],[-67.98182,10.24273],[-67.98189,10.24262],[-67.98196,10.24248],[-67.98202,10.24229],[-67.98208,10.24204],[-67.98212,10.24194],[-67.98214,10.24183],[-67.98213,10.24172],[-67.98211,10.24166],[-67.9821,10.24159],[-67.98211,10.24149],[-67.98218,10.24137],[-67.98234,10.24114],[-67.98257,10.24083],[-67.98268,10.24068],[-67.98272,10.24058],[-67.98279,10.24034],[-67.98286,10.24013],[-67.98288,10.24003],[-67.98287,10.23993],[-67.98284,10.23981],[-67.9828,10.23969],[-67.98278,10.23957],[-67.98277,10.23945],[-67.9828,10.23936],[-67.98288,10.23925],[-67.98299,10.239],[-67.98309,10.23871],[-67.98312,10.23858],[-67.98315,10.23848],[-67.98314,10.23841],[-67.98308,10.2383],[-67.98304,10.23819],[-67.98301,10.2381],[-67.98299,10.23798],[-67.98298,10.23778],[-67.98297,10.23763],[-67.98295,10.23754],[-67.98284,10.23736],[-67.98286,10.23726],[-67.9829,10.23709],[-67.98294,10.23688],[-67.98296,10.23671],[-67.98296,10.23654],[-67.983,10.23638],[-67.98302,10.23622],[-67.98303,10.23604],[-67.98305,10.23588],[-67.98312,10.23565],[-67.98314,10.23554],[-67.98314,10.2354],[-67.98314,10.23521],[-67.98312,10.23512],[-67.98314,10.235],[-67.98317,10.23492],[-67.98321,10.23482],[-67.98334,10.23457],[-67.9834,10.23448],[-67.98342,10.23441],[-67.98343,10.23432],[-67.98345,10.23408],[-67.98345,10.23396],[-67.98343,10.23387],[-67.9834,10.23378],[-67.98336,10.23372]]]}},{"type":"Feature","properties":{"name":"Bejuma","admin_level":"6","osm_id":10833251},"geometry":{"type":"Polygon","coordinates":[[[-68.39813,10.36983],[-68.39669,10.3701],[-68.39623,10.37021],[-68.39561,10.37044],[-68.39522,10.37063],[-68.39492,10.37081],[-68.39436,10.37122],[-68.3929,10.37101],[-68.39234,10.37095],[-68.39187,10.37096],[-68.39135,10.37106],[-68.39087,10.37115],[-68.39036,10.37122],[-68.38984,10.3713],[-68.38945,10.37147],[-68.38923,10.37163],[-68.38894,10.37189],[-68.38855,10.37216],[-68.38797,10.37253],[-68.38661,10.37349],[-68.3851,10.37395],[-68.38404,10.37418],[-68.38354,10.37427],[-68.38282,10.37429],[-68.38255,10.37436],[-68.38216,10.37439],[-68.38192,10.37449],[-68.38172,10.37456],[-68.3814,10.37466],[-68.38124,10.37492],[-68.38061,10.37518],[-68.37975,10.37574],[-68.37868,10.37624],[-68.3781,10.3765],[-68.37772,10.37665],[-68.37748,10.37677],[-68.37723,10.37686],[-68.37704,10.37699],[-68.37685,10.3771],[-68.37677,10.37724],[-68.37639,10.37748],[-68.3761,10.37773],[-68.37561,10.37764],[-68.37494,10.37746],[-68.37456,10.37733],[-68.37437,10.37733],[-68.37408,10.37718],[-68.37368,10.37721],[-68.37312,10.37727],[-68.37283,10.37735],[-68.37227,10.37756],[-68.37128,10.37827],[-68.3708,10.3786],[-68.37042,10.37895],[-68.37028,10.3791],[-68.37006,10.37933],[-68.36983,10.37963],[-68.36938,10.38029],[-68.36913,10.38067],[-68.36901,10.38085],[-68.36891,10.38105],[-68.36886,10.38124],[-68.36876,10.38156],[-68.36851,10.38192],[-68.36825,10.38223],[-68.36797,10.38252],[-68.36787,10.38324],[-68.36792,10.3835],[-68.36779,10.38399],[-68.36763,10.38439],[-68.36755,10.38458],[-68.36733,10.38473],[-68.36713,10.38493],[-68.36686,10.38528],[-68.36662,10.38571],[-68.36638,10.38597],[-68.36632,10.38649],[-68.36587,10.38716],[-68.36552,10.3878],[-68.36536,10.38804],[-68.36528,10.3882],[-68.36513,10.38842],[-68.36475,10.38899],[-68.36454,10.38947],[-68.36411,10.39009],[-68.36377,10.39074],[-68.36339,10.39088],[-68.36314,10.39134],[-68.36259,10.39213],[-68.36225,10.39263],[-68.36188,10.39306],[-68.36169,10.39344],[-68.36149,10.39374],[-68.36127,10.394],[-68.36109,10.39432],[-68.36083,10.39461],[-68.36065,10.39515],[-68.36003,10.39573],[-68.35961,10.39608],[-68.35922,10.3964],[-68.35892,10.39661],[-68.35854,10.39677],[-68.35866,10.39731],[-68.35877,10.39802],[-68.35841,10.3983],[-68.3582,10.39852],[-68.35802,10.39877],[-68.35791,10.39909],[-68.35784,10.39937],[-68.35778,10.39972],[-68.35773,10.4],[-68.3576,10.40027],[-68.35739,10.40057],[-68.35715,10.40089],[-68.35691,10.40117],[-68.35669,10.40151],[-68.35658,10.40182],[-68.3565,10.40205],[-68.35647,10.40228],[-68.35647,10.40254],[-68.35649,10.40294],[-68.35648,10.4032],[-68.35642,10.40344],[-68.35634,10.40359],[-68.35598,10.40399],[-68.35625,10.40461],[-68.35552,10.40499],[-68.35487,10.40525],[-68.35461,10.40533],[-68.35434,10.40538],[-68.35409,10.40544],[-68.3539,10.40552],[-68.35369,10.40567],[-68.35358,10.40583],[-68.35347,10.40602],[-68.35334,10.40626],[-68.35317,10.40647],[-68.3529,10.40667],[-68.35271,10.40676],[-68.35241,10.40683],[-68.35222,10.40687],[-68.35211,10.40692],[-68.352,10.40703],[-68.35189,10.40721],[-68.35163,10.40766],[-68.35118,10.40828],[-68.35079,10.4088],[-68.35062,10.40908],[-68.3504,10.40932],[-68.35015,10.40954],[-68.34993,10.40967],[-68.34972,10.40979],[-68.34961,10.4099],[-68.34953,10.4101],[-68.34915,10.41113],[-68.34876,10.4114],[-68.34849,10.41154],[-68.34821,10.41166],[-68.34792,10.41175],[-68.34772,10.41187],[-68.34757,10.41201],[-68.3474,10.41227],[-68.34725,10.41253],[-68.34708,10.41272],[-68.34688,10.41284],[-68.34667,10.41294],[-68.34653,10.41306],[-68.3464,10.4132],[-68.34624,10.41345],[-68.34588,10.41387],[-68.34547,10.41436],[-68.34457,10.41533],[-68.3443,10.41567],[-68.34412,10.41596],[-68.34395,10.41631],[-68.34349,10.41667],[-68.34296,10.41706],[-68.34267,10.41723],[-68.3425,10.41739],[-68.34239,10.41751],[-68.3422,10.41778],[-68.34181,10.4183],[-68.34143,10.41879],[-68.34116,10.41916],[-68.34093,10.41938],[-68.34069,10.4196],[-68.34046,10.41975],[-68.34014,10.41994],[-68.33984,10.42122],[-68.33971,10.42143],[-68.33948,10.42179],[-68.33932,10.4221],[-68.33924,10.42237],[-68.33917,10.42281],[-68.33764,10.42314],[-68.33743,10.42294],[-68.33715,10.42279],[-68.33684,10.42267],[-68.33643,10.42248],[-68.33595,10.42222],[-68.33529,10.42188],[-68.33489,10.42159],[-68.33453,10.42136],[-68.33409,10.42019],[-68.3339,10.41995],[-68.33376,10.41976],[-68.33349,10.4195],[-68.3335,10.41915],[-68.33353,10.41894],[-68.33359,10.41868],[-68.33365,10.41855],[-68.33371,10.41844],[-68.33373,10.41822],[-68.33375,10.41797],[-68.3338,10.41746],[-68.33357,10.41705],[-68.33336,10.4167],[-68.33326,10.41631],[-68.33299,10.4158],[-68.33297,10.41482],[-68.33188,10.41301],[-68.33089,10.41226],[-68.32914,10.4121],[-68.32653,10.41118],[-68.32589,10.41097],[-68.3234,10.41017],[-68.3205,10.40967],[-68.31795,10.40992],[-68.3168,10.4096],[-68.3148,10.40955],[-68.31339,10.40955],[-68.31289,10.40958],[-68.31231,10.40954],[-68.31179,10.40944],[-68.31149,10.40939],[-68.31123,10.40932],[-68.31109,10.40929],[-68.31093,10.40921],[-68.3108,10.4092],[-68.31078,10.40893],[-68.31075,10.40858],[-68.31075,10.40831],[-68.31084,10.40791],[-68.31092,10.40762],[-68.31094,10.40744],[-68.31096,10.40729],[-68.31094,10.4069],[-68.31085,10.40564],[-68.31082,10.40524],[-68.31083,10.40502],[-68.31085,10.40488],[-68.3109,10.40464],[-68.311,10.40432],[-68.31107,10.40406],[-68.31113,10.40386],[-68.31117,10.40363],[-68.31116,10.40339],[-68.31107,10.40317],[-68.31069,10.4025],[-68.31028,10.40184],[-68.31002,10.40145],[-68.30987,10.40125],[-68.30975,10.40119],[-68.30957,10.40112],[-68.30922,10.40102],[-68.309,10.40092],[-68.30884,10.40077],[-68.30867,10.40054],[-68.30832,10.39994],[-68.30793,10.39937],[-68.30718,10.39837],[-68.30696,10.39805],[-68.30679,10.39786],[-68.30661,10.39769],[-68.30643,10.39755],[-68.3063,10.39746],[-68.30613,10.39735],[-68.30586,10.39724],[-68.30562,10.39717],[-68.30536,10.39705],[-68.30497,10.39682],[-68.30459,10.39659],[-68.30398,10.39633],[-68.3031,10.39611],[-68.30266,10.39602],[-68.30231,10.39591],[-68.30151,10.39561],[-68.30112,10.39547],[-68.30082,10.3954],[-68.3006,10.39537],[-68.30033,10.3953],[-68.30016,10.39523],[-68.30002,10.39514],[-68.29987,10.39493],[-68.2997,10.39474],[-68.29913,10.39423],[-68.29884,10.39375],[-68.29846,10.39335],[-68.29794,10.39317],[-68.2974,10.39308],[-68.29691,10.39306],[-68.29613,10.3928],[-68.29587,10.39249],[-68.29569,10.39225],[-68.2956,10.39201],[-68.29555,10.39166],[-68.29554,10.39123],[-68.29544,10.39096],[-68.29534,10.39072],[-68.29517,10.39043],[-68.29503,10.39013],[-68.29488,10.38971],[-68.29475,10.38932],[-68.29453,10.38893],[-68.29428,10.38852],[-68.29389,10.38802],[-68.29371,10.38757],[-68.2936,10.38709],[-68.29358,10.38678],[-68.29352,10.38621],[-68.29342,10.38499],[-68.29302,10.38409],[-68.2927,10.38354],[-68.29243,10.38303],[-68.29229,10.38249],[-68.29223,10.38201],[-68.2921,10.38149],[-68.29186,10.38106],[-68.29162,10.38045],[-68.29138,10.3799],[-68.29117,10.3794],[-68.29106,10.3791],[-68.29096,10.3787],[-68.29094,10.37831],[-68.29087,10.37794],[-68.29076,10.37758],[-68.2906,10.37724],[-68.28995,10.37661],[-68.28969,10.37629],[-68.2894,10.37589],[-68.28916,10.37532],[-68.28891,10.37405],[-68.28876,10.37342],[-68.28866,10.37299],[-68.28847,10.37255],[-68.28797,10.37183],[-68.28708,10.37132],[-68.28656,10.37101],[-68.28602,10.37066],[-68.28547,10.37044],[-68.28505,10.37035],[-68.28446,10.37025],[-68.28411,10.37015],[-68.28376,10.36996],[-68.28342,10.36976],[-68.28289,10.36957],[-68.28238,10.36935],[-68.28192,10.36907],[-68.28162,10.36883],[-68.28142,10.36853],[-68.28134,10.36827],[-68.28124,10.36795],[-68.27986,10.36739],[-68.27919,10.36719],[-68.27876,10.36701],[-68.27842,10.36674],[-68.27796,10.36649],[-68.27757,10.36636],[-68.27734,10.3663],[-68.27705,10.3663],[-68.27668,10.3663],[-68.27642,10.36636],[-68.27623,10.36644],[-68.27597,10.36645],[-68.27576,10.36636],[-68.27559,10.36627],[-68.27537,10.3661],[-68.27521,10.36591],[-68.27503,10.36559],[-68.27479,10.3653],[-68.27455,10.36511],[-68.27424,10.36499],[-68.27385,10.36486],[-68.27345,10.36473],[-68.27308,10.36467],[-68.27253,10.36466],[-68.27209,10.36466],[-68.27063,10.36459],[-68.27039,10.36306],[-68.27029,10.36268],[-68.27009,10.36237],[-68.26973,10.362],[-68.26933,10.3616],[-68.26881,10.36102],[-68.26933,10.36033],[-68.26933,10.35978],[-68.26927,10.35941],[-68.26911,10.3591],[-68.26882,10.3589],[-68.26849,10.35868],[-68.26818,10.35853],[-68.26797,10.35843],[-68.26773,10.35832],[-68.26736,10.35823],[-68.26711,10.35812],[-68.26675,10.35773],[-68.2665,10.35739],[-68.26615,10.35717],[-68.26584,10.35705],[-68.26541,10.35691],[-68.26504,10.35674],[-68.26482,10.35652],[-68.26446,10.35608],[-68.26424,10.35564],[-68.26402,10.35545],[-68.26302,10.35486],[-68.26248,10.35552],[-68.26219,10.35577],[-68.26203,10.3559],[-68.26175,10.35606],[-68.26145,10.35616],[-68.26109,10.35624],[-68.26076,10.35627],[-68.26037,10.35637],[-68.25999,10.35649],[-68.25948,10.35667],[-68.25889,10.35699],[-68.25841,10.35724],[-68.2579,10.35737],[-68.25745,10.35743],[-68.25685,10.35741],[-68.25668,10.35647],[-68.25648,10.35558],[-68.25632,10.35516],[-68.25585,10.35462],[-68.25549,10.35414],[-68.25497,10.35315],[-68.25466,10.3526],[-68.25445,10.35223],[-68.25415,10.35188],[-68.25377,10.3516],[-68.25335,10.35124],[-68.25291,10.35075],[-68.25257,10.35044],[-68.25227,10.34994],[-68.25204,10.34957],[-68.25169,10.34904],[-68.2515,10.34878],[-68.2511,10.34841],[-68.25046,10.34808],[-68.24987,10.34773],[-68.24944,10.34744],[-68.24908,10.34706],[-68.24857,10.34645],[-68.24826,10.34605],[-68.24799,10.34569],[-68.24771,10.34531],[-68.24734,10.34497],[-68.2466,10.34438],[-68.24598,10.34324],[-68.24562,10.3427],[-68.2453,10.34219],[-68.24513,10.34177],[-68.24509,10.34142],[-68.24512,10.34112],[-68.24518,10.34059],[-68.24517,10.34014],[-68.24503,10.33957],[-68.2447,10.33893],[-68.24439,10.33863],[-68.244,10.33831],[-68.24357,10.33803],[-68.24333,10.33743],[-68.24318,10.33696],[-68.24298,10.33609],[-68.24224,10.33563],[-68.24167,10.33525],[-68.24118,10.335],[-68.24074,10.33477],[-68.24028,10.33456],[-68.23981,10.33439],[-68.23928,10.33424],[-68.2388,10.33406],[-68.23829,10.33321],[-68.2381,10.33291],[-68.23792,10.33259],[-68.23767,10.33226],[-68.23734,10.3319],[-68.23702,10.33156],[-68.23677,10.33118],[-68.23661,10.33088],[-68.23651,10.33055],[-68.23643,10.33025],[-68.23631,10.32992],[-68.23607,10.3294],[-68.23584,10.32888],[-68.23573,10.32836],[-68.23577,10.32792],[-68.23583,10.32763],[-68.23586,10.32729],[-68.23579,10.32701],[-68.23562,10.32671],[-68.23545,10.32654],[-68.23483,10.326],[-68.23515,10.32538],[-68.23526,10.32504],[-68.23531,10.32458],[-68.23525,10.32424],[-68.23503,10.32387],[-68.2348,10.32344],[-68.23445,10.32291],[-68.23408,10.32227],[-68.23375,10.32153],[-68.23362,10.32104],[-68.23364,10.32029],[-68.23364,10.32006],[-68.23352,10.31966],[-68.23335,10.31939],[-68.23312,10.31912],[-68.23269,10.31881],[-68.23218,10.3185],[-68.23148,10.31824],[-68.2311,10.31817],[-68.23054,10.31814],[-68.23008,10.31806],[-68.22966,10.31794],[-68.229,10.31784],[-68.22821,10.31777],[-68.22728,10.31764],[-68.22675,10.31723],[-68.22647,10.31695],[-68.226,10.31651],[-68.22551,10.31621],[-68.22508,10.31592],[-68.22475,10.31574],[-68.22436,10.31551],[-68.22407,10.31533],[-68.22363,10.31528],[-68.22269,10.3152],[-68.22162,10.31512],[-68.22166,10.31463],[-68.22177,10.3143],[-68.22187,10.31403],[-68.22195,10.31378],[-68.22203,10.31339],[-68.22203,10.31309],[-68.22198,10.31267],[-68.22166,10.31222],[-68.22063,10.31201],[-68.22003,10.31189],[-68.21939,10.31162],[-68.21886,10.31132],[-68.21831,10.31102],[-68.21786,10.31076],[-68.21727,10.31044],[-68.2168,10.31021],[-68.21685,10.31002],[-68.21694,10.30968],[-68.21709,10.30917],[-68.21719,10.30878],[-68.21719,10.30841],[-68.21699,10.30813],[-68.2167,10.30793],[-68.21649,10.30776],[-68.2163,10.30744],[-68.21625,10.30707],[-68.21626,10.30657],[-68.21631,10.30615],[-68.21632,10.30578],[-68.21622,10.30526],[-68.21599,10.30488],[-68.21576,10.30461],[-68.21557,10.30437],[-68.2154,10.30413],[-68.21529,10.30392],[-68.21509,10.30332],[-68.21499,10.30303],[-68.21479,10.3027],[-68.21451,10.30242],[-68.21423,10.30225],[-68.21377,10.30205],[-68.21332,10.30189],[-68.21288,10.30171],[-68.21244,10.30155],[-68.21198,10.30132],[-68.21172,10.30117],[-68.21136,10.30099],[-68.21101,10.30084],[-68.21055,10.30069],[-68.21015,10.30049],[-68.20983,10.30027],[-68.20963,10.29996],[-68.20944,10.29965],[-68.20927,10.29924],[-68.20913,10.29887],[-68.20894,10.29856],[-68.20871,10.29824],[-68.20845,10.298],[-68.20793,10.29756],[-68.20746,10.29723],[-68.20662,10.29634],[-68.20597,10.29642],[-68.20556,10.29647],[-68.20521,10.29657],[-68.20506,10.29665],[-68.2048,10.29696],[-68.20469,10.29722],[-68.20455,10.29766],[-68.2044,10.29795],[-68.20414,10.29826],[-68.20375,10.29857],[-68.20286,10.29932],[-68.20226,10.29986],[-68.20123,10.30074],[-68.1995,10.30095],[-68.19916,10.30107],[-68.19894,10.30127],[-68.19876,10.30152],[-68.19857,10.30178],[-68.19837,10.30205],[-68.19816,10.30226],[-68.19794,10.30248],[-68.1975,10.30297],[-68.19705,10.30341],[-68.19619,10.30428],[-68.19567,10.30468],[-68.19512,10.30507],[-68.19479,10.30535],[-68.19453,10.30574],[-68.19423,10.30617],[-68.19397,10.30655],[-68.19364,10.30704],[-68.19325,10.30773],[-68.19294,10.30825],[-68.19259,10.30882],[-68.19221,10.30939],[-68.19183,10.30992],[-68.19141,10.31038],[-68.19107,10.31064],[-68.19069,10.31098],[-68.19045,10.31126],[-68.19022,10.3116],[-68.18976,10.3123],[-68.18938,10.31292],[-68.189,10.31349],[-68.1886,10.31404],[-68.18828,10.3143],[-68.18788,10.31457],[-68.18755,10.31477],[-68.18728,10.31497],[-68.18698,10.31526],[-68.18686,10.31546],[-68.1868,10.31572],[-68.18665,10.31702],[-68.18581,10.31775],[-68.1853,10.31814],[-68.18498,10.31835],[-68.18467,10.31856],[-68.18421,10.31884],[-68.18388,10.31909],[-68.18366,10.31931],[-68.18345,10.31967],[-68.18316,10.32032],[-68.18117,10.32097],[-68.18053,10.32205],[-68.18024,10.3225],[-68.1799,10.32287],[-68.17956,10.32315],[-68.17922,10.32336],[-68.17892,10.32345],[-68.17753,10.32375],[-68.17673,10.32486],[-68.17599,10.32486],[-68.17514,10.32471],[-68.17494,10.32466],[-68.17474,10.32462],[-68.17452,10.32454],[-68.17418,10.32435],[-68.17397,10.32427],[-68.17373,10.32427],[-68.17346,10.32433],[-68.17316,10.32441],[-68.17294,10.32446],[-68.17279,10.32449],[-68.17263,10.32452],[-68.1724,10.3245],[-68.17226,10.32445],[-68.17202,10.3243],[-68.17158,10.32403],[-68.17137,10.32389],[-68.17122,10.32382],[-68.17102,10.32382],[-68.17083,10.32387],[-68.17053,10.32399],[-68.17031,10.32405],[-68.17005,10.32405],[-68.16989,10.32398],[-68.16973,10.32382],[-68.16962,10.32367],[-68.16949,10.32349],[-68.16923,10.32329],[-68.169,10.32321],[-68.16878,10.32317],[-68.16858,10.32318],[-68.16825,10.32322],[-68.16743,10.32324],[-68.16719,10.32326],[-68.16702,10.32326],[-68.16688,10.32321],[-68.16676,10.32313],[-68.16668,10.32299],[-68.16658,10.32277],[-68.16646,10.32262],[-68.1663,10.32252],[-68.1661,10.32247],[-68.16592,10.3224],[-68.16576,10.32233],[-68.16556,10.3223],[-68.16531,10.32228],[-68.16513,10.32225],[-68.16496,10.32218],[-68.16479,10.32206],[-68.16457,10.32192],[-68.16387,10.32152],[-68.16296,10.32115],[-68.16211,10.32085],[-68.16115,10.32061],[-68.16062,10.32046],[-68.16011,10.32036],[-68.15949,10.32029],[-68.15904,10.32028],[-68.15864,10.32029],[-68.15843,10.31918],[-68.15834,10.31855],[-68.15815,10.31756],[-68.15768,10.31728],[-68.15719,10.31701],[-68.15674,10.31672],[-68.15624,10.3163],[-68.15571,10.31565],[-68.15524,10.31492],[-68.15474,10.31415],[-68.15463,10.31376],[-68.15454,10.31345],[-68.15453,10.31299],[-68.15445,10.3126],[-68.15428,10.31219],[-68.1541,10.31188],[-68.1539,10.3116],[-68.15351,10.31134],[-68.15255,10.3106],[-68.15252,10.31026],[-68.15241,10.30977],[-68.15225,10.30923],[-68.15202,10.30884],[-68.15182,10.30845],[-68.15153,10.30791],[-68.15085,10.3069],[-68.1512,10.30628],[-68.15147,10.30584],[-68.15177,10.30532],[-68.15184,10.30466],[-68.15182,10.30425],[-68.15179,10.30385],[-68.15181,10.30342],[-68.15181,10.30304],[-68.15173,10.30264],[-68.15154,10.30229],[-68.15124,10.30204],[-68.15088,10.30184],[-68.14999,10.30163],[-68.14943,10.30045],[-68.14903,10.2994],[-68.14857,10.29746],[-68.14843,10.29681],[-68.14838,10.29617],[-68.14839,10.29585],[-68.14844,10.29542],[-68.14855,10.29502],[-68.14863,10.29457],[-68.14876,10.29404],[-68.14883,10.29362],[-68.14891,10.29322],[-68.14893,10.29286],[-68.14896,10.29221],[-68.14896,10.29106],[-68.149,10.28951],[-68.14861,10.28738],[-68.14861,10.28588],[-68.1486,10.28557],[-68.14856,10.28516],[-68.14839,10.28458],[-68.14809,10.28361],[-68.14828,10.28269],[-68.14829,10.28214],[-68.14817,10.28125],[-68.14805,10.28077],[-68.148,10.28044],[-68.14793,10.28012],[-68.14789,10.27978],[-68.14782,10.27928],[-68.14756,10.27816],[-68.14732,10.27737],[-68.14683,10.27685],[-68.1464,10.27639],[-68.14602,10.27574],[-68.14632,10.27525],[-68.14653,10.27489],[-68.1468,10.27444],[-68.14709,10.27374],[-68.14725,10.27325],[-68.14735,10.27284],[-68.14736,10.27242],[-68.14724,10.27177],[-68.14712,10.27128],[-68.147,10.27087],[-68.14683,10.27053],[-68.14655,10.27006],[-68.14599,10.26928],[-68.14611,10.26868],[-68.1462,10.26822],[-68.14619,10.26782],[-68.14611,10.26747],[-68.14591,10.26712],[-68.14566,10.26678],[-68.14538,10.26622],[-68.14522,10.26595],[-68.14499,10.26564],[-68.14463,10.26525],[-68.14407,10.26481],[-68.14368,10.26438],[-68.14356,10.26355],[-68.14347,10.26314],[-68.14335,10.26271],[-68.14328,10.26211],[-68.14325,10.2617],[-68.14316,10.26131],[-68.14296,10.26102],[-68.14268,10.2607],[-68.14223,10.2604],[-68.14196,10.26021],[-68.14171,10.25993],[-68.1421,10.25919],[-68.14227,10.25886],[-68.14293,10.25769],[-68.14285,10.25714],[-68.14272,10.25628],[-68.14251,10.2556],[-68.14234,10.25507],[-68.14221,10.25471],[-68.14211,10.2544],[-68.14193,10.25405],[-68.14182,10.2538],[-68.14176,10.25352],[-68.14176,10.25323],[-68.14175,10.25264],[-68.14176,10.25225],[-68.14164,10.25172],[-68.14146,10.25146],[-68.14127,10.2512],[-68.14096,10.25088],[-68.14065,10.25047],[-68.14029,10.25003],[-68.14053,10.24932],[-68.14065,10.24889],[-68.14076,10.24833],[-68.14094,10.24726],[-68.14108,10.2466],[-68.14121,10.24607],[-68.14128,10.24555],[-68.14129,10.2451],[-68.14126,10.24456],[-68.14129,10.2442],[-68.14142,10.24367],[-68.14161,10.24322],[-68.14184,10.24275],[-68.14206,10.24242],[-68.14225,10.24211],[-68.14249,10.24181],[-68.14272,10.24146],[-68.14287,10.24085],[-68.14293,10.24062],[-68.14301,10.24037],[-68.14312,10.24019],[-68.14323,10.23995],[-68.1433,10.23952],[-68.14343,10.23879],[-68.14359,10.23787],[-68.14378,10.23723],[-68.1439,10.23676],[-68.14399,10.23641],[-68.14402,10.2361],[-68.14406,10.23562],[-68.14427,10.23507],[-68.14472,10.23448],[-68.14506,10.23417],[-68.14539,10.2339],[-68.1457,10.23356],[-68.14584,10.2332],[-68.14585,10.23294],[-68.14574,10.2325],[-68.14561,10.232],[-68.14559,10.23162],[-68.14563,10.23114],[-68.14576,10.23073],[-68.14598,10.23037],[-68.14613,10.23014],[-68.1462,10.22999],[-68.14623,10.22993],[-68.14632,10.22965],[-68.14643,10.22945],[-68.14655,10.2293],[-68.14671,10.22911],[-68.14683,10.22895],[-68.14692,10.22876],[-68.14695,10.22864],[-68.14698,10.22845],[-68.14698,10.22806],[-68.14702,10.22777],[-68.14708,10.22759],[-68.14722,10.22746],[-68.14735,10.22738],[-68.14756,10.22729],[-68.1478,10.22715],[-68.14818,10.22677],[-68.14843,10.22641],[-68.14864,10.22607],[-68.14879,10.22589],[-68.14906,10.22565],[-68.14947,10.22546],[-68.14967,10.22541],[-68.15001,10.22528],[-68.15054,10.2251],[-68.15088,10.2249],[-68.15119,10.22472],[-68.15124,10.22388],[-68.15126,10.22305],[-68.15121,10.22266],[-68.15085,10.22146],[-68.15118,10.22049],[-68.15125,10.21997],[-68.15129,10.21973],[-68.15129,10.21935],[-68.15127,10.21901],[-68.15117,10.21867],[-68.15096,10.21799],[-68.15089,10.21757],[-68.15073,10.21704],[-68.15052,10.21656],[-68.15031,10.21623],[-68.15014,10.21591],[-68.15001,10.21548],[-68.15,10.21511],[-68.15004,10.21469],[-68.15012,10.21428],[-68.15026,10.21393],[-68.15053,10.21353],[-68.15073,10.21328],[-68.15108,10.21286],[-68.15153,10.21246],[-68.15163,10.21237],[-68.15172,10.21226],[-68.15177,10.21215],[-68.15182,10.21202],[-68.15187,10.21192],[-68.15199,10.21169],[-68.15206,10.21158],[-68.15211,10.21147],[-68.15212,10.21137],[-68.15211,10.21131],[-68.15205,10.21106],[-68.15203,10.21089],[-68.15207,10.21049],[-68.1521,10.21014],[-68.15214,10.20994],[-68.1522,10.2098],[-68.15224,10.20967],[-68.15234,10.20955],[-68.15252,10.20937],[-68.15272,10.20919],[-68.15291,10.20896],[-68.15302,10.20879],[-68.1531,10.20865],[-68.15318,10.20849],[-68.15325,10.20834],[-68.15332,10.2082],[-68.15339,10.20799],[-68.15346,10.20779],[-68.1535,10.20768],[-68.15355,10.20757],[-68.15363,10.20745],[-68.15372,10.20736],[-68.15385,10.20724],[-68.15403,10.20703],[-68.15394,10.20669],[-68.1539,10.20653],[-68.15386,10.20639],[-68.15371,10.20613],[-68.15362,10.20601],[-68.15358,10.20593],[-68.15355,10.20585],[-68.15357,10.20574],[-68.1536,10.20566],[-68.15364,10.20552],[-68.15366,10.2054],[-68.15366,10.20527],[-68.15361,10.20491],[-68.15353,10.20457],[-68.15349,10.20435],[-68.15349,10.20427],[-68.15349,10.20418],[-68.15349,10.20412],[-68.15348,10.20404],[-68.15343,10.20394],[-68.15336,10.20386],[-68.15327,10.20371],[-68.15317,10.2036],[-68.15305,10.20346],[-68.15287,10.20328],[-68.15295,10.20299],[-68.15302,10.2028],[-68.15308,10.20268],[-68.15316,10.20252],[-68.15319,10.2024],[-68.15322,10.20229],[-68.15326,10.20211],[-68.15343,10.20159],[-68.15353,10.20131],[-68.15358,10.20119],[-68.15363,10.2011],[-68.15371,10.20101],[-68.15377,10.20089],[-68.15379,10.2008],[-68.1538,10.20073],[-68.15378,10.20066],[-68.15376,10.20059],[-68.15376,10.20051],[-68.15378,10.20042],[-68.15387,10.20026],[-68.15399,10.20005],[-68.15404,10.19996],[-68.15408,10.19987],[-68.15407,10.19978],[-68.15405,10.19967],[-68.15398,10.19954],[-68.1539,10.19942],[-68.15376,10.19919],[-68.15367,10.19903],[-68.1536,10.19886],[-68.15347,10.19826],[-68.15345,10.1981],[-68.1534,10.19793],[-68.15334,10.1977],[-68.1533,10.19748],[-68.15323,10.19701],[-68.15321,10.19692],[-68.15314,10.19684],[-68.15307,10.19677],[-68.15297,10.19669],[-68.15288,10.19664],[-68.15277,10.19657],[-68.15268,10.19648],[-68.15256,10.1963],[-68.1527,10.19598],[-68.15281,10.19575],[-68.15273,10.19557],[-68.15269,10.19545],[-68.15263,10.19533],[-68.15255,10.1952],[-68.15248,10.19509],[-68.1524,10.195],[-68.15228,10.1949],[-68.15217,10.1948],[-68.152,10.19462],[-68.15193,10.19447],[-68.15185,10.19422],[-68.15196,10.19407],[-68.152,10.19397],[-68.15201,10.19384],[-68.15199,10.19368],[-68.15197,10.19334],[-68.15197,10.19323],[-68.15197,10.19309],[-68.15201,10.19299],[-68.15211,10.19283],[-68.15218,10.19271],[-68.15222,10.19254],[-68.15231,10.19223],[-68.15222,10.19203],[-68.15215,10.19187],[-68.15204,10.19173],[-68.15191,10.19161],[-68.15181,10.19152],[-68.15168,10.19144],[-68.15152,10.19134],[-68.15142,10.19129],[-68.15133,10.19125],[-68.15125,10.19118],[-68.15115,10.19108],[-68.15102,10.19092],[-68.1509,10.19069],[-68.15088,10.19062],[-68.15087,10.19053],[-68.15087,10.19043],[-68.15087,10.19033],[-68.15085,10.19022],[-68.15081,10.19007],[-68.15079,10.19],[-68.15075,10.18994],[-68.15071,10.18991],[-68.15066,10.18989],[-68.15056,10.18985],[-68.15044,10.18979],[-68.15035,10.18973],[-68.15028,10.18967],[-68.15024,10.18961],[-68.15019,10.18953],[-68.15024,10.18936],[-68.15031,10.18912],[-68.15045,10.18863],[-68.15052,10.18842],[-68.15058,10.18822],[-68.1506,10.18804],[-68.15062,10.1879],[-68.15061,10.18767],[-68.15055,10.1873],[-68.15052,10.1872],[-68.15047,10.18711],[-68.15043,10.18704],[-68.15038,10.18697],[-68.15032,10.1869],[-68.15025,10.18685],[-68.15018,10.18681],[-68.15007,10.18671],[-68.1499,10.18654],[-68.14979,10.1864],[-68.14963,10.18619],[-68.14966,10.18616],[-68.14973,10.1861],[-68.14978,10.18607],[-68.14985,10.18604],[-68.14992,10.18598],[-68.14996,10.18591],[-68.14999,10.18582],[-68.15003,10.18567],[-68.15003,10.18556],[-68.15007,10.18536],[-68.15008,10.18529],[-68.15009,10.18519],[-68.15007,10.18502],[-68.15005,10.18494],[-68.15004,10.18484],[-68.15005,10.18477],[-68.15006,10.18471],[-68.15006,10.18461],[-68.15004,10.18452],[-68.15,10.18438],[-68.14999,10.18427],[-68.14999,10.18416],[-68.14999,10.18406],[-68.14998,10.18398],[-68.14995,10.18392],[-68.14992,10.18388],[-68.14983,10.18381],[-68.14975,10.18375],[-68.1497,10.18371],[-68.14959,10.18361],[-68.14941,10.18344],[-68.1492,10.18324],[-68.14907,10.1831],[-68.14872,10.18284],[-68.14849,10.18267],[-68.14838,10.18255],[-68.14833,10.18246],[-68.14829,10.18234],[-68.14824,10.18215],[-68.1482,10.1819],[-68.14814,10.1815],[-68.14809,10.18119],[-68.14802,10.18089],[-68.14794,10.18059],[-68.14795,10.18036],[-68.14794,10.18024],[-68.1479,10.18014],[-68.1478,10.1799],[-68.14765,10.17957],[-68.14761,10.17947],[-68.1476,10.17941],[-68.1476,10.17933],[-68.14761,10.17924],[-68.14761,10.17916],[-68.14758,10.17902],[-68.14754,10.1789],[-68.14747,10.17876],[-68.14735,10.17857],[-68.14731,10.17848],[-68.14729,10.17841],[-68.14728,10.17832],[-68.14728,10.17822],[-68.14729,10.17814],[-68.14733,10.17807],[-68.14739,10.178],[-68.14755,10.17786],[-68.14761,10.17781],[-68.14766,10.17777],[-68.14772,10.17766],[-68.14783,10.17749],[-68.14794,10.17736],[-68.14809,10.17726],[-68.14821,10.17719],[-68.14831,10.17713],[-68.14838,10.17705],[-68.14845,10.17694],[-68.14852,10.17682],[-68.14857,10.17675],[-68.14867,10.17666],[-68.14882,10.17651],[-68.14906,10.17626],[-68.14917,10.17612],[-68.14937,10.17588],[-68.14941,10.17568],[-68.14945,10.17556],[-68.14954,10.17534],[-68.14973,10.17502],[-68.14983,10.17481],[-68.14991,10.17461],[-68.14981,10.17436],[-68.14975,10.17422],[-68.14969,10.17405],[-68.14965,10.17398],[-68.14962,10.1739],[-68.14959,10.17382],[-68.14961,10.17375],[-68.14966,10.17368],[-68.14977,10.17358],[-68.14986,10.17332],[-68.14992,10.17317],[-68.14994,10.17308],[-68.14994,10.17298],[-68.14994,10.17291],[-68.14994,10.17282],[-68.14999,10.17272],[-68.1501,10.17262],[-68.15025,10.17247],[-68.1503,10.17241],[-68.15038,10.17232],[-68.15042,10.1722],[-68.15045,10.17207],[-68.15045,10.17201],[-68.15044,10.17194],[-68.15042,10.17187],[-68.15037,10.17178],[-68.15034,10.17165],[-68.1503,10.17149],[-68.15028,10.17131],[-68.15038,10.17127],[-68.1506,10.17114],[-68.15066,10.1711],[-68.15071,10.17104],[-68.15074,10.17097],[-68.15077,10.17088],[-68.15077,10.17078],[-68.15075,10.17047],[-68.15072,10.17009],[-68.15071,10.16989],[-68.15072,10.16981],[-68.15077,10.1697],[-68.15094,10.16945],[-68.15097,10.16937],[-68.15098,10.16931],[-68.15097,10.16923],[-68.15095,10.16915],[-68.15093,10.16909],[-68.15093,10.16899],[-68.15091,10.16883],[-68.15088,10.1687],[-68.15085,10.16858],[-68.15085,10.16853],[-68.15085,10.16848],[-68.15087,10.16842],[-68.15095,10.16835],[-68.15103,10.16827],[-68.15153,10.16783],[-68.15163,10.16774],[-68.15168,10.16762],[-68.15172,10.16752],[-68.15176,10.16742],[-68.15183,10.16736],[-68.15195,10.16732],[-68.15214,10.16728],[-68.15223,10.16728],[-68.15233,10.16728],[-68.15244,10.16726],[-68.15257,10.16719],[-68.15268,10.16711],[-68.15282,10.16698],[-68.15293,10.16686],[-68.15296,10.16681],[-68.15298,10.16672],[-68.15297,10.16662],[-68.15295,10.16639],[-68.15295,10.16628],[-68.15297,10.16617],[-68.15301,10.16607],[-68.15305,10.16596],[-68.15306,10.16582],[-68.15303,10.1657],[-68.15299,10.16552],[-68.15296,10.16528],[-68.15296,10.16495],[-68.15299,10.16483],[-68.15302,10.16471],[-68.15307,10.1646],[-68.15317,10.16448],[-68.15325,10.16441],[-68.15338,10.1643],[-68.15362,10.16412],[-68.1536,10.16399],[-68.15358,10.16389],[-68.15356,10.1638],[-68.15357,10.16371],[-68.15364,10.16362],[-68.15372,10.16353],[-68.15382,10.16342],[-68.15395,10.16318],[-68.15417,10.16278],[-68.15392,10.16234],[-68.15386,10.16208],[-68.15382,10.16197],[-68.15379,10.16188],[-68.15378,10.1618],[-68.15379,10.16174],[-68.15382,10.16169],[-68.15387,10.1616],[-68.15406,10.16138],[-68.1542,10.16122],[-68.15429,10.16115],[-68.15442,10.16109],[-68.15457,10.161],[-68.15485,10.16055],[-68.15499,10.16038],[-68.15513,10.16026],[-68.15532,10.16005],[-68.15541,10.15995],[-68.15546,10.15983],[-68.15558,10.1597],[-68.15572,10.15961],[-68.15581,10.15953],[-68.15587,10.15943],[-68.15591,10.15937],[-68.15598,10.1593],[-68.15603,10.15924],[-68.15611,10.15912],[-68.15617,10.15903],[-68.15621,10.15896],[-68.15629,10.15887],[-68.1564,10.1588],[-68.15649,10.15876],[-68.1566,10.15873],[-68.15669,10.15869],[-68.1568,10.15862],[-68.15694,10.15855],[-68.15692,10.1582],[-68.15696,10.15815],[-68.15707,10.15805],[-68.1572,10.15793],[-68.1573,10.15787],[-68.15736,10.15782],[-68.15743,10.15777],[-68.15757,10.15771],[-68.15787,10.15762],[-68.1582,10.15753],[-68.15831,10.15751],[-68.15842,10.1575],[-68.1586,10.15751],[-68.15862,10.15742],[-68.15865,10.15737],[-68.15868,10.15733],[-68.15873,10.15731],[-68.15881,10.15729],[-68.15889,10.15728],[-68.15897,10.15725],[-68.15904,10.1572],[-68.15917,10.15711],[-68.15935,10.157],[-68.15951,10.15692],[-68.15968,10.15684],[-68.1599,10.15676],[-68.16022,10.15668],[-68.16029,10.15642],[-68.16034,10.15627],[-68.16033,10.1561],[-68.16031,10.15588],[-68.16037,10.15583],[-68.16043,10.15579],[-68.16053,10.15576],[-68.16068,10.15571],[-68.16097,10.1556],[-68.16123,10.15552],[-68.1613,10.15536],[-68.16136,10.15526],[-68.16144,10.15518],[-68.16152,10.15508],[-68.16159,10.155],[-68.16169,10.15487],[-68.16178,10.15474],[-68.16183,10.15468],[-68.1619,10.15461],[-68.16196,10.15457],[-68.16208,10.15451],[-68.16218,10.15445],[-68.16231,10.15434],[-68.16238,10.15424],[-68.16241,10.15413],[-68.16246,10.154],[-68.16249,10.15394],[-68.16252,10.15392],[-68.16262,10.15388],[-68.16267,10.15386],[-68.16273,10.15381],[-68.16279,10.15372],[-68.16284,10.15361],[-68.16288,10.15353],[-68.16298,10.15341],[-68.16311,10.15329],[-68.16323,10.1532],[-68.16321,10.15314],[-68.16318,10.15308],[-68.16311,10.15295],[-68.16325,10.15274],[-68.16339,10.15249],[-68.16349,10.15232],[-68.16354,10.15223],[-68.16358,10.15217],[-68.1636,10.15209],[-68.16362,10.15198],[-68.16368,10.15183],[-68.16376,10.15168],[-68.16382,10.15158],[-68.16389,10.15146],[-68.16395,10.15127],[-68.16395,10.1511],[-68.16395,10.15104],[-68.16396,10.15097],[-68.16402,10.1509],[-68.16408,10.15085],[-68.16414,10.1508],[-68.16422,10.15074],[-68.16427,10.15068],[-68.16432,10.15057],[-68.16439,10.15044],[-68.16447,10.15034],[-68.16459,10.15024],[-68.16476,10.15012],[-68.16499,10.14998],[-68.16517,10.14986],[-68.16531,10.14977],[-68.16542,10.1497],[-68.1655,10.14965],[-68.16557,10.14957],[-68.16564,10.14951],[-68.16571,10.14948],[-68.16579,10.14945],[-68.16587,10.1494],[-68.16595,10.14935],[-68.16604,10.14927],[-68.16615,10.1492],[-68.16624,10.14915],[-68.16628,10.14912],[-68.16634,10.14904],[-68.16641,10.14894],[-68.16645,10.14885],[-68.1665,10.14873],[-68.16653,10.14865],[-68.16656,10.14857],[-68.1666,10.14844],[-68.16665,10.14828],[-68.16666,10.14822],[-68.16668,10.14814],[-68.16671,10.14807],[-68.16678,10.148],[-68.16686,10.14796],[-68.16703,10.1479],[-68.16726,10.14784],[-68.16753,10.14776],[-68.16771,10.1477],[-68.16792,10.14762],[-68.1681,10.14752],[-68.16822,10.14745],[-68.16831,10.14735],[-68.16838,10.14727],[-68.16843,10.14718],[-68.16845,10.14705],[-68.16848,10.14696],[-68.16855,10.14686],[-68.16863,10.14675],[-68.16868,10.14666],[-68.16871,10.14655],[-68.16871,10.14647],[-68.16867,10.1464],[-68.16858,10.1462],[-68.16856,10.14613],[-68.16855,10.14605],[-68.16856,10.14597],[-68.1686,10.14588],[-68.16869,10.14576],[-68.16874,10.14569],[-68.16877,10.14562],[-68.16877,10.14554],[-68.16876,10.14546],[-68.16874,10.14536],[-68.16873,10.14526],[-68.16875,10.14516],[-68.16882,10.14497],[-68.16889,10.1448],[-68.16897,10.1446],[-68.16905,10.1444],[-68.16917,10.14409],[-68.1693,10.14384],[-68.16944,10.14357],[-68.1695,10.14347],[-68.16965,10.14328],[-68.1698,10.14315],[-68.16985,10.14309],[-68.16991,10.143],[-68.16996,10.14288],[-68.17005,10.1427],[-68.17013,10.14252],[-68.1702,10.14236],[-68.17028,10.14224],[-68.17031,10.14214],[-68.17035,10.14201],[-68.1704,10.14186],[-68.17047,10.14169],[-68.17051,10.14158],[-68.17054,10.14147],[-68.17055,10.14134],[-68.17058,10.14109],[-68.17101,10.14084],[-68.17117,10.14075],[-68.17145,10.14062],[-68.17142,10.14037],[-68.17137,10.14012],[-68.17135,10.13996],[-68.17131,10.13984],[-68.17123,10.13971],[-68.17107,10.13942],[-68.17103,10.13932],[-68.17101,10.13928],[-68.17101,10.13922],[-68.17104,10.13916],[-68.17111,10.13909],[-68.17119,10.13902],[-68.17129,10.1389],[-68.17134,10.13881],[-68.17139,10.13873],[-68.17142,10.13857],[-68.17142,10.13836],[-68.17143,10.13829],[-68.17145,10.13822],[-68.17147,10.13811],[-68.17149,10.13801],[-68.17152,10.13787],[-68.17155,10.13777],[-68.17159,10.13769],[-68.17165,10.13761],[-68.17175,10.13754],[-68.17183,10.13749],[-68.1719,10.13744],[-68.17197,10.13736],[-68.17203,10.13727],[-68.17208,10.13716],[-68.17211,10.13708],[-68.17214,10.13697],[-68.1722,10.13686],[-68.1723,10.1367],[-68.17236,10.1366],[-68.17242,10.13653],[-68.17258,10.13642],[-68.17279,10.13622],[-68.17298,10.13603],[-68.17308,10.13582],[-68.17317,10.13564],[-68.17323,10.13547],[-68.17329,10.13528],[-68.17339,10.13502],[-68.17332,10.1348],[-68.17329,10.13467],[-68.17327,10.1345],[-68.17326,10.13434],[-68.17325,10.13416],[-68.17325,10.13393],[-68.17355,10.13372],[-68.17366,10.13365],[-68.17378,10.13355],[-68.17392,10.13343],[-68.17408,10.13329],[-68.17406,10.13292],[-68.17405,10.13285],[-68.17403,10.13276],[-68.17403,10.13268],[-68.17403,10.13263],[-68.17405,10.13257],[-68.17408,10.1325],[-68.17411,10.13236],[-68.17417,10.13208],[-68.17421,10.13189],[-68.17426,10.13176],[-68.17432,10.13162],[-68.17444,10.13156],[-68.17448,10.13152],[-68.17452,10.13146],[-68.17457,10.13136],[-68.17462,10.13126],[-68.17471,10.13116],[-68.17481,10.13106],[-68.17489,10.13101],[-68.17501,10.13097],[-68.1751,10.13095],[-68.17527,10.13088],[-68.17546,10.13078],[-68.17565,10.13068],[-68.1757,10.13064],[-68.17575,10.13057],[-68.17581,10.13046],[-68.17595,10.13022],[-68.17607,10.13011],[-68.17621,10.13002],[-68.17635,10.12995],[-68.17649,10.12991],[-68.17662,10.1299],[-68.17672,10.12989],[-68.17686,10.12992],[-68.17697,10.12998],[-68.17713,10.13007],[-68.17728,10.12984],[-68.17739,10.1297],[-68.17753,10.12952],[-68.1776,10.12943],[-68.17768,10.12936],[-68.17777,10.12932],[-68.1779,10.12931],[-68.17811,10.12932],[-68.17832,10.12904],[-68.17843,10.12892],[-68.17859,10.12874],[-68.17868,10.12864],[-68.17879,10.12852],[-68.17886,10.12843],[-68.17892,10.12834],[-68.17898,10.12825],[-68.17907,10.12821],[-68.17924,10.12816],[-68.17941,10.12812],[-68.17957,10.12809],[-68.17975,10.12807],[-68.18004,10.12807],[-68.17997,10.12775],[-68.17995,10.12767],[-68.17994,10.12759],[-68.17996,10.12755],[-68.18003,10.12747],[-68.18007,10.12739],[-68.18013,10.12729],[-68.18034,10.12687],[-68.18052,10.12658],[-68.18066,10.12638],[-68.1808,10.12623],[-68.18098,10.12604],[-68.181,10.12578],[-68.18101,10.12561],[-68.18105,10.12532],[-68.18109,10.12506],[-68.18112,10.12476],[-68.18114,10.12458],[-68.18113,10.12442],[-68.18113,10.12434],[-68.18114,10.12423],[-68.18116,10.12411],[-68.18121,10.12398],[-68.18126,10.12381],[-68.18133,10.12362],[-68.18136,10.12347],[-68.18137,10.12336],[-68.18136,10.12328],[-68.18134,10.1232],[-68.18134,10.12311],[-68.18136,10.12298],[-68.1814,10.12288],[-68.18147,10.12274],[-68.18153,10.12265],[-68.18159,10.12258],[-68.18173,10.1225],[-68.18183,10.12243],[-68.1819,10.12235],[-68.18201,10.12229],[-68.18212,10.12221],[-68.1822,10.12213],[-68.18229,10.122],[-68.18234,10.12182],[-68.18245,10.1216],[-68.18254,10.12143],[-68.18259,10.12136],[-68.18265,10.1213],[-68.18272,10.12126],[-68.18283,10.12119],[-68.18296,10.12108],[-68.18313,10.12093],[-68.18332,10.12075],[-68.18339,10.12067],[-68.18345,10.1206],[-68.18353,10.12054],[-68.18361,10.12049],[-68.18368,10.12043],[-68.18376,10.12033],[-68.18384,10.12025],[-68.18396,10.12019],[-68.18404,10.12016],[-68.18416,10.12015],[-68.18422,10.12012],[-68.1843,10.12007],[-68.18442,10.11993],[-68.18453,10.11981],[-68.18462,10.11972],[-68.18473,10.11961],[-68.18482,10.11951],[-68.18488,10.11943],[-68.18496,10.11936],[-68.18508,10.11931],[-68.18519,10.11927],[-68.18531,10.1192],[-68.18539,10.11913],[-68.18545,10.11907],[-68.18549,10.119],[-68.18554,10.11895],[-68.18562,10.1189],[-68.18574,10.11886],[-68.18585,10.11882],[-68.18592,10.11878],[-68.18603,10.11872],[-68.18615,10.11869],[-68.18626,10.11865],[-68.18639,10.11862],[-68.18649,10.11858],[-68.18657,10.11851],[-68.18669,10.11837],[-68.18689,10.1181],[-68.187,10.11793],[-68.18705,10.11784],[-68.18714,10.11774],[-68.18744,10.11751],[-68.18763,10.11738],[-68.18783,10.11721],[-68.18801,10.11705],[-68.18829,10.11684],[-68.18865,10.11661],[-68.19036,10.11495],[-68.19182,10.11455],[-68.19371,10.11453],[-68.19517,10.114],[-68.19587,10.11269],[-68.19708,10.1109],[-68.19826,10.11001],[-68.20182,10.10848],[-68.20199,10.10841],[-68.203,10.10845],[-68.20334,10.10773],[-68.20368,10.10663],[-68.20463,10.10619],[-68.20482,10.10541],[-68.20553,10.10539],[-68.20615,10.10471],[-68.2066,10.10342],[-68.2057,10.10317],[-68.20562,10.1026],[-68.20701,10.10222],[-68.2077,10.10201],[-68.20763,10.10133],[-68.20787,10.10122],[-68.20838,10.10148],[-68.20873,10.10093],[-68.20924,10.09989],[-68.20937,10.09922],[-68.20961,10.09882],[-68.20971,10.09789],[-68.20954,10.09729],[-68.20967,10.09658],[-68.20937,10.09575],[-68.20928,10.09503],[-68.20982,10.09459],[-68.20907,10.09345],[-68.20886,10.09225],[-68.20843,10.09201],[-68.20765,10.09233],[-68.2072,10.09237],[-68.20733,10.09184],[-68.20843,10.09062],[-68.20841,10.08992],[-68.20744,10.08984],[-68.20738,10.08922],[-68.20759,10.08825],[-68.20662,10.08785],[-68.20635,10.08715],[-68.2054,10.08646],[-68.20544,10.08527],[-68.20607,10.08523],[-68.20654,10.08491],[-68.20669,10.08426],[-68.20585,10.08405],[-68.20538,10.08369],[-68.20532,10.08308],[-68.20542,10.08225],[-68.20497,10.0823],[-68.20441,10.08219],[-68.20407,10.0821],[-68.20398,10.08122],[-68.20448,10.0809],[-68.20439,10.08037],[-68.20366,10.07991],[-68.20317,10.08003],[-68.20289,10.07957],[-68.20364,10.07904],[-68.20448,10.07919],[-68.20465,10.07813],[-68.20497,10.07722],[-68.20467,10.07659],[-68.20403,10.07616],[-68.20406,10.07606],[-68.20294,10.07409],[-68.20224,10.07314],[-68.20063,10.07037],[-68.19861,10.06887],[-68.19793,10.06719],[-68.19751,10.06591],[-68.19736,10.06552],[-68.19732,10.06538],[-68.19731,10.06525],[-68.19733,10.0651],[-68.19739,10.065],[-68.19745,10.06492],[-68.19747,10.06486],[-68.19748,10.0648],[-68.19747,10.06471],[-68.19743,10.06458],[-68.19726,10.06422],[-68.19721,10.06405],[-68.19719,10.06392],[-68.1972,10.0638],[-68.19724,10.0637],[-68.19731,10.06361],[-68.1974,10.06354],[-68.19749,10.06349],[-68.1976,10.06346],[-68.19772,10.06346],[-68.19799,10.06353],[-68.19836,10.06358],[-68.19857,10.06359],[-68.19877,10.06357],[-68.19891,10.06353],[-68.19899,10.0635],[-68.19908,10.06345],[-68.19915,10.06337],[-68.19922,10.06326],[-68.19923,10.06318],[-68.19923,10.06306],[-68.19917,10.06284],[-68.1991,10.06264],[-68.19905,10.06247],[-68.19893,10.06214],[-68.19885,10.06186],[-68.19883,10.06176],[-68.19883,10.06169],[-68.19887,10.06162],[-68.19893,10.06155],[-68.19903,10.06149],[-68.19915,10.06146],[-68.19927,10.06146],[-68.19939,10.06149],[-68.19953,10.06152],[-68.19964,10.06156],[-68.19979,10.06159],[-68.19998,10.06161],[-68.20011,10.06158],[-68.20031,10.06153],[-68.20042,10.06149],[-68.20056,10.06143],[-68.20065,10.06137],[-68.20075,10.06129],[-68.20079,10.06121],[-68.20081,10.06114],[-68.2008,10.06104],[-68.2008,10.06081],[-68.20085,10.06063],[-68.20087,10.06053],[-68.20087,10.06029],[-68.20085,10.05993],[-68.20081,10.05978],[-68.20078,10.05964],[-68.20062,10.05913],[-68.20052,10.05887],[-68.20037,10.05861],[-68.2002,10.05832],[-68.20011,10.05814],[-68.20005,10.05801],[-68.20004,10.0579],[-68.20004,10.05778],[-68.20008,10.05767],[-68.20016,10.05757],[-68.20024,10.05748],[-68.20034,10.05742],[-68.20041,10.0574],[-68.20049,10.0574],[-68.2006,10.05746],[-68.20119,10.05786],[-68.20158,10.05809],[-68.20185,10.05824],[-68.20217,10.05838],[-68.20145,10.05886],[-68.20168,10.05967],[-68.20251,10.06044],[-68.20321,10.06099],[-68.20502,10.06136],[-68.20593,10.06151],[-68.20665,10.06157],[-68.20687,10.06268],[-68.20697,10.06311],[-68.20659,10.06378],[-68.20639,10.0643],[-68.20633,10.06482],[-68.20644,10.06516],[-68.2066,10.06552],[-68.20683,10.06591],[-68.20708,10.06618],[-68.20743,10.06661],[-68.20778,10.06709],[-68.20803,10.06738],[-68.20843,10.06787],[-68.20983,10.06778],[-68.2102,10.06782],[-68.21061,10.06789],[-68.21113,10.06799],[-68.211,10.06873],[-68.21097,10.06914],[-68.21104,10.06952],[-68.21118,10.06972],[-68.21141,10.06996],[-68.21191,10.07048],[-68.21198,10.07187],[-68.21193,10.07227],[-68.21189,10.0727],[-68.21199,10.07307],[-68.21216,10.07348],[-68.21239,10.07383],[-68.21305,10.07459],[-68.21398,10.07466],[-68.21449,10.07467],[-68.21497,10.07463],[-68.21552,10.07524],[-68.21604,10.07592],[-68.21655,10.07648],[-68.21677,10.07663],[-68.2171,10.07679],[-68.21793,10.07698],[-68.21861,10.0773],[-68.21941,10.07783],[-68.21946,10.07857],[-68.21953,10.07899],[-68.21969,10.07942],[-68.21986,10.07975],[-68.22039,10.08103],[-68.22049,10.08099],[-68.22057,10.08094],[-68.22069,10.08083],[-68.22099,10.08049],[-68.2212,10.08037],[-68.22135,10.0803],[-68.22159,10.08026],[-68.2219,10.08023],[-68.22215,10.08021],[-68.22274,10.08019],[-68.22312,10.08019],[-68.22336,10.08022],[-68.22357,10.0803],[-68.22403,10.0805],[-68.2243,10.08065],[-68.22454,10.08083],[-68.22464,10.08082],[-68.22478,10.08078],[-68.22492,10.08073],[-68.22562,10.0804],[-68.22599,10.08058],[-68.22652,10.08049],[-68.22679,10.08043],[-68.22706,10.08038],[-68.22736,10.08038],[-68.22775,10.08044],[-68.22828,10.08046],[-68.22864,10.08046],[-68.22884,10.08046],[-68.22902,10.08046],[-68.22921,10.08041],[-68.22946,10.08033],[-68.22961,10.08029],[-68.22973,10.08029],[-68.22985,10.08031],[-68.22997,10.08035],[-68.23014,10.08046],[-68.23035,10.08062],[-68.23067,10.08083],[-68.23084,10.08098],[-68.23106,10.0812],[-68.2314,10.08155],[-68.23183,10.08143],[-68.23238,10.0812],[-68.23252,10.08116],[-68.2326,10.08137],[-68.23271,10.08161],[-68.23281,10.08178],[-68.23292,10.08198],[-68.23307,10.08217],[-68.23324,10.0824],[-68.2335,10.08269],[-68.23368,10.08306],[-68.23386,10.08339],[-68.234,10.08361],[-68.23424,10.08401],[-68.2344,10.08425],[-68.23451,10.08445],[-68.23457,10.08459],[-68.23461,10.08471],[-68.23464,10.08489],[-68.2347,10.08513],[-68.23476,10.08529],[-68.23488,10.08557],[-68.23523,10.08527],[-68.23544,10.0851],[-68.23561,10.085],[-68.23571,10.08493],[-68.23582,10.08483],[-68.2359,10.08472],[-68.23596,10.0846],[-68.23603,10.08446],[-68.23616,10.08423],[-68.23638,10.08383],[-68.23648,10.08368],[-68.23659,10.08366],[-68.23673,10.08363],[-68.23703,10.0836],[-68.23708,10.08342],[-68.23712,10.08335],[-68.23717,10.08327],[-68.23722,10.08324],[-68.23735,10.08318],[-68.23754,10.08314],[-68.23766,10.08311],[-68.23778,10.08306],[-68.23792,10.08299],[-68.2382,10.08282],[-68.23832,10.08275],[-68.23844,10.08269],[-68.23853,10.08266],[-68.2386,10.08261],[-68.23869,10.08252],[-68.23874,10.08244],[-68.23882,10.08238],[-68.23887,10.08235],[-68.23897,10.08231],[-68.23903,10.08227],[-68.23907,10.08222],[-68.23909,10.08214],[-68.23908,10.08208],[-68.23905,10.08203],[-68.23901,10.08198],[-68.23899,10.08194],[-68.23898,10.0819],[-68.23899,10.08183],[-68.239,10.08176],[-68.23905,10.08161],[-68.23913,10.08134],[-68.23916,10.08111],[-68.23924,10.08077],[-68.23933,10.08057],[-68.23943,10.08054],[-68.23964,10.0805],[-68.2397,10.08011],[-68.23976,10.07991],[-68.23985,10.07974],[-68.23992,10.07965],[-68.24006,10.07955],[-68.24022,10.07951],[-68.24042,10.07944],[-68.24071,10.0793],[-68.24103,10.07915],[-68.24132,10.07891],[-68.24152,10.07866],[-68.24175,10.07871],[-68.24195,10.07874],[-68.24217,10.07872],[-68.24235,10.07869],[-68.24255,10.07857],[-68.24272,10.07841],[-68.24287,10.07824],[-68.24305,10.07808],[-68.24321,10.07794],[-68.24335,10.07776],[-68.24347,10.07755],[-68.24357,10.07725],[-68.24364,10.07701],[-68.24376,10.07682],[-68.24388,10.07663],[-68.24408,10.07644],[-68.24424,10.07629],[-68.24442,10.07612],[-68.24457,10.07597],[-68.24476,10.07574],[-68.24511,10.07543],[-68.24522,10.07532],[-68.24534,10.07519],[-68.2454,10.07507],[-68.24544,10.07491],[-68.24726,10.07452],[-68.24769,10.07453],[-68.24785,10.0743],[-68.24807,10.07397],[-68.24822,10.07361],[-68.24852,10.07314],[-68.24882,10.07259],[-68.24872,10.07184],[-68.24904,10.07121],[-68.24934,10.07024],[-68.24961,10.06971],[-68.24998,10.06917],[-68.25047,10.06869],[-68.25106,10.06861],[-68.25168,10.06859],[-68.25231,10.0682],[-68.25248,10.06816],[-68.25265,10.06808],[-68.25287,10.06794],[-68.25317,10.06765],[-68.25339,10.06746],[-68.25372,10.06742],[-68.2545,10.06738],[-68.2547,10.0675],[-68.25501,10.06767],[-68.25533,10.06738],[-68.25556,10.0672],[-68.25607,10.06737],[-68.25621,10.06742],[-68.25636,10.06744],[-68.25652,10.06743],[-68.25685,10.06735],[-68.25724,10.06727],[-68.25758,10.06724],[-68.25778,10.0672],[-68.25807,10.06704],[-68.25837,10.06687],[-68.25869,10.06677],[-68.25902,10.06671],[-68.25932,10.06668],[-68.25993,10.06663],[-68.2605,10.06665],[-68.26082,10.06668],[-68.26099,10.06668],[-68.26117,10.06663],[-68.26133,10.06655],[-68.26152,10.06644],[-68.26168,10.06628],[-68.26184,10.06613],[-68.2621,10.06596],[-68.26232,10.0658],[-68.26248,10.06564],[-68.26269,10.06536],[-68.263,10.06488],[-68.26385,10.06363],[-68.26438,10.06411],[-68.26462,10.06429],[-68.26487,10.06443],[-68.26524,10.06464],[-68.26546,10.06474],[-68.26571,10.06481],[-68.26599,10.06488],[-68.26617,10.06489],[-68.2663,10.06488],[-68.26643,10.06484],[-68.26658,10.06476],[-68.26681,10.06462],[-68.26726,10.06434],[-68.26731,10.06431],[-68.26739,10.06427],[-68.26749,10.06427],[-68.26768,10.06429],[-68.26794,10.0643],[-68.26844,10.06429],[-68.2694,10.06419],[-68.26954,10.06418],[-68.26962,10.06421],[-68.26995,10.06442],[-68.27001,10.06446],[-68.27008,10.06447],[-68.27016,10.06446],[-68.27028,10.06443],[-68.27044,10.06439],[-68.27061,10.06437],[-68.27075,10.06439],[-68.27099,10.06444],[-68.27127,10.06454],[-68.2714,10.06459],[-68.27211,10.06518],[-68.27229,10.06518],[-68.27243,10.06515],[-68.27259,10.0651],[-68.27267,10.06504],[-68.27311,10.06466],[-68.27337,10.06448],[-68.27344,10.0644],[-68.2735,10.06427],[-68.27354,10.06413],[-68.27361,10.064],[-68.2737,10.06393],[-68.27382,10.06388],[-68.27392,10.06386],[-68.27506,10.06363],[-68.27521,10.06396],[-68.27528,10.06403],[-68.27538,10.06409],[-68.27571,10.06428],[-68.27595,10.06512],[-68.27616,10.0652],[-68.27629,10.06526],[-68.27681,10.0657],[-68.27687,10.06575],[-68.27706,10.066],[-68.27712,10.06608],[-68.27726,10.06615],[-68.27805,10.06645],[-68.27833,10.06656],[-68.27843,10.06661],[-68.27891,10.06709],[-68.27904,10.06724],[-68.27912,10.06737],[-68.27916,10.06752],[-68.27918,10.06771],[-68.27921,10.06834],[-68.2797,10.06842],[-68.27988,10.06843],[-68.28047,10.06843],[-68.28074,10.06833],[-68.28081,10.06832],[-68.28085,10.06831],[-68.28093,10.06831],[-68.28117,10.06831],[-68.28122,10.06832],[-68.28128,10.06835],[-68.2815,10.06848],[-68.28154,10.0685],[-68.28157,10.06854],[-68.28166,10.06865],[-68.28168,10.06867],[-68.28171,10.06867],[-68.28179,10.06868],[-68.28216,10.06871],[-68.28242,10.06874],[-68.28264,10.06879],[-68.2827,10.06881],[-68.28273,10.06882],[-68.28278,10.06886],[-68.28283,10.06894],[-68.28312,10.06927],[-68.28316,10.06935],[-68.28327,10.06954],[-68.28355,10.07013],[-68.2836,10.07019],[-68.28365,10.07023],[-68.2837,10.07027],[-68.28374,10.07031],[-68.28378,10.07036],[-68.28381,10.0704],[-68.28384,10.07048],[-68.28389,10.07068],[-68.28402,10.07121],[-68.28403,10.07128],[-68.28404,10.07142],[-68.28405,10.07195],[-68.2845,10.072],[-68.28498,10.07203],[-68.28515,10.07203],[-68.28526,10.07203],[-68.28575,10.07201],[-68.28598,10.07199],[-68.28621,10.07195],[-68.28639,10.07192],[-68.28659,10.07225],[-68.28673,10.07249],[-68.28679,10.0726],[-68.28686,10.0727],[-68.28721,10.07295],[-68.28762,10.07274],[-68.28796,10.07256],[-68.28829,10.07244],[-68.28877,10.07229],[-68.2888,10.07223],[-68.28884,10.07216],[-68.289,10.07196],[-68.28914,10.07181],[-68.28922,10.07185],[-68.2893,10.07188],[-68.28932,10.07185],[-68.28934,10.07182],[-68.28937,10.07162],[-68.28948,10.07113],[-68.28952,10.07097],[-68.28956,10.07083],[-68.28977,10.07031],[-68.28999,10.07029],[-68.29013,10.07028],[-68.29022,10.07026],[-68.29032,10.07023],[-68.29046,10.07019],[-68.29086,10.07006],[-68.29111,10.06998],[-68.29135,10.06992],[-68.29153,10.06988],[-68.292,10.0698],[-68.29208,10.06978],[-68.29224,10.06971],[-68.29283,10.06935],[-68.29242,10.0689],[-68.29219,10.06848],[-68.29213,10.06838],[-68.29206,10.06831],[-68.29196,10.06822],[-68.29188,10.06812],[-68.29178,10.06792],[-68.29165,10.0676],[-68.29154,10.06734],[-68.2915,10.06674],[-68.2915,10.06639],[-68.29147,10.06631],[-68.29142,10.06623],[-68.29135,10.06613],[-68.29122,10.06602],[-68.29118,10.06599],[-68.29117,10.06595],[-68.29116,10.06591],[-68.29117,10.06583],[-68.2912,10.06574],[-68.29127,10.06556],[-68.29133,10.06516],[-68.29136,10.06507],[-68.2914,10.06499],[-68.29148,10.06488],[-68.29154,10.06478],[-68.29172,10.06431],[-68.29164,10.06377],[-68.29159,10.06353],[-68.29158,10.06341],[-68.29159,10.06329],[-68.29163,10.06315],[-68.29166,10.06298],[-68.2919,10.06289],[-68.29237,10.06266],[-68.2924,10.0626],[-68.29246,10.06248],[-68.29259,10.06221],[-68.29273,10.06187],[-68.29279,10.06175],[-68.29297,10.06157],[-68.29365,10.06182],[-68.29374,10.06174],[-68.2939,10.06159],[-68.29406,10.06141],[-68.2947,10.06108],[-68.29479,10.06106],[-68.29501,10.06104],[-68.29527,10.061],[-68.29551,10.06069],[-68.29567,10.06067],[-68.29581,10.06063],[-68.29601,10.06056],[-68.29625,10.06044],[-68.29635,10.06038],[-68.29651,10.06028],[-68.29661,10.06017],[-68.29688,10.05981],[-68.29707,10.05964],[-68.29738,10.05973],[-68.29744,10.05974],[-68.29771,10.05975],[-68.29816,10.05974],[-68.29823,10.05973],[-68.29831,10.05971],[-68.29846,10.05966],[-68.29877,10.0595],[-68.29898,10.05954],[-68.29921,10.05958],[-68.29935,10.05959],[-68.2995,10.05949],[-68.29958,10.05941],[-68.29968,10.05927],[-68.29973,10.05918],[-68.29994,10.05883],[-68.30014,10.05885],[-68.30056,10.0589],[-68.3006,10.05893],[-68.30064,10.05894],[-68.30081,10.05896],[-68.30112,10.05898],[-68.30135,10.05898],[-68.30144,10.05885],[-68.3015,10.05876],[-68.30153,10.05869],[-68.30153,10.05862],[-68.30153,10.05854],[-68.30152,10.05848],[-68.30152,10.05845],[-68.30152,10.05841],[-68.30155,10.05837],[-68.3016,10.05833],[-68.30166,10.0583],[-68.30172,10.05827],[-68.30178,10.05822],[-68.3019,10.05812],[-68.30189,10.058],[-68.3019,10.05795],[-68.30191,10.05791],[-68.30193,10.05786],[-68.30196,10.05783],[-68.30201,10.05778],[-68.30206,10.05772],[-68.30211,10.05765],[-68.30216,10.05757],[-68.30221,10.05744],[-68.30231,10.05744],[-68.3025,10.05743],[-68.30335,10.05731],[-68.3034,10.0573],[-68.30345,10.05727],[-68.30349,10.05721],[-68.30369,10.0569],[-68.3038,10.05673],[-68.30393,10.05659],[-68.30395,10.05656],[-68.30397,10.05651],[-68.30397,10.05643],[-68.30397,10.05629],[-68.30398,10.0562],[-68.304,10.05614],[-68.30405,10.05607],[-68.30411,10.05599],[-68.30423,10.05586],[-68.30441,10.05571],[-68.30469,10.05578],[-68.30475,10.05578],[-68.30481,10.05577],[-68.30488,10.05573],[-68.30496,10.05569],[-68.30508,10.05559],[-68.30516,10.05553],[-68.3055,10.05535],[-68.30554,10.0552],[-68.30558,10.05502],[-68.30565,10.05484],[-68.30566,10.05479],[-68.30569,10.05475],[-68.30574,10.05471],[-68.30581,10.05469],[-68.30592,10.05467],[-68.30602,10.05465],[-68.30609,10.05462],[-68.30618,10.05457],[-68.30645,10.05433],[-68.30667,10.05417],[-68.3069,10.05404],[-68.30695,10.05392],[-68.30702,10.0537],[-68.30705,10.05359],[-68.30711,10.05353],[-68.30722,10.05346],[-68.30737,10.05339],[-68.30752,10.05328],[-68.30769,10.05314],[-68.308,10.05291],[-68.30827,10.05274],[-68.30854,10.05259],[-68.30866,10.05256],[-68.30885,10.05252],[-68.30906,10.05251],[-68.30939,10.05243],[-68.30944,10.0523],[-68.30949,10.05216],[-68.30952,10.05195],[-68.30974,10.05189],[-68.30985,10.05184],[-68.31014,10.05165],[-68.31033,10.05152],[-68.31048,10.05147],[-68.31115,10.05127],[-68.31118,10.05106],[-68.31123,10.05075],[-68.31128,10.0504],[-68.31181,10.04996],[-68.31218,10.04961],[-68.31316,10.04982],[-68.31333,10.04963],[-68.31345,10.0495],[-68.31357,10.04935],[-68.31377,10.04902],[-68.31388,10.04885],[-68.31395,10.0487],[-68.314,10.04856],[-68.31409,10.04793],[-68.31414,10.04758],[-68.3147,10.04726],[-68.31483,10.04719],[-68.31485,10.04692],[-68.31486,10.04616],[-68.31486,10.04597],[-68.31487,10.04589],[-68.31489,10.04578],[-68.31497,10.04567],[-68.31507,10.04558],[-68.31523,10.04544],[-68.31538,10.0453],[-68.31549,10.04516],[-68.31553,10.04509],[-68.31556,10.04499],[-68.31557,10.04481],[-68.31556,10.04451],[-68.31558,10.04429],[-68.31562,10.04419],[-68.31594,10.04375],[-68.31665,10.04362],[-68.31681,10.04333],[-68.31696,10.04312],[-68.3171,10.04298],[-68.31735,10.04279],[-68.31745,10.04272],[-68.31754,10.04265],[-68.31759,10.04258],[-68.31765,10.04246],[-68.31773,10.0423],[-68.31784,10.04208],[-68.31791,10.04199],[-68.31808,10.04185],[-68.31827,10.04174],[-68.31855,10.04165],[-68.31875,10.04158],[-68.31908,10.04148],[-68.31926,10.04142],[-68.31959,10.04121],[-68.32006,10.04083],[-68.32006,10.04055],[-68.32006,10.04034],[-68.32012,10.04016],[-68.3202,10.03992],[-68.32029,10.03957],[-68.32034,10.03909],[-68.3204,10.0387],[-68.32046,10.03826],[-68.32052,10.03788],[-68.32077,10.03709],[-68.32088,10.03686],[-68.32107,10.03657],[-68.32149,10.03611],[-68.3213,10.03532],[-68.32139,10.03521],[-68.32146,10.0351],[-68.32159,10.03497],[-68.32204,10.03452],[-68.32224,10.03432],[-68.32259,10.03407],[-68.3229,10.03386],[-68.32361,10.03352],[-68.32444,10.03312],[-68.32498,10.03325],[-68.3253,10.03333],[-68.32557,10.0334],[-68.32586,10.03341],[-68.32625,10.03341],[-68.32661,10.03338],[-68.32689,10.03334],[-68.32707,10.03313],[-68.32724,10.03291],[-68.32744,10.03271],[-68.32765,10.03256],[-68.32779,10.03248],[-68.32808,10.03235],[-68.32829,10.03227],[-68.32857,10.03223],[-68.32878,10.03236],[-68.32895,10.03248],[-68.3291,10.03268],[-68.32924,10.03284],[-68.32936,10.03294],[-68.32952,10.03302],[-68.32976,10.03306],[-68.32995,10.03306],[-68.33012,10.0331],[-68.33037,10.03311],[-68.33064,10.03308],[-68.33088,10.03303],[-68.33114,10.03296],[-68.33138,10.03282],[-68.33166,10.03272],[-68.33195,10.03265],[-68.33237,10.03259],[-68.33276,10.03252],[-68.33341,10.03234],[-68.33346,10.03212],[-68.33351,10.03202],[-68.33356,10.03194],[-68.33363,10.03186],[-68.33373,10.03176],[-68.33383,10.03166],[-68.33399,10.03154],[-68.33412,10.03146],[-68.33427,10.03139],[-68.33448,10.03131],[-68.33485,10.03115],[-68.33518,10.03105],[-68.33575,10.03099],[-68.33583,10.03086],[-68.33591,10.03074],[-68.336,10.03061],[-68.33614,10.03042],[-68.33635,10.03021],[-68.33647,10.0301],[-68.33663,10.02998],[-68.33684,10.02983],[-68.33713,10.0296],[-68.33726,10.02948],[-68.33741,10.02927],[-68.33751,10.02908],[-68.33763,10.02886],[-68.33813,10.02874],[-68.33846,10.02868],[-68.33864,10.02863],[-68.33891,10.0285],[-68.33913,10.02837],[-68.33931,10.02825],[-68.33957,10.02812],[-68.3398,10.02806],[-68.34023,10.02789],[-68.3407,10.02766],[-68.34082,10.02785],[-68.34092,10.02798],[-68.34106,10.02812],[-68.34112,10.02822],[-68.34116,10.02828],[-68.34118,10.02836],[-68.34118,10.02845],[-68.34115,10.02851],[-68.34109,10.02856],[-68.341,10.02859],[-68.34089,10.02859],[-68.34077,10.02856],[-68.34064,10.02853],[-68.34051,10.02851],[-68.3404,10.02851],[-68.3403,10.02853],[-68.3402,10.0286],[-68.34018,10.02865],[-68.34015,10.02874],[-68.34008,10.02914],[-68.34005,10.02927],[-68.34,10.02934],[-68.33994,10.0294],[-68.33986,10.02943],[-68.33977,10.02944],[-68.33956,10.02944],[-68.33941,10.02946],[-68.33925,10.02952],[-68.33915,10.02958],[-68.33908,10.02965],[-68.33903,10.02972],[-68.339,10.02978],[-68.33897,10.02988],[-68.33898,10.03003],[-68.33899,10.03014],[-68.33902,10.03025],[-68.33907,10.03037],[-68.33916,10.03052],[-68.33925,10.03065],[-68.33935,10.03074],[-68.33939,10.03081],[-68.33941,10.03086],[-68.33938,10.03096],[-68.33933,10.03108],[-68.33923,10.0312],[-68.33909,10.03131],[-68.33896,10.03142],[-68.3389,10.03152],[-68.33888,10.03164],[-68.33888,10.03173],[-68.3389,10.03189],[-68.33895,10.03215],[-68.33902,10.03232],[-68.33906,10.03242],[-68.3391,10.03249],[-68.33917,10.03256],[-68.33927,10.0326],[-68.3394,10.03263],[-68.33959,10.03263],[-68.33971,10.03263],[-68.33979,10.03266],[-68.33983,10.03272],[-68.33982,10.03281],[-68.33976,10.03292],[-68.33969,10.03302],[-68.33958,10.03311],[-68.33947,10.03315],[-68.33937,10.03316],[-68.33928,10.03315],[-68.33917,10.03314],[-68.33909,10.03315],[-68.33898,10.03318],[-68.33886,10.03326],[-68.33875,10.03337],[-68.33867,10.03347],[-68.33862,10.0336],[-68.3386,10.03372],[-68.33857,10.03386],[-68.33852,10.03395],[-68.33847,10.03399],[-68.33837,10.03402],[-68.33828,10.03405],[-68.33824,10.03409],[-68.3382,10.03416],[-68.33815,10.03426],[-68.3381,10.03438],[-68.33807,10.03446],[-68.33806,10.03454],[-68.33807,10.0346],[-68.3381,10.03465],[-68.33817,10.03472],[-68.33829,10.0348],[-68.33837,10.03488],[-68.33841,10.03495],[-68.33857,10.03525],[-68.33862,10.03535],[-68.33863,10.03542],[-68.33862,10.0355],[-68.33859,10.03558],[-68.3385,10.03568],[-68.33831,10.03582],[-68.33805,10.03599],[-68.33787,10.03609],[-68.33775,10.03615],[-68.33761,10.03619],[-68.33746,10.03623],[-68.33703,10.03634],[-68.33681,10.0364],[-68.33669,10.03646],[-68.33659,10.03653],[-68.33654,10.03663],[-68.33653,10.03671],[-68.33652,10.0369],[-68.33651,10.03714],[-68.3365,10.03735],[-68.33649,10.03746],[-68.33649,10.03757],[-68.33651,10.03765],[-68.33656,10.03771],[-68.33662,10.03774],[-68.33671,10.03774],[-68.33678,10.03773],[-68.33684,10.03771],[-68.33691,10.03771],[-68.33694,10.03772],[-68.33699,10.03777],[-68.33722,10.03807],[-68.33726,10.03816],[-68.33729,10.03822],[-68.3373,10.03826],[-68.33729,10.03831],[-68.33726,10.03835],[-68.33721,10.03838],[-68.33704,10.03847],[-68.33696,10.03852],[-68.33684,10.03858],[-68.33673,10.03861],[-68.33656,10.03864],[-68.3362,10.03867],[-68.33554,10.03868],[-68.3354,10.0387],[-68.33526,10.03875],[-68.33514,10.03884],[-68.33508,10.03893],[-68.33503,10.03911],[-68.33503,10.03926],[-68.33506,10.03938],[-68.33513,10.03949],[-68.33519,10.03961],[-68.33519,10.03968],[-68.33516,10.03973],[-68.33507,10.03979],[-68.33494,10.03982],[-68.33472,10.03986],[-68.33424,10.03996],[-68.33409,10.04001],[-68.33399,10.04006],[-68.33393,10.04016],[-68.3339,10.0403],[-68.33387,10.0405],[-68.33385,10.04062],[-68.3338,10.04071],[-68.33371,10.04085],[-68.33361,10.04092],[-68.33346,10.04097],[-68.3333,10.04099],[-68.33319,10.04098],[-68.33312,10.04095],[-68.33304,10.04089],[-68.33301,10.04082],[-68.33299,10.04073],[-68.33297,10.04062],[-68.33292,10.04054],[-68.33287,10.04049],[-68.33283,10.04047],[-68.33278,10.04047],[-68.33272,10.04048],[-68.33266,10.04051],[-68.3326,10.04058],[-68.33254,10.04073],[-68.33243,10.04104],[-68.33238,10.0413],[-68.33226,10.04165],[-68.33213,10.04192],[-68.33205,10.04205],[-68.33198,10.04213],[-68.33183,10.04223],[-68.33173,10.04235],[-68.33169,10.04247],[-68.33166,10.04259],[-68.33168,10.04271],[-68.33171,10.0428],[-68.33178,10.04287],[-68.33185,10.0429],[-68.33198,10.04297],[-68.33205,10.04304],[-68.33209,10.04312],[-68.33223,10.0434],[-68.33232,10.04352],[-68.33241,10.04365],[-68.33245,10.04374],[-68.33245,10.04384],[-68.33243,10.04392],[-68.33238,10.04399],[-68.33232,10.04407],[-68.33222,10.04418],[-68.33206,10.04437],[-68.332,10.04447],[-68.33198,10.04455],[-68.332,10.04463],[-68.33203,10.04469],[-68.33207,10.04474],[-68.33213,10.0448],[-68.3322,10.04483],[-68.33232,10.04485],[-68.33249,10.04488],[-68.33258,10.04489],[-68.33269,10.04495],[-68.33281,10.04503],[-68.33291,10.0451],[-68.33298,10.04518],[-68.333,10.04527],[-68.33298,10.04533],[-68.33294,10.04539],[-68.33287,10.04544],[-68.3327,10.04555],[-68.33259,10.04558],[-68.33243,10.04563],[-68.33236,10.04565],[-68.33232,10.04568],[-68.33231,10.04571],[-68.33233,10.04576],[-68.33235,10.04582],[-68.3324,10.04587],[-68.33248,10.04593],[-68.33256,10.04599],[-68.33261,10.04605],[-68.33264,10.04612],[-68.33265,10.04622],[-68.33268,10.04659],[-68.33269,10.04689],[-68.33269,10.04709],[-68.33268,10.0472],[-68.33269,10.04727],[-68.33273,10.04733],[-68.33277,10.04736],[-68.33282,10.0474],[-68.33287,10.04746],[-68.33293,10.04756],[-68.33298,10.04759],[-68.33306,10.04761],[-68.33312,10.04762],[-68.33317,10.04766],[-68.33319,10.04772],[-68.33317,10.04778],[-68.33313,10.04785],[-68.3331,10.04793],[-68.33307,10.04802],[-68.33308,10.04813],[-68.33311,10.04833],[-68.33312,10.04846],[-68.33309,10.04857],[-68.33304,10.04868],[-68.33298,10.04872],[-68.33288,10.04873],[-68.33278,10.04871],[-68.33267,10.04866],[-68.3325,10.04856],[-68.3323,10.04847],[-68.33223,10.04846],[-68.33213,10.04848],[-68.33206,10.04852],[-68.33198,10.0486],[-68.33192,10.04868],[-68.3319,10.04874],[-68.3319,10.04882],[-68.33191,10.04889],[-68.33194,10.04908],[-68.33195,10.04918],[-68.33193,10.04927],[-68.33187,10.04936],[-68.3318,10.0494],[-68.33171,10.04942],[-68.33159,10.04942],[-68.33145,10.0494],[-68.3313,10.04937],[-68.3312,10.04937],[-68.33112,10.04938],[-68.33103,10.04944],[-68.33096,10.04952],[-68.33092,10.04963],[-68.33089,10.04976],[-68.33084,10.04989],[-68.33079,10.04999],[-68.33061,10.05028],[-68.33036,10.0506],[-68.33018,10.05081],[-68.33006,10.05093],[-68.32999,10.05097],[-68.32992,10.051],[-68.32987,10.05103],[-68.32982,10.05107],[-68.3298,10.05114],[-68.32977,10.05121],[-68.32973,10.05126],[-68.3296,10.05134],[-68.32948,10.05139],[-68.32934,10.05147],[-68.32926,10.05155],[-68.32913,10.05169],[-68.32905,10.0518],[-68.329,10.05187],[-68.32898,10.05196],[-68.329,10.05202],[-68.32904,10.05205],[-68.32915,10.05208],[-68.3293,10.05212],[-68.32938,10.05216],[-68.32946,10.05221],[-68.32952,10.0523],[-68.32955,10.0524],[-68.32955,10.05248],[-68.32952,10.05255],[-68.32946,10.05261],[-68.32935,10.05269],[-68.32923,10.05277],[-68.32913,10.05281],[-68.32892,10.05287],[-68.32881,10.05293],[-68.32874,10.05299],[-68.32872,10.05304],[-68.32869,10.0531],[-68.32864,10.05317],[-68.32854,10.05327],[-68.32848,10.05332],[-68.32842,10.0534],[-68.32841,10.05345],[-68.32841,10.0535],[-68.32844,10.05354],[-68.32847,10.05357],[-68.32856,10.0536],[-68.32864,10.05362],[-68.3287,10.05364],[-68.32873,10.0537],[-68.32874,10.05375],[-68.32875,10.05383],[-68.32877,10.05405],[-68.32877,10.05415],[-68.32875,10.05425],[-68.32869,10.05435],[-68.32861,10.05444],[-68.32847,10.05454],[-68.32837,10.05457],[-68.32829,10.05459],[-68.32818,10.05462],[-68.32802,10.05469],[-68.32789,10.05478],[-68.3277,10.05495],[-68.32761,10.05502],[-68.32755,10.05506],[-68.32748,10.05508],[-68.32733,10.05512],[-68.32718,10.05517],[-68.32708,10.05521],[-68.32699,10.05525],[-68.32693,10.0553],[-68.32688,10.05537],[-68.32687,10.05546],[-68.32687,10.05553],[-68.32686,10.0556],[-68.32682,10.05579],[-68.32673,10.05607],[-68.32665,10.0563],[-68.32659,10.05644],[-68.32652,10.05653],[-68.32645,10.05658],[-68.32636,10.05663],[-68.32629,10.05669],[-68.32626,10.05676],[-68.32626,10.05683],[-68.32629,10.0569],[-68.32634,10.05696],[-68.32643,10.057],[-68.32654,10.05701],[-68.3266,10.05702],[-68.32664,10.05707],[-68.32665,10.05713],[-68.32663,10.05721],[-68.32659,10.05729],[-68.32655,10.05742],[-68.32651,10.05767],[-68.32648,10.05787],[-68.32645,10.05824],[-68.32645,10.05837],[-68.32647,10.0586],[-68.3265,10.05894],[-68.3265,10.05914],[-68.32648,10.05933],[-68.32645,10.05945],[-68.32642,10.05953],[-68.32637,10.05968],[-68.32636,10.05974],[-68.32639,10.0598],[-68.32644,10.05983],[-68.32656,10.05984],[-68.32671,10.05987],[-68.32688,10.0599],[-68.32694,10.05992],[-68.32699,10.05996],[-68.32701,10.06002],[-68.32701,10.06009],[-68.32697,10.06015],[-68.3269,10.06022],[-68.32679,10.06031],[-68.32669,10.06038],[-68.32659,10.06042],[-68.32651,10.06043],[-68.32643,10.06043],[-68.32636,10.06044],[-68.32632,10.06048],[-68.32628,10.06055],[-68.32627,10.06063],[-68.32627,10.06078],[-68.32625,10.06087],[-68.32622,10.06096],[-68.3262,10.06105],[-68.32617,10.06118],[-68.32618,10.06136],[-68.32619,10.06146],[-68.32619,10.06154],[-68.32617,10.06161],[-68.32612,10.06167],[-68.32607,10.06172],[-68.326,10.06176],[-68.32588,10.06183],[-68.3257,10.06189],[-68.3255,10.06196],[-68.32537,10.06198],[-68.32524,10.062],[-68.325,10.062],[-68.32495,10.06201],[-68.32489,10.06204],[-68.32486,10.06208],[-68.32484,10.06214],[-68.32482,10.06225],[-68.32482,10.0624],[-68.32484,10.06259],[-68.32484,10.06269],[-68.32481,10.06279],[-68.32477,10.06286],[-68.32472,10.06292],[-68.32477,10.06303],[-68.32482,10.06315],[-68.32493,10.0633],[-68.32508,10.06352],[-68.32515,10.06361],[-68.32521,10.06367],[-68.32526,10.06371],[-68.3253,10.06376],[-68.32532,10.06381],[-68.32532,10.06387],[-68.32529,10.06391],[-68.32525,10.06396],[-68.32521,10.06399],[-68.32517,10.06402],[-68.32511,10.06406],[-68.32495,10.06411],[-68.32481,10.06417],[-68.32458,10.06424],[-68.32449,10.0643],[-68.32444,10.06433],[-68.32442,10.06438],[-68.32441,10.06443],[-68.32441,10.06449],[-68.32442,10.06455],[-68.32448,10.06465],[-68.32449,10.06471],[-68.32451,10.06477],[-68.32451,10.06483],[-68.32451,10.06489],[-68.32451,10.06495],[-68.32453,10.06501],[-68.32455,10.06506],[-68.32456,10.06507],[-68.3246,10.06511],[-68.32466,10.06513],[-68.32471,10.06514],[-68.32477,10.06515],[-68.32482,10.06513],[-68.32488,10.06513],[-68.32494,10.06514],[-68.32499,10.06516],[-68.32504,10.0652],[-68.32507,10.06524],[-68.32519,10.06547],[-68.32523,10.06552],[-68.32528,10.06555],[-68.32533,10.06558],[-68.32545,10.06562],[-68.3255,10.06565],[-68.32554,10.06569],[-68.32559,10.06579],[-68.3256,10.06585],[-68.3256,10.0659],[-68.32559,10.06596],[-68.32559,10.06601],[-68.32562,10.06606],[-68.32568,10.06609],[-68.32573,10.06611],[-68.3258,10.06611],[-68.32586,10.06608],[-68.32595,10.06602],[-68.32603,10.06595],[-68.32607,10.06591],[-68.32617,10.06584],[-68.32622,10.06581],[-68.32633,10.06579],[-68.32639,10.06579],[-68.32644,10.06581],[-68.3265,10.06585],[-68.32653,10.0659],[-68.32654,10.06596],[-68.32654,10.06601],[-68.32653,10.06607],[-68.32651,10.06612],[-68.32651,10.06618],[-68.32653,10.06624],[-68.32655,10.0663],[-68.32658,10.06636],[-68.3266,10.06641],[-68.32662,10.06647],[-68.32664,10.06653],[-68.32667,10.06658],[-68.32668,10.06663],[-68.32669,10.06669],[-68.32668,10.06675],[-68.32666,10.0668],[-68.32664,10.06686],[-68.32661,10.0669],[-68.32657,10.06694],[-68.32644,10.06704],[-68.32633,10.0671],[-68.32626,10.06719],[-68.32622,10.06724],[-68.32615,10.06732],[-68.3261,10.06735],[-68.32605,10.06737],[-68.326,10.06738],[-68.32595,10.06737],[-68.32588,10.06736],[-68.32583,10.06734],[-68.32579,10.06731],[-68.32573,10.06728],[-68.32569,10.06726],[-68.32564,10.06726],[-68.32559,10.0673],[-68.32556,10.06734],[-68.32554,10.06739],[-68.32553,10.06745],[-68.32552,10.0675],[-68.32551,10.06756],[-68.32549,10.06767],[-68.32549,10.06773],[-68.32551,10.06778],[-68.32555,10.06782],[-68.3256,10.06784],[-68.32566,10.06787],[-68.32583,10.06793],[-68.32595,10.06799],[-68.32605,10.06807],[-68.3261,10.06811],[-68.32617,10.06821],[-68.32623,10.06831],[-68.32625,10.06836],[-68.32626,10.06842],[-68.32626,10.06848],[-68.32625,10.06854],[-68.32624,10.06859],[-68.32621,10.06866],[-68.32618,10.06872],[-68.32606,10.06879],[-68.32589,10.06886],[-68.32568,10.06892],[-68.32549,10.06899],[-68.32541,10.06904],[-68.32537,10.06911],[-68.32538,10.06919],[-68.32543,10.06927],[-68.32553,10.06932],[-68.32574,10.0694],[-68.32599,10.06949],[-68.3261,10.06954],[-68.32617,10.06961],[-68.3262,10.06968],[-68.32619,10.06979],[-68.32614,10.06992],[-68.32603,10.0701],[-68.3259,10.07023],[-68.32584,10.07031],[-68.3258,10.07037],[-68.3258,10.07045],[-68.32585,10.07055],[-68.32591,10.07063],[-68.32595,10.07072],[-68.32595,10.07079],[-68.32594,10.07086],[-68.32594,10.07097],[-68.32597,10.07104],[-68.32601,10.07109],[-68.32608,10.07114],[-68.32618,10.07122],[-68.32625,10.07129],[-68.32636,10.07143],[-68.32641,10.07152],[-68.32643,10.07161],[-68.32643,10.07168],[-68.32641,10.07176],[-68.32639,10.07182],[-68.3264,10.07192],[-68.32644,10.07203],[-68.32648,10.07209],[-68.32654,10.07213],[-68.3266,10.07215],[-68.32671,10.07215],[-68.32683,10.07213],[-68.32692,10.07211],[-68.32699,10.07211],[-68.32705,10.07213],[-68.3271,10.07216],[-68.32715,10.07221],[-68.32721,10.07227],[-68.32732,10.07233],[-68.32748,10.07237],[-68.32762,10.0724],[-68.32783,10.07244],[-68.32797,10.07252],[-68.32806,10.07258],[-68.32813,10.07267],[-68.32821,10.07279],[-68.32824,10.07292],[-68.32825,10.07312],[-68.32824,10.07332],[-68.32821,10.07348],[-68.32817,10.07374],[-68.32813,10.07392],[-68.32808,10.07403],[-68.328,10.07415],[-68.32794,10.07424],[-68.32789,10.07434],[-68.32787,10.07443],[-68.32787,10.0745],[-68.32791,10.07455],[-68.32798,10.07459],[-68.32808,10.07462],[-68.32821,10.07465],[-68.32832,10.07465],[-68.32844,10.07463],[-68.32857,10.0746],[-68.3287,10.07457],[-68.32883,10.07451],[-68.32894,10.07448],[-68.32904,10.07448],[-68.32913,10.07452],[-68.3292,10.07457],[-68.32928,10.07467],[-68.32934,10.07477],[-68.32938,10.0749],[-68.32942,10.075],[-68.32947,10.07507],[-68.32952,10.0751],[-68.32959,10.07513],[-68.32966,10.07513],[-68.32975,10.07511],[-68.32983,10.0751],[-68.3299,10.07511],[-68.33,10.07515],[-68.33018,10.07528],[-68.33031,10.07539],[-68.3304,10.07549],[-68.33044,10.07557],[-68.33044,10.07566],[-68.33041,10.07574],[-68.33036,10.07583],[-68.33034,10.07591],[-68.33036,10.07598],[-68.3304,10.07603],[-68.33051,10.0761],[-68.33069,10.07619],[-68.33101,10.07637],[-68.33137,10.0766],[-68.3315,10.07672],[-68.33156,10.07679],[-68.33159,10.07689],[-68.3316,10.07698],[-68.33162,10.07709],[-68.33166,10.07719],[-68.33173,10.07729],[-68.33182,10.07737],[-68.3319,10.07747],[-68.33194,10.07756],[-68.33195,10.07767],[-68.33194,10.0778],[-68.33191,10.07787],[-68.33179,10.07797],[-68.33167,10.07806],[-68.33158,10.07815],[-68.33154,10.07822],[-68.3315,10.07833],[-68.33147,10.07846],[-68.33146,10.07865],[-68.33147,10.07877],[-68.3315,10.07891],[-68.33153,10.07903],[-68.33154,10.07912],[-68.33153,10.07919],[-68.3315,10.07926],[-68.33142,10.07933],[-68.33128,10.07943],[-68.33115,10.07949],[-68.33103,10.07955],[-68.33096,10.0796],[-68.33088,10.07968],[-68.33083,10.07975],[-68.33081,10.07985],[-68.33082,10.07992],[-68.33087,10.08017],[-68.33088,10.0803],[-68.33088,10.0804],[-68.33084,10.08046],[-68.3308,10.08052],[-68.33067,10.08068],[-68.33064,10.08077],[-68.33063,10.08083],[-68.33063,10.08089],[-68.33065,10.08095],[-68.33067,10.08104],[-68.3307,10.08115],[-68.33071,10.08123],[-68.33069,10.08131],[-68.33063,10.08142],[-68.33055,10.08149],[-68.33046,10.08152],[-68.3304,10.08152],[-68.33032,10.08148],[-68.33022,10.08141],[-68.33014,10.08135],[-68.33005,10.08131],[-68.32993,10.0813],[-68.32982,10.08133],[-68.3297,10.08136],[-68.32952,10.08138],[-68.32943,10.08136],[-68.32937,10.08131],[-68.32935,10.08126],[-68.32933,10.08118],[-68.32932,10.08109],[-68.3293,10.08102],[-68.32926,10.08097],[-68.32919,10.08092],[-68.32909,10.08089],[-68.32892,10.08087],[-68.32845,10.08086],[-68.3282,10.08089],[-68.32798,10.08094],[-68.32783,10.081],[-68.32773,10.08107],[-68.32755,10.08122],[-68.32745,10.08132],[-68.3274,10.0814],[-68.32738,10.0815],[-68.32739,10.08164],[-68.32741,10.08174],[-68.32746,10.08183],[-68.32752,10.0819],[-68.32768,10.08205],[-68.32772,10.0821],[-68.32776,10.0822],[-68.32774,10.08232],[-68.32767,10.0824],[-68.32757,10.08244],[-68.32746,10.08247],[-68.32737,10.08252],[-68.3273,10.0826],[-68.32726,10.08269],[-68.32725,10.08282],[-68.32725,10.08292],[-68.32721,10.08307],[-68.32719,10.08315],[-68.32714,10.08325],[-68.3271,10.08336],[-68.32704,10.08341],[-68.32697,10.08341],[-68.3269,10.08339],[-68.32684,10.08332],[-68.3268,10.08321],[-68.32678,10.08305],[-68.32676,10.08283],[-68.32673,10.08267],[-68.3267,10.08259],[-68.32661,10.08249],[-68.32655,10.08245],[-68.32648,10.08245],[-68.3264,10.08248],[-68.32635,10.08255],[-68.32631,10.08266],[-68.32628,10.08279],[-68.3262,10.08293],[-68.32611,10.0831],[-68.32601,10.08327],[-68.32592,10.08345],[-68.32585,10.08354],[-68.32572,10.08366],[-68.32564,10.08372],[-68.32551,10.08379],[-68.32541,10.08382],[-68.32533,10.08382],[-68.32526,10.0838],[-68.32519,10.08373],[-68.32513,10.08366],[-68.32507,10.08362],[-68.32501,10.08359],[-68.32492,10.08357],[-68.32481,10.08359],[-68.32474,10.08362],[-68.32467,10.08367],[-68.32458,10.08373],[-68.32447,10.08378],[-68.32437,10.0838],[-68.32425,10.08387],[-68.32417,10.08392],[-68.32409,10.084],[-68.32402,10.08412],[-68.32395,10.08425],[-68.32391,10.08437],[-68.3239,10.08447],[-68.3239,10.08458],[-68.32394,10.08491],[-68.32398,10.08512],[-68.324,10.08526],[-68.32401,10.08532],[-68.32398,10.08541],[-68.32393,10.08548],[-68.32386,10.08554],[-68.32373,10.08562],[-68.32367,10.08567],[-68.32364,10.0857],[-68.3236,10.08576],[-68.32357,10.08585],[-68.32356,10.08602],[-68.32356,10.08613],[-68.32355,10.08621],[-68.3235,10.08633],[-68.32344,10.08642],[-68.32336,10.08649],[-68.32323,10.08658],[-68.32274,10.08685],[-68.32259,10.08693],[-68.32252,10.08702],[-68.32248,10.08712],[-68.32248,10.08718],[-68.32252,10.08722],[-68.3226,10.08727],[-68.32277,10.08731],[-68.3229,10.08734],[-68.32307,10.08743],[-68.32317,10.08752],[-68.32323,10.08761],[-68.32326,10.08773],[-68.3233,10.08789],[-68.32332,10.08823],[-68.32334,10.0885],[-68.32336,10.08872],[-68.32339,10.08887],[-68.32342,10.08903],[-68.32348,10.08915],[-68.3236,10.08932],[-68.32366,10.08939],[-68.32368,10.08948],[-68.32369,10.08961],[-68.32366,10.08973],[-68.32349,10.08996],[-68.32341,10.09011],[-68.32335,10.09023],[-68.32331,10.09032],[-68.3233,10.09045],[-68.32334,10.09061],[-68.32337,10.09073],[-68.32335,10.09085],[-68.3233,10.09092],[-68.32323,10.09102],[-68.32315,10.09117],[-68.32311,10.09128],[-68.32306,10.09153],[-68.32305,10.09173],[-68.32304,10.09188],[-68.323,10.09198],[-68.32296,10.09206],[-68.32286,10.09218],[-68.32278,10.09225],[-68.3227,10.09231],[-68.32256,10.09241],[-68.32247,10.09249],[-68.32241,10.09262],[-68.32241,10.09273],[-68.32242,10.09289],[-68.32248,10.09331],[-68.32249,10.09346],[-68.32249,10.09361],[-68.32246,10.0937],[-68.3224,10.09379],[-68.32231,10.09386],[-68.32216,10.09393],[-68.32203,10.09395],[-68.32193,10.09395],[-68.3218,10.09391],[-68.32171,10.09387],[-68.3216,10.09384],[-68.32149,10.09384],[-68.32138,10.09386],[-68.32129,10.09391],[-68.32122,10.09404],[-68.32119,10.09417],[-68.3212,10.09425],[-68.32123,10.09435],[-68.3213,10.09444],[-68.32137,10.09454],[-68.32141,10.09461],[-68.32143,10.0947],[-68.32142,10.09481],[-68.32136,10.09491],[-68.32132,10.09498],[-68.32119,10.09509],[-68.32111,10.09513],[-68.32099,10.09519],[-68.32087,10.09527],[-68.32077,10.09537],[-68.32067,10.0955],[-68.32059,10.09562],[-68.32052,10.09572],[-68.3204,10.09585],[-68.32025,10.09601],[-68.32012,10.09623],[-68.32006,10.09636],[-68.32003,10.09646],[-68.32004,10.09658],[-68.32007,10.09665],[-68.32017,10.09675],[-68.32037,10.09693],[-68.32069,10.09723],[-68.32075,10.09731],[-68.32076,10.09739],[-68.32072,10.09747],[-68.32068,10.09751],[-68.32057,10.09752],[-68.3205,10.09752],[-68.32039,10.09749],[-68.32029,10.09743],[-68.32021,10.09737],[-68.3201,10.09724],[-68.32001,10.09714],[-68.31989,10.09706],[-68.31981,10.09703],[-68.31972,10.09703],[-68.31963,10.09705],[-68.31957,10.09711],[-68.31952,10.09717],[-68.31948,10.09729],[-68.31946,10.09738],[-68.31946,10.0975],[-68.31951,10.09764],[-68.31959,10.09781],[-68.31961,10.09789],[-68.31961,10.09797],[-68.31958,10.09805],[-68.31952,10.0981],[-68.31941,10.09813],[-68.31931,10.09814],[-68.31919,10.09814],[-68.31904,10.09811],[-68.31889,10.09806],[-68.31877,10.09802],[-68.31856,10.09799],[-68.31843,10.09802],[-68.31831,10.09809],[-68.31824,10.09819],[-68.3182,10.09831],[-68.31818,10.09853],[-68.31821,10.09877],[-68.31826,10.09899],[-68.31829,10.09916],[-68.31832,10.09935],[-68.31832,10.09944],[-68.31829,10.09953],[-68.31823,10.09963],[-68.3181,10.0998],[-68.31804,10.09988],[-68.31801,10.09995],[-68.318,10.10005],[-68.31803,10.10017],[-68.31807,10.10029],[-68.31808,10.10035],[-68.31807,10.10043],[-68.31804,10.10049],[-68.31798,10.10054],[-68.31791,10.10056],[-68.31781,10.10057],[-68.3177,10.10055],[-68.31762,10.10052],[-68.31751,10.10044],[-68.31737,10.10032],[-68.31725,10.10025],[-68.31718,10.10023],[-68.31711,10.10025],[-68.31704,10.1003],[-68.31697,10.10035],[-68.31685,10.10042],[-68.31668,10.10053],[-68.31653,10.10062],[-68.31635,10.10076],[-68.31621,10.10088],[-68.31612,10.10101],[-68.31595,10.10135],[-68.3158,10.10163],[-68.31569,10.10179],[-68.31554,10.10192],[-68.31543,10.10199],[-68.31529,10.10213],[-68.3152,10.1023],[-68.3151,10.10253],[-68.31501,10.10275],[-68.31494,10.10287],[-68.31489,10.10295],[-68.31474,10.10306],[-68.31458,10.10313],[-68.31444,10.10316],[-68.31432,10.10316],[-68.31419,10.10314],[-68.31402,10.10308],[-68.31383,10.103],[-68.31361,10.10293],[-68.31344,10.1029],[-68.31326,10.1029],[-68.31304,10.10291],[-68.31292,10.10292],[-68.31282,10.10291],[-68.31273,10.10289],[-68.31265,10.10284],[-68.31254,10.10278],[-68.31244,10.10275],[-68.31234,10.10276],[-68.31228,10.10281],[-68.31225,10.10287],[-68.31223,10.10298],[-68.31223,10.10313],[-68.31227,10.10326],[-68.3123,10.1034],[-68.31231,10.1035],[-68.3123,10.10361],[-68.31227,10.10372],[-68.31223,10.10382],[-68.31214,10.10397],[-68.31201,10.10408],[-68.31189,10.10417],[-68.31174,10.10426],[-68.31153,10.1044],[-68.31141,10.10447],[-68.31131,10.10451],[-68.31123,10.10453],[-68.31114,10.10457],[-68.31107,10.10462],[-68.31102,10.10469],[-68.311,10.1048],[-68.31098,10.10493],[-68.31097,10.10504],[-68.31094,10.10514],[-68.31091,10.10523],[-68.31089,10.10534],[-68.31089,10.10548],[-68.3109,10.10557],[-68.31094,10.10566],[-68.31104,10.10579],[-68.31109,10.10587],[-68.31113,10.10593],[-68.31114,10.10601],[-68.31112,10.10606],[-68.3111,10.10613],[-68.31108,10.1062],[-68.31109,10.10627],[-68.31111,10.10634],[-68.31111,10.10639],[-68.3111,10.10647],[-68.31106,10.10655],[-68.31101,10.10661],[-68.31093,10.10668],[-68.31086,10.1067],[-68.31081,10.10669],[-68.31076,10.10667],[-68.3107,10.10663],[-68.3106,10.1066],[-68.31046,10.10658],[-68.31037,10.10658],[-68.31026,10.10662],[-68.3101,10.10671],[-68.31003,10.10673],[-68.30987,10.10678],[-68.30977,10.10682],[-68.30971,10.10688],[-68.30965,10.10699],[-68.30965,10.10708],[-68.30963,10.10719],[-68.30959,10.10724],[-68.30951,10.1073],[-68.30944,10.10731],[-68.30934,10.1073],[-68.30919,10.10726],[-68.30907,10.10724],[-68.30896,10.10724],[-68.30887,10.10729],[-68.30883,10.10736],[-68.30879,10.10746],[-68.30875,10.10764],[-68.30871,10.1078],[-68.30867,10.10795],[-68.30863,10.10817],[-68.30859,10.10834],[-68.30855,10.10853],[-68.30855,10.10867],[-68.30855,10.10883],[-68.30856,10.10909],[-68.30857,10.10928],[-68.30855,10.10943],[-68.30852,10.10968],[-68.30849,10.10987],[-68.30848,10.10999],[-68.3085,10.11018],[-68.30854,10.11033],[-68.30862,10.11049],[-68.30872,10.11061],[-68.30876,10.11068],[-68.30881,10.11079],[-68.30882,10.11089],[-68.30881,10.11105],[-68.30876,10.11116],[-68.30866,10.11128],[-68.30858,10.11134],[-68.30836,10.11148],[-68.30809,10.11163],[-68.308,10.11168],[-68.30794,10.11177],[-68.30794,10.11187],[-68.30797,10.11194],[-68.30802,10.11201],[-68.30809,10.11207],[-68.3082,10.11214],[-68.30827,10.1122],[-68.30831,10.11227],[-68.30835,10.11235],[-68.30839,10.11252],[-68.30843,10.1127],[-68.30844,10.11282],[-68.30845,10.11291],[-68.30842,10.11298],[-68.30837,10.11302],[-68.30829,10.11306],[-68.3082,10.11308],[-68.30811,10.11307],[-68.30801,10.11302],[-68.30787,10.11293],[-68.30778,10.11287],[-68.30772,10.11286],[-68.30766,10.11286],[-68.3076,10.11289],[-68.30755,10.11293],[-68.30748,10.11302],[-68.30738,10.11315],[-68.30733,10.11326],[-68.30729,10.11338],[-68.30731,10.11353],[-68.30734,10.11363],[-68.30736,10.11382],[-68.30736,10.11396],[-68.30732,10.11415],[-68.30728,10.11439],[-68.30726,10.11457],[-68.30725,10.11478],[-68.30725,10.11493],[-68.30721,10.11507],[-68.30717,10.11519],[-68.3071,10.11528],[-68.307,10.11541],[-68.3069,10.11552],[-68.30682,10.11564],[-68.30671,10.11581],[-68.30667,10.11592],[-68.30665,10.11605],[-68.30659,10.1164],[-68.30656,10.11657],[-68.30655,10.11669],[-68.30653,10.11678],[-68.30651,10.11689],[-68.30646,10.117],[-68.3064,10.11714],[-68.30627,10.1174],[-68.30612,10.11768],[-68.30604,10.11787],[-68.30601,10.11796],[-68.30596,10.11803],[-68.30588,10.11809],[-68.30579,10.11812],[-68.30572,10.11816],[-68.30568,10.11822],[-68.30567,10.11829],[-68.30568,10.11836],[-68.30571,10.11842],[-68.30581,10.11857],[-68.30589,10.11869],[-68.30593,10.11879],[-68.30597,10.11892],[-68.30603,10.11906],[-68.30613,10.11934],[-68.30615,10.11948],[-68.30614,10.11961],[-68.30611,10.11972],[-68.30601,10.11983],[-68.30588,10.11997],[-68.30576,10.12009],[-68.3057,10.12018],[-68.30566,10.12024],[-68.30564,10.12033],[-68.30567,10.12044],[-68.3057,10.12054],[-68.30575,10.12063],[-68.30585,10.12075],[-68.306,10.1209],[-68.30618,10.12107],[-68.30629,10.12127],[-68.30634,10.12139],[-68.30637,10.12151],[-68.30637,10.12164],[-68.30634,10.12184],[-68.30622,10.12235],[-68.30612,10.1227],[-68.30609,10.12288],[-68.30607,10.12296],[-68.30604,10.12304],[-68.30598,10.12314],[-68.30588,10.12327],[-68.30579,10.1234],[-68.30573,10.12357],[-68.3057,10.12366],[-68.3057,10.12373],[-68.30572,10.1238],[-68.30583,10.12392],[-68.30598,10.12408],[-68.30615,10.12425],[-68.30637,10.12449],[-68.30643,10.12457],[-68.3065,10.12462],[-68.30657,10.12465],[-68.30664,10.12467],[-68.3068,10.12468],[-68.30697,10.12467],[-68.30708,10.12466],[-68.30715,10.12467],[-68.30722,10.12468],[-68.30726,10.12473],[-68.30728,10.1248],[-68.30726,10.12486],[-68.30724,10.12495],[-68.30717,10.12513],[-68.30712,10.12524],[-68.30706,10.12537],[-68.30701,10.1255],[-68.30693,10.12568],[-68.30687,10.12584],[-68.30687,10.12599],[-68.30688,10.12611],[-68.3069,10.12622],[-68.30696,10.12631],[-68.30702,10.1264],[-68.30707,10.12652],[-68.30704,10.12662],[-68.30699,10.12672],[-68.3069,10.12682],[-68.30672,10.12697],[-68.3065,10.12716],[-68.30638,10.12725],[-68.30622,10.12734],[-68.30607,10.12739],[-68.30591,10.1274],[-68.30575,10.12744],[-68.30558,10.12749],[-68.30549,10.12753],[-68.30539,10.12759],[-68.30528,10.12767],[-68.30523,10.12774],[-68.30518,10.12784],[-68.30516,10.12795],[-68.30518,10.12807],[-68.30518,10.12821],[-68.30512,10.12833],[-68.305,10.1285],[-68.30493,10.12861],[-68.30487,10.12876],[-68.30486,10.12895],[-68.30489,10.12924],[-68.3049,10.12935],[-68.30489,10.12948],[-68.30486,10.12956],[-68.30479,10.12963],[-68.3047,10.12968],[-68.30461,10.12969],[-68.30453,10.12968],[-68.30442,10.12964],[-68.30431,10.12963],[-68.30421,10.12966],[-68.30416,10.12971],[-68.30412,10.1298],[-68.30413,10.12988],[-68.30416,10.12996],[-68.30423,10.13006],[-68.30431,10.13017],[-68.30436,10.13027],[-68.30439,10.13038],[-68.3044,10.1305],[-68.30438,10.13062],[-68.30434,10.13069],[-68.30424,10.13076],[-68.30405,10.13083],[-68.30389,10.13086],[-68.30381,10.13086],[-68.30374,10.13083],[-68.30369,10.13078],[-68.30364,10.13068],[-68.30361,10.13058],[-68.30354,10.1305],[-68.30344,10.13047],[-68.30333,10.13047],[-68.30325,10.13047],[-68.30314,10.13044],[-68.30305,10.13039],[-68.30301,10.13034],[-68.30296,10.13028],[-68.30291,10.13024],[-68.30283,10.1302],[-68.30273,10.13021],[-68.30268,10.13025],[-68.30263,10.13034],[-68.3026,10.13044],[-68.3026,10.13062],[-68.30261,10.13094],[-68.30264,10.13137],[-68.3027,10.13168],[-68.30275,10.13183],[-68.30286,10.132],[-68.30295,10.13215],[-68.30299,10.13229],[-68.30303,10.13249],[-68.30304,10.13259],[-68.30302,10.13269],[-68.30295,10.13286],[-68.30287,10.133],[-68.30284,10.13309],[-68.30279,10.13315],[-68.3027,10.13319],[-68.30261,10.13319],[-68.3025,10.13317],[-68.30237,10.13308],[-68.30226,10.133],[-68.3022,10.13296],[-68.30214,10.13296],[-68.30206,10.13298],[-68.30198,10.13303],[-68.30189,10.13308],[-68.30182,10.13314],[-68.30177,10.13323],[-68.30173,10.13335],[-68.30171,10.13348],[-68.30167,10.13359],[-68.30157,10.13373],[-68.30147,10.13387],[-68.30141,10.13397],[-68.30138,10.13408],[-68.30141,10.1342],[-68.30147,10.1343],[-68.30158,10.13439],[-68.3018,10.13468],[-68.30183,10.13474],[-68.30185,10.13487],[-68.30185,10.13499],[-68.30188,10.13513],[-68.30196,10.13527],[-68.30206,10.1355],[-68.30212,10.1357],[-68.30218,10.13582],[-68.30231,10.13602],[-68.30239,10.13618],[-68.30252,10.13659],[-68.30257,10.13671],[-68.3026,10.13683],[-68.30266,10.13693],[-68.30277,10.13702],[-68.30289,10.13706],[-68.30301,10.13708],[-68.30316,10.13708],[-68.30336,10.13702],[-68.3035,10.137],[-68.3036,10.137],[-68.30372,10.13703],[-68.30393,10.13712],[-68.30412,10.13722],[-68.30427,10.13731],[-68.30446,10.13749],[-68.30461,10.13766],[-68.30467,10.13777],[-68.30474,10.13789],[-68.30475,10.13801],[-68.30473,10.1381],[-68.30468,10.13818],[-68.30464,10.13824],[-68.30459,10.1383],[-68.30455,10.13837],[-68.30453,10.13843],[-68.30455,10.13849],[-68.30458,10.13853],[-68.30464,10.13855],[-68.30475,10.13856],[-68.30486,10.13854],[-68.30499,10.13849],[-68.30514,10.13842],[-68.30535,10.13833],[-68.30557,10.13825],[-68.30575,10.13816],[-68.30592,10.13809],[-68.30605,10.13807],[-68.30616,10.13808],[-68.30624,10.13812],[-68.30633,10.13817],[-68.30639,10.13822],[-68.30643,10.13831],[-68.30646,10.13841],[-68.30647,10.13856],[-68.30645,10.13872],[-68.3064,10.13887],[-68.30631,10.13912],[-68.30622,10.13939],[-68.30617,10.13953],[-68.30616,10.13968],[-68.30618,10.1399],[-68.30621,10.14016],[-68.30623,10.14031],[-68.30626,10.1404],[-68.30635,10.14052],[-68.30647,10.14062],[-68.30658,10.14072],[-68.30668,10.14083],[-68.30685,10.14108],[-68.30713,10.14143],[-68.30741,10.1417],[-68.30757,10.14186],[-68.30767,10.14198],[-68.3077,10.14209],[-68.30771,10.14218],[-68.30769,10.14226],[-68.30764,10.14235],[-68.30755,10.14245],[-68.30748,10.14252],[-68.3074,10.14264],[-68.30737,10.14274],[-68.30735,10.14289],[-68.30735,10.14303],[-68.30736,10.14323],[-68.30734,10.14334],[-68.30732,10.14346],[-68.30725,10.14357],[-68.30714,10.14368],[-68.30702,10.14377],[-68.30688,10.14386],[-68.3068,10.14395],[-68.30674,10.14405],[-68.30671,10.14414],[-68.3067,10.14422],[-68.3067,10.14433],[-68.30675,10.14449],[-68.3069,10.14476],[-68.30698,10.14487],[-68.30703,10.14498],[-68.30705,10.14505],[-68.30703,10.14512],[-68.307,10.14517],[-68.30694,10.14521],[-68.30684,10.14523],[-68.30674,10.14522],[-68.30664,10.14522],[-68.30658,10.14522],[-68.30651,10.14524],[-68.30645,10.14528],[-68.3064,10.14537],[-68.3064,10.14552],[-68.30644,10.14568],[-68.30651,10.14578],[-68.30662,10.14588],[-68.30669,10.1459],[-68.30675,10.14591],[-68.30687,10.14588],[-68.30699,10.14579],[-68.30708,10.14565],[-68.3072,10.14551],[-68.30728,10.14545],[-68.30741,10.14541],[-68.30752,10.14541],[-68.3076,10.14543],[-68.30769,10.14546],[-68.30781,10.14547],[-68.30797,10.14546],[-68.30811,10.14542],[-68.30821,10.14538],[-68.30831,10.14536],[-68.30839,10.14536],[-68.30846,10.14537],[-68.3085,10.14542],[-68.30852,10.14548],[-68.30855,10.14556],[-68.3086,10.14564],[-68.30866,10.1457],[-68.30872,10.14574],[-68.3088,10.14578],[-68.3089,10.14585],[-68.30896,10.14593],[-68.30899,10.14599],[-68.30901,10.14607],[-68.309,10.14614],[-68.30897,10.14622],[-68.30886,10.1464],[-68.30879,10.14652],[-68.30872,10.14664],[-68.30865,10.14678],[-68.30863,10.14691],[-68.30862,10.147],[-68.30866,10.1471],[-68.30872,10.14715],[-68.30878,10.14717],[-68.30886,10.14718],[-68.30898,10.14718],[-68.30911,10.1472],[-68.30924,10.14723],[-68.30933,10.1473],[-68.30939,10.14739],[-68.30946,10.14749],[-68.30948,10.14757],[-68.30951,10.14774],[-68.30953,10.148],[-68.30958,10.14831],[-68.30959,10.14847],[-68.30957,10.14858],[-68.30953,10.14868],[-68.30945,10.14876],[-68.30934,10.14887],[-68.30915,10.149],[-68.30898,10.14911],[-68.30881,10.14922],[-68.30863,10.1493],[-68.30845,10.14935],[-68.30829,10.14939],[-68.30822,10.14943],[-68.30813,10.14948],[-68.30805,10.14955],[-68.30785,10.14971],[-68.30766,10.14984],[-68.30746,10.14998],[-68.3073,10.15006],[-68.30716,10.15012],[-68.30701,10.15018],[-68.30691,10.15024],[-68.30683,10.1503],[-68.30677,10.1504],[-68.30672,10.15047],[-68.30665,10.15052],[-68.30657,10.15057],[-68.30649,10.1506],[-68.30625,10.15064],[-68.30604,10.15068],[-68.3059,10.15068],[-68.30585,10.15067],[-68.30581,10.15065],[-68.30574,10.15059],[-68.30568,10.15055],[-68.3056,10.15053],[-68.30553,10.15053],[-68.30544,10.15054],[-68.30524,10.15063],[-68.30506,10.15071],[-68.30489,10.15076],[-68.30475,10.15078],[-68.30458,10.15078],[-68.30444,10.15077],[-68.30434,10.15077],[-68.30424,10.15079],[-68.30412,10.15082],[-68.30395,10.15091],[-68.30384,10.15099],[-68.30377,10.15107],[-68.30375,10.15114],[-68.30373,10.15121],[-68.30374,10.15128],[-68.30376,10.15136],[-68.30383,10.15148],[-68.3039,10.15156],[-68.30393,10.15162],[-68.30394,10.15172],[-68.30393,10.15181],[-68.30391,10.15193],[-68.3039,10.15216],[-68.30389,10.15244],[-68.30389,10.15262],[-68.3037,10.15271],[-68.30356,10.15279],[-68.3034,10.15286],[-68.30332,10.15287],[-68.30326,10.15285],[-68.3032,10.15281],[-68.30314,10.15279],[-68.30308,10.15278],[-68.30302,10.15279],[-68.30297,10.15278],[-68.30289,10.15273],[-68.30281,10.15265],[-68.30275,10.15257],[-68.30266,10.15247],[-68.30261,10.15239],[-68.30253,10.15231],[-68.30249,10.15225],[-68.30246,10.15217],[-68.30245,10.15207],[-68.30245,10.15196],[-68.30244,10.15186],[-68.3024,10.15179],[-68.30233,10.15174],[-68.30226,10.15171],[-68.30219,10.15172],[-68.30214,10.15175],[-68.30209,10.15178],[-68.30204,10.15185],[-68.30199,10.15194],[-68.30193,10.15204],[-68.30185,10.15214],[-68.30174,10.15227],[-68.30152,10.15253],[-68.30135,10.15273],[-68.30123,10.15283],[-68.30111,10.15288],[-68.30096,10.15293],[-68.30082,10.15294],[-68.30057,10.15291],[-68.30038,10.15287],[-68.30022,10.15281],[-68.30012,10.15278],[-68.30005,10.15276],[-68.29997,10.15278],[-68.29987,10.15287],[-68.29977,10.15301],[-68.29965,10.15319],[-68.29955,10.15333],[-68.29948,10.15342],[-68.29944,10.15351],[-68.29941,10.15363],[-68.2994,10.15379],[-68.29935,10.15395],[-68.2993,10.1541],[-68.29928,10.15416],[-68.29926,10.15423],[-68.29924,10.15431],[-68.29926,10.15441],[-68.29929,10.1545],[-68.29932,10.1546],[-68.29932,10.15469],[-68.29929,10.15477],[-68.29924,10.15487],[-68.29915,10.15505],[-68.29897,10.15545],[-68.29878,10.15585],[-68.29871,10.15602],[-68.29868,10.15611],[-68.29863,10.1562],[-68.29856,10.15629],[-68.29847,10.15636],[-68.29838,10.15642],[-68.29809,10.15658],[-68.29773,10.15681],[-68.29761,10.15687],[-68.29744,10.15694],[-68.29733,10.15699],[-68.29724,10.15707],[-68.29716,10.15718],[-68.29709,10.15729],[-68.29697,10.15749],[-68.29677,10.1578],[-68.29666,10.15794],[-68.29654,10.15805],[-68.29645,10.15814],[-68.29637,10.15827],[-68.29603,10.15884],[-68.2959,10.15903],[-68.29565,10.1594],[-68.29549,10.15962],[-68.29527,10.15999],[-68.29506,10.1603],[-68.29496,10.16042],[-68.29488,10.16049],[-68.29483,10.16054],[-68.2948,10.16057],[-68.29478,10.16062],[-68.29477,10.16067],[-68.29478,10.16072],[-68.2948,10.16079],[-68.2948,10.16085],[-68.29479,10.1609],[-68.29476,10.16098],[-68.29472,10.16103],[-68.29468,10.16106],[-68.29465,10.16107],[-68.29462,10.16107],[-68.29459,10.16106],[-68.29457,10.16104],[-68.29457,10.161],[-68.29456,10.16095],[-68.29455,10.16093],[-68.29454,10.16091],[-68.29451,10.1609],[-68.29448,10.16092],[-68.29444,10.16095],[-68.29441,10.16099],[-68.29435,10.16105],[-68.29425,10.16112],[-68.29418,10.16117],[-68.29412,10.16119],[-68.29406,10.16121],[-68.29401,10.16122],[-68.29382,10.16121],[-68.2937,10.1612],[-68.29361,10.16121],[-68.29354,10.16122],[-68.29347,10.16124],[-68.29338,10.16127],[-68.2933,10.16129],[-68.29322,10.16131],[-68.29315,10.16131],[-68.2931,10.16131],[-68.293,10.16129],[-68.29291,10.16128],[-68.29279,10.1613],[-68.29259,10.16134],[-68.29252,10.16135],[-68.29245,10.16135],[-68.29233,10.16134],[-68.29226,10.16134],[-68.2922,10.16136],[-68.29208,10.16138],[-68.29195,10.1614],[-68.29188,10.1614],[-68.29181,10.16139],[-68.29177,10.16137],[-68.29173,10.16134],[-68.29168,10.1613],[-68.29165,10.16128],[-68.2916,10.16126],[-68.29153,10.16126],[-68.29146,10.16127],[-68.29142,10.16129],[-68.29138,10.16132],[-68.29135,10.16134],[-68.29131,10.16137],[-68.2912,10.16142],[-68.29113,10.16146],[-68.29104,10.16148],[-68.29098,10.16149],[-68.29091,10.16149],[-68.29085,10.16148],[-68.29076,10.16145],[-68.2907,10.16142],[-68.29064,10.16138],[-68.29058,10.16132],[-68.29054,10.16127],[-68.2905,10.16123],[-68.29046,10.16122],[-68.2904,10.16122],[-68.29032,10.16124],[-68.29028,10.16127],[-68.29024,10.16132],[-68.2902,10.16136],[-68.29015,10.16139],[-68.2901,10.16141],[-68.29002,10.16143],[-68.28987,10.16146],[-68.2898,10.16147],[-68.28975,10.16147],[-68.28969,10.16145],[-68.28965,10.16142],[-68.28954,10.16131],[-68.28947,10.16126],[-68.28941,10.16124],[-68.28934,10.16123],[-68.28923,10.16122],[-68.2892,10.16122],[-68.28916,10.16124],[-68.28914,10.16126],[-68.28913,10.1613],[-68.28912,10.16134],[-68.28912,10.16139],[-68.28913,10.16142],[-68.28914,10.16145],[-68.28918,10.16154],[-68.28919,10.16158],[-68.28921,10.16165],[-68.28921,10.16173],[-68.2892,10.16185],[-68.28915,10.16205],[-68.2891,10.16225],[-68.28907,10.16233],[-68.28905,10.16238],[-68.28903,10.16241],[-68.28899,10.16244],[-68.28885,10.16256],[-68.28879,10.16262],[-68.28874,10.16268],[-68.28866,10.16286],[-68.28862,10.16293],[-68.28857,10.16299],[-68.28851,10.16303],[-68.28845,10.16306],[-68.28832,10.16309],[-68.28823,10.16314],[-68.28817,10.16317],[-68.28813,10.16321],[-68.28808,10.16326],[-68.28805,10.16331],[-68.28804,10.16336],[-68.28802,10.16341],[-68.28799,10.16344],[-68.28795,10.16346],[-68.28791,10.16347],[-68.28786,10.16346],[-68.28783,10.16345],[-68.28781,10.16342],[-68.28779,10.1634],[-68.28779,10.16336],[-68.28781,10.16334],[-68.28783,10.16331],[-68.28783,10.16327],[-68.28781,10.16324],[-68.28778,10.16323],[-68.28772,10.16321],[-68.28767,10.16321],[-68.2876,10.16322],[-68.28753,10.16326],[-68.28747,10.16331],[-68.28743,10.16336],[-68.28739,10.16341],[-68.28733,10.16346],[-68.28728,10.16349],[-68.28725,10.1635],[-68.2872,10.16349],[-68.28713,10.16349],[-68.28707,10.16348],[-68.28703,10.16345],[-68.28695,10.1634],[-68.28686,10.16334],[-68.28676,10.16329],[-68.28662,10.16322],[-68.2865,10.16314],[-68.28638,10.16307],[-68.28627,10.16299],[-68.28617,10.1629],[-68.28609,10.16278],[-68.286,10.16266],[-68.28593,10.16258],[-68.28586,10.16253],[-68.28579,10.1625],[-68.28571,10.16249],[-68.28563,10.16249],[-68.28557,10.16248],[-68.28546,10.16244],[-68.28536,10.16239],[-68.28526,10.16231],[-68.2852,10.16221],[-68.28513,10.16209],[-68.28488,10.16171],[-68.28477,10.16152],[-68.28465,10.16132],[-68.28453,10.16112],[-68.28443,10.16098],[-68.28432,10.16085],[-68.28425,10.16081],[-68.28419,10.16079],[-68.28413,10.16079],[-68.28406,10.16082],[-68.28397,10.16088],[-68.28389,10.16092],[-68.28384,10.16095],[-68.28378,10.16096],[-68.28372,10.16097],[-68.28368,10.16098],[-68.28365,10.16099],[-68.28362,10.16102],[-68.2836,10.16107],[-68.28359,10.16116],[-68.28358,10.16123],[-68.28357,10.16127],[-68.28353,10.16133],[-68.28347,10.16136],[-68.28337,10.1614],[-68.28319,10.16146],[-68.28289,10.16151],[-68.28268,10.16155],[-68.28252,10.16161],[-68.28244,10.16166],[-68.28222,10.16183],[-68.28192,10.16212],[-68.28181,10.1622],[-68.28168,10.16225],[-68.2815,10.16227],[-68.28132,10.16229],[-68.28125,10.1623],[-68.28118,10.16234],[-68.28113,10.1624],[-68.28112,10.16246],[-68.28113,10.16253],[-68.28114,10.1626],[-68.28114,10.16267],[-68.28111,10.16273],[-68.28107,10.16278],[-68.28101,10.16283],[-68.28087,10.16292],[-68.28076,10.163],[-68.28066,10.16308],[-68.28055,10.16319],[-68.28046,10.16335],[-68.28039,10.16346],[-68.28035,10.16353],[-68.28029,10.16362],[-68.28022,10.16369],[-68.28007,10.16385],[-68.27992,10.16397],[-68.27979,10.16407],[-68.2797,10.16417],[-68.27961,10.16428],[-68.27952,10.16436],[-68.2794,10.16447],[-68.27932,10.16457],[-68.27922,10.1647],[-68.27903,10.165],[-68.27894,10.16513],[-68.27889,10.16524],[-68.27884,10.16533],[-68.27882,10.16545],[-68.27882,10.16553],[-68.27882,10.16561],[-68.27881,10.16574],[-68.27878,10.16587],[-68.27875,10.16607],[-68.27871,10.16629],[-68.27869,10.1664],[-68.27865,10.1665],[-68.2786,10.16657],[-68.27854,10.16665],[-68.27852,10.16673],[-68.27846,10.1669],[-68.27835,10.16725],[-68.27826,10.16744],[-68.27819,10.16758],[-68.27802,10.16779],[-68.27794,10.16791],[-68.27788,10.16804],[-68.27783,10.16817],[-68.27777,10.16834],[-68.27771,10.16847],[-68.27765,10.16859],[-68.27758,10.16869],[-68.27751,10.16874],[-68.27745,10.1688],[-68.27741,10.16887],[-68.27736,10.16894],[-68.2773,10.169],[-68.27723,10.16905],[-68.27711,10.16911],[-68.27704,10.16916],[-68.27699,10.16922],[-68.27693,10.16932],[-68.27689,10.16937],[-68.27683,10.1694],[-68.27676,10.16941],[-68.27669,10.16942],[-68.27666,10.16942],[-68.27662,10.16943],[-68.27659,10.16946],[-68.27656,10.16951],[-68.27655,10.16958],[-68.27654,10.16966],[-68.2765,10.16974],[-68.27643,10.16986],[-68.27639,10.16991],[-68.27635,10.16995],[-68.27629,10.17],[-68.27624,10.17002],[-68.27618,10.17005],[-68.27608,10.17012],[-68.27593,10.1702],[-68.27625,10.17094],[-68.27623,10.17084],[-68.27616,10.1707],[-68.27609,10.17059],[-68.27602,10.17046],[-68.27599,10.17035],[-68.27597,10.17028],[-68.27593,10.1702],[-68.27625,10.17122],[-68.27624,10.17156],[-68.27625,10.17178],[-68.27625,10.172],[-68.27624,10.17214],[-68.27622,10.17236],[-68.27622,10.17247],[-68.27623,10.17257],[-68.27626,10.17267],[-68.2763,10.17279],[-68.27631,10.1729],[-68.27635,10.17312],[-68.2765,10.17423],[-68.27649,10.17433],[-68.2765,10.17443],[-68.27652,10.17454],[-68.27659,10.17462],[-68.27669,10.17466],[-68.27679,10.17471],[-68.277,10.17477],[-68.27709,10.17481],[-68.27719,10.17487],[-68.27729,10.17491],[-68.27741,10.17495],[-68.27752,10.17499],[-68.27784,10.17512],[-68.27807,10.17518],[-68.27818,10.17522],[-68.27827,10.17526],[-68.27837,10.17532],[-68.27855,10.17545],[-68.27863,10.17553],[-68.27872,10.17559],[-68.27878,10.17569],[-68.27887,10.17578],[-68.27893,10.17587],[-68.27901,10.17593],[-68.27911,10.17595],[-68.27922,10.17595],[-68.27944,10.17593],[-68.27957,10.17593],[-68.27955,10.17603],[-68.27952,10.17611],[-68.27947,10.17621],[-68.27944,10.17631],[-68.27944,10.17638],[-68.27947,10.1767],[-68.27949,10.17682],[-68.27954,10.17692],[-68.27965,10.17712],[-68.27975,10.1773],[-68.2798,10.17742],[-68.27982,10.17754],[-68.27981,10.17766],[-68.27977,10.17795],[-68.27973,10.17803],[-68.27966,10.1781],[-68.27954,10.17819],[-68.27938,10.17833],[-68.27921,10.1785],[-68.27912,10.17863],[-68.27901,10.17878],[-68.27893,10.17888],[-68.27882,10.17898],[-68.27852,10.1792],[-68.27819,10.17945],[-68.27798,10.17964],[-68.27788,10.17972],[-68.27777,10.17976],[-68.27764,10.1798],[-68.27743,10.17986],[-68.27728,10.17994],[-68.27719,10.18002],[-68.27713,10.1801],[-68.27704,10.18024],[-68.27687,10.18054],[-68.27672,10.18083],[-68.27667,10.18103],[-68.27665,10.18117],[-68.27663,10.1814],[-68.27663,10.18156],[-68.27663,10.18166],[-68.27659,10.18175],[-68.27641,10.18215],[-68.27632,10.18229],[-68.27623,10.18236],[-68.27616,10.1824],[-68.27605,10.18248],[-68.27597,10.18257],[-68.27591,10.18266],[-68.27587,10.18278],[-68.2758,10.18303],[-68.27561,10.18339],[-68.27535,10.18376],[-68.27498,10.18425],[-68.27489,10.18441],[-68.27474,10.18473],[-68.27465,10.18489],[-68.27428,10.18564],[-68.27416,10.18588],[-68.27395,10.18631],[-68.27388,10.18648],[-68.27384,10.18662],[-68.27381,10.18682],[-68.27375,10.1872],[-68.27372,10.1873],[-68.27367,10.18741],[-68.27365,10.18749],[-68.27365,10.18757],[-68.27365,10.18765],[-68.27369,10.1878],[-68.27376,10.18796],[-68.2739,10.18828],[-68.27404,10.18852],[-68.27415,10.1887],[-68.27421,10.18885],[-68.27425,10.18902],[-68.27429,10.18933],[-68.27429,10.1895],[-68.27427,10.18971],[-68.27424,10.18985],[-68.27418,10.18995],[-68.27414,10.19001],[-68.27411,10.1901],[-68.27412,10.1902],[-68.27413,10.19025],[-68.27414,10.19031],[-68.27418,10.1904],[-68.2742,10.19047],[-68.27418,10.19053],[-68.27415,10.19059],[-68.27391,10.19094],[-68.27375,10.19116],[-68.27364,10.1913],[-68.27359,10.19138],[-68.27356,10.19147],[-68.27354,10.19158],[-68.27352,10.19168],[-68.27349,10.19177],[-68.27345,10.19184],[-68.2734,10.19191],[-68.27332,10.19203],[-68.27323,10.19223],[-68.27316,10.19236],[-68.27311,10.19244],[-68.27303,10.19252],[-68.27296,10.19257],[-68.27291,10.1926],[-68.27284,10.19267],[-68.2728,10.19273],[-68.27276,10.19285],[-68.2727,10.19299],[-68.27263,10.19309],[-68.27258,10.19315],[-68.27251,10.19321],[-68.27239,10.19329],[-68.27223,10.1934],[-68.27196,10.19353],[-68.27179,10.19365],[-68.27164,10.19377],[-68.27158,10.19387],[-68.27155,10.19399],[-68.27153,10.19413],[-68.27152,10.19433],[-68.27152,10.19449],[-68.27154,10.19461],[-68.27163,10.19478],[-68.27186,10.19517],[-68.27204,10.19536],[-68.27224,10.19555],[-68.27239,10.19571],[-68.27252,10.19588],[-68.27263,10.19606],[-68.27273,10.19634],[-68.27288,10.19678],[-68.27296,10.19696],[-68.27304,10.19716],[-68.27313,10.1974],[-68.27318,10.19757],[-68.27324,10.19773],[-68.27329,10.19787],[-68.27331,10.19798],[-68.27332,10.19813],[-68.27329,10.19846],[-68.27325,10.19866],[-68.27319,10.19886],[-68.27313,10.19898],[-68.27311,10.19909],[-68.2731,10.1992],[-68.27312,10.19932],[-68.27312,10.19945],[-68.2731,10.19956],[-68.27304,10.19966],[-68.27295,10.19977],[-68.27286,10.19985],[-68.27282,10.19993],[-68.27279,10.20003],[-68.27276,10.20013],[-68.27272,10.2002],[-68.27267,10.20029],[-68.2726,10.20044],[-68.27257,10.20056],[-68.27255,10.20068],[-68.27255,10.20078],[-68.27254,10.20087],[-68.27251,10.20097],[-68.27245,10.20103],[-68.27239,10.2011],[-68.27227,10.20119],[-68.27216,10.20125],[-68.27204,10.20129],[-68.27193,10.2013],[-68.27185,10.20129],[-68.27177,10.20127],[-68.27168,10.20124],[-68.27159,10.20121],[-68.2715,10.20119],[-68.2714,10.20118],[-68.27132,10.20118],[-68.27123,10.2012],[-68.27115,10.20126],[-68.27111,10.20132],[-68.2711,10.20138],[-68.2711,10.20146],[-68.27112,10.20162],[-68.27113,10.20182],[-68.27114,10.20201],[-68.27111,10.20218],[-68.27107,10.20233],[-68.27105,10.20247],[-68.27104,10.20258],[-68.27106,10.20268],[-68.27109,10.20276],[-68.27115,10.20284],[-68.27124,10.20298],[-68.2713,10.20311],[-68.27136,10.20328],[-68.2714,10.20342],[-68.27142,10.20352],[-68.27141,10.20361],[-68.27137,10.20371],[-68.27133,10.20382],[-68.27129,10.20398],[-68.27126,10.20412],[-68.27126,10.20423],[-68.27129,10.20432],[-68.27132,10.20441],[-68.27138,10.20458],[-68.27141,10.20467],[-68.27144,10.20474],[-68.27144,10.20482],[-68.27141,10.2049],[-68.27133,10.20505],[-68.27129,10.20515],[-68.27128,10.20523],[-68.27128,10.20535],[-68.27129,10.20555],[-68.27133,10.20589],[-68.27134,10.20604],[-68.27113,10.20615],[-68.27092,10.20625],[-68.27074,10.20631],[-68.27051,10.2064],[-68.27041,10.20644],[-68.27033,10.20649],[-68.27028,10.20656],[-68.27027,10.20663],[-68.27029,10.20672],[-68.27033,10.20684],[-68.27037,10.20698],[-68.27038,10.20711],[-68.27037,10.2074],[-68.27039,10.20786],[-68.27008,10.20797],[-68.26993,10.20801],[-68.26965,10.20805],[-68.26945,10.20807],[-68.26935,10.20809],[-68.26928,10.20812],[-68.26921,10.20818],[-68.26915,10.20827],[-68.26893,10.20877],[-68.26877,10.20915],[-68.26861,10.20942],[-68.26853,10.20952],[-68.26847,10.2096],[-68.26832,10.20988],[-68.2682,10.21014],[-68.26798,10.21018],[-68.26776,10.21024],[-68.26768,10.21026],[-68.26762,10.21029],[-68.26756,10.21034],[-68.26748,10.21043],[-68.2674,10.21056],[-68.26731,10.2107],[-68.26675,10.21068],[-68.26665,10.21069],[-68.26656,10.21072],[-68.26645,10.21077],[-68.26623,10.21093],[-68.26606,10.21108],[-68.26597,10.21118],[-68.26593,10.21124],[-68.26591,10.21131],[-68.26589,10.21146],[-68.26587,10.21161],[-68.26585,10.21197],[-68.26584,10.21207],[-68.26581,10.21217],[-68.26572,10.21251],[-68.2657,10.21263],[-68.26567,10.21277],[-68.26567,10.21286],[-68.26567,10.21296],[-68.26568,10.21304],[-68.26569,10.21313],[-68.26571,10.21325],[-68.26575,10.21338],[-68.26583,10.21359],[-68.26586,10.21368],[-68.26587,10.21378],[-68.26588,10.21387],[-68.26591,10.21393],[-68.26595,10.21402],[-68.26607,10.21423],[-68.2661,10.21433],[-68.2662,10.21458],[-68.26628,10.21482],[-68.26633,10.21501],[-68.26635,10.2151],[-68.26636,10.21522],[-68.26638,10.21547],[-68.26637,10.21555],[-68.26636,10.2156],[-68.26634,10.21564],[-68.26628,10.21568],[-68.26619,10.21572],[-68.26582,10.21589],[-68.26569,10.21595],[-68.26562,10.216],[-68.26557,10.21605],[-68.26551,10.21612],[-68.26545,10.21623],[-68.26539,10.21634],[-68.26533,10.21645],[-68.26528,10.21661],[-68.26521,10.21681],[-68.26515,10.21688],[-68.265,10.21704],[-68.2649,10.21713],[-68.26483,10.21721],[-68.2647,10.21742],[-68.26463,10.21752],[-68.2645,10.2177],[-68.26429,10.21798],[-68.26422,10.21804],[-68.26415,10.21809],[-68.26408,10.21813],[-68.26399,10.21819],[-68.26395,10.21823],[-68.26391,10.21829],[-68.26387,10.21835],[-68.26383,10.21839],[-68.26379,10.2184],[-68.26374,10.21842],[-68.26325,10.21855],[-68.26296,10.21866],[-68.2629,10.21869],[-68.26285,10.21873],[-68.26281,10.21877],[-68.26275,10.21884],[-68.26244,10.21926],[-68.26235,10.21941],[-68.26231,10.21948],[-68.26226,10.21953],[-68.26222,10.21957],[-68.26217,10.21959],[-68.26212,10.2196],[-68.26207,10.2196],[-68.26198,10.21959],[-68.26152,10.21951],[-68.26142,10.2195],[-68.26134,10.2195],[-68.26123,10.21951],[-68.261,10.21955],[-68.26092,10.21956],[-68.26088,10.21959],[-68.26082,10.21962],[-68.26076,10.21966],[-68.26072,10.21967],[-68.26054,10.2197],[-68.26045,10.21973],[-68.26038,10.21976],[-68.26032,10.21981],[-68.26024,10.21987],[-68.2602,10.2199],[-68.26014,10.21994],[-68.26008,10.21995],[-68.26001,10.21997],[-68.2598,10.22001],[-68.25973,10.22002],[-68.25969,10.22004],[-68.25964,10.2201],[-68.25954,10.22022],[-68.25947,10.22028],[-68.25939,10.22032],[-68.25931,10.22035],[-68.25924,10.22037],[-68.25906,10.22042],[-68.25894,10.22045],[-68.25889,10.22045],[-68.25883,10.22045],[-68.25877,10.22043],[-68.25859,10.22036],[-68.25842,10.22032],[-68.25832,10.2203],[-68.25826,10.22038],[-68.25808,10.22057],[-68.25798,10.22067],[-68.25793,10.22074],[-68.25786,10.22083],[-68.2578,10.22092],[-68.25773,10.22104],[-68.2577,10.22111],[-68.25768,10.22117],[-68.25767,10.22123],[-68.25768,10.22132],[-68.25769,10.22146],[-68.25773,10.22171],[-68.25775,10.22187],[-68.25775,10.22196],[-68.25774,10.22205],[-68.25772,10.22214],[-68.25769,10.22225],[-68.25766,10.22231],[-68.25762,10.22236],[-68.25756,10.22241],[-68.25749,10.22244],[-68.25739,10.22246],[-68.25726,10.22248],[-68.25712,10.22248],[-68.25697,10.22249],[-68.25691,10.2225],[-68.25686,10.22252],[-68.25679,10.22257],[-68.25674,10.22261],[-68.25668,10.22264],[-68.25662,10.22265],[-68.25651,10.22265],[-68.25643,10.22265],[-68.25635,10.22264],[-68.2563,10.22262],[-68.25625,10.22259],[-68.25604,10.22243],[-68.25577,10.22225],[-68.25568,10.22219],[-68.25554,10.2221],[-68.25542,10.22204],[-68.25538,10.22202],[-68.25534,10.22201],[-68.2553,10.22201],[-68.25526,10.22202],[-68.2552,10.22203],[-68.25515,10.22206],[-68.25509,10.22207],[-68.25504,10.22208],[-68.25493,10.2221],[-68.25467,10.22213],[-68.25452,10.22259],[-68.25444,10.22279],[-68.25441,10.22285],[-68.25427,10.223],[-68.25414,10.22316],[-68.25406,10.22328],[-68.25402,10.22343],[-68.25397,10.22353],[-68.25391,10.22365],[-68.2539,10.2237],[-68.2539,10.22375],[-68.2539,10.22381],[-68.25392,10.22393],[-68.25396,10.2241],[-68.25391,10.22426],[-68.25388,10.22434],[-68.25385,10.22442],[-68.25381,10.22456],[-68.25372,10.22471],[-68.25365,10.22479],[-68.25358,10.22485],[-68.25346,10.22492],[-68.25311,10.22512],[-68.2525,10.22553],[-68.25222,10.2257],[-68.252,10.2258],[-68.25183,10.22589],[-68.25173,10.22594],[-68.25167,10.22595],[-68.2516,10.22597],[-68.25149,10.226],[-68.2514,10.22602],[-68.25135,10.22604],[-68.25127,10.22609],[-68.25112,10.22619],[-68.25105,10.22624],[-68.25093,10.22634],[-68.25022,10.22636],[-68.25018,10.22658],[-68.25012,10.22683],[-68.25008,10.22694],[-68.25004,10.227],[-68.24998,10.22708],[-68.24993,10.22716],[-68.24992,10.22726],[-68.2499,10.22738],[-68.24989,10.2275],[-68.24992,10.2276],[-68.24995,10.2277],[-68.25,10.22787],[-68.25002,10.22798],[-68.25004,10.2281],[-68.25004,10.22844],[-68.24991,10.22856],[-68.24984,10.22862],[-68.24978,10.2287],[-68.24976,10.2288],[-68.24974,10.2289],[-68.24969,10.22907],[-68.24966,10.22919],[-68.24961,10.22926],[-68.24955,10.22931],[-68.24943,10.22938],[-68.24857,10.22995],[-68.24833,10.23011],[-68.24826,10.23018],[-68.24819,10.23027],[-68.24801,10.23067],[-68.24781,10.23111],[-68.24769,10.23139],[-68.24759,10.23148],[-68.24747,10.23158],[-68.24741,10.23166],[-68.24737,10.23174],[-68.24734,10.23188],[-68.24719,10.2323],[-68.24707,10.23262],[-68.24701,10.23276],[-68.24698,10.23285],[-68.24698,10.23294],[-68.24699,10.23304],[-68.24702,10.23313],[-68.24709,10.23324],[-68.24728,10.23346],[-68.2476,10.23391],[-68.24774,10.23403],[-68.24782,10.2341],[-68.24785,10.23416],[-68.24787,10.23423],[-68.24787,10.23434],[-68.24785,10.23443],[-68.2478,10.23451],[-68.24776,10.23456],[-68.24767,10.23463],[-68.24758,10.23471],[-68.24754,10.23477],[-68.24742,10.23495],[-68.24726,10.23523],[-68.24716,10.23536],[-68.24708,10.23548],[-68.24702,10.23557],[-68.24699,10.23568],[-68.24699,10.23577],[-68.247,10.23586],[-68.24703,10.2361],[-68.24702,10.23617],[-68.24695,10.23627],[-68.24673,10.23646],[-68.24652,10.23661],[-68.24632,10.23673],[-68.24625,10.23679],[-68.2462,10.23686],[-68.24619,10.23693],[-68.24617,10.23713],[-68.24616,10.23734],[-68.24612,10.23748],[-68.24609,10.2376],[-68.24601,10.23778],[-68.24598,10.23787],[-68.24596,10.23792],[-68.24596,10.23801],[-68.24555,10.23824],[-68.24542,10.23835],[-68.24537,10.23843],[-68.24531,10.23855],[-68.24519,10.23872],[-68.24514,10.23876],[-68.24472,10.2392],[-68.2444,10.23947],[-68.24411,10.23968],[-68.24403,10.23995],[-68.24396,10.24025],[-68.2439,10.24038],[-68.24385,10.24044],[-68.24382,10.24056],[-68.24379,10.24068],[-68.24373,10.24095],[-68.24366,10.24125],[-68.24361,10.24143],[-68.24344,10.24155],[-68.24334,10.24158],[-68.24325,10.2416],[-68.24312,10.24159],[-68.24298,10.24157],[-68.24289,10.24156],[-68.2428,10.24158],[-68.24271,10.24161],[-68.24262,10.24166],[-68.24251,10.2418],[-68.2424,10.24198],[-68.24227,10.24213],[-68.24215,10.24224],[-68.24196,10.24241],[-68.24186,10.24251],[-68.24182,10.24259],[-68.2418,10.2427],[-68.24176,10.24284],[-68.24172,10.2429],[-68.24166,10.24297],[-68.24152,10.2431],[-68.24147,10.24317],[-68.24139,10.24328],[-68.24132,10.2434],[-68.24113,10.24379],[-68.24099,10.24404],[-68.24072,10.2445],[-68.24006,10.24476],[-68.23963,10.24496],[-68.23927,10.24511],[-68.23911,10.24517],[-68.23901,10.24526],[-68.23893,10.24535],[-68.23871,10.24558],[-68.2385,10.24581],[-68.2382,10.24619],[-68.23796,10.24658],[-68.23776,10.24699],[-68.23755,10.24743],[-68.23744,10.24767],[-68.23736,10.2478],[-68.23704,10.24821],[-68.23675,10.24853],[-68.23599,10.24922],[-68.23546,10.24963],[-68.23388,10.25074],[-68.23366,10.25095],[-68.23357,10.25111],[-68.2335,10.25133],[-68.23308,10.25154],[-68.23296,10.2516],[-68.23305,10.25218],[-68.2324,10.25242],[-68.23244,10.25298],[-68.23246,10.25316],[-68.23252,10.25331],[-68.23259,10.2535],[-68.23266,10.25363],[-68.23282,10.25381],[-68.23297,10.25401],[-68.23311,10.2542],[-68.23321,10.25436],[-68.23333,10.25455],[-68.23339,10.2547],[-68.23344,10.25484],[-68.23351,10.25505],[-68.23359,10.25538],[-68.23362,10.25551],[-68.23368,10.25562],[-68.23379,10.25581],[-68.23398,10.25611],[-68.23405,10.25623],[-68.23409,10.25632],[-68.23411,10.25642],[-68.23411,10.25649],[-68.23405,10.25676],[-68.23391,10.25732],[-68.23379,10.25766],[-68.23369,10.25807],[-68.23368,10.25815],[-68.23369,10.25821],[-68.23375,10.25831],[-68.23392,10.25862],[-68.23401,10.25881],[-68.2341,10.25901],[-68.23423,10.25933],[-68.2344,10.25972],[-68.23453,10.25997],[-68.2346,10.26018],[-68.23464,10.26037],[-68.23471,10.26109],[-68.23472,10.26134],[-68.2353,10.26172],[-68.23555,10.26255],[-68.2357,10.26373],[-68.23601,10.26484],[-68.23673,10.266],[-68.23775,10.26752],[-68.24053,10.268],[-68.24267,10.26867],[-68.245,10.26846],[-68.24742,10.26875],[-68.24827,10.26839],[-68.24851,10.26854],[-68.24887,10.26868],[-68.24929,10.26875],[-68.24962,10.26874],[-68.2501,10.26864],[-68.25047,10.26858],[-68.25087,10.26856],[-68.25144,10.26856],[-68.25194,10.26847],[-68.25257,10.26831],[-68.25298,10.26814],[-68.2537,10.26783],[-68.25489,10.26723],[-68.25548,10.26633],[-68.25586,10.26578],[-68.25658,10.26507],[-68.25693,10.26482],[-68.25729,10.26464],[-68.25763,10.26453],[-68.25806,10.26442],[-68.25844,10.26418],[-68.25912,10.26423],[-68.26063,10.26404],[-68.26583,10.26391],[-68.26659,10.26311],[-68.27334,10.26296],[-68.27456,10.263],[-68.27547,10.26264],[-68.27809,10.26179],[-68.28174,10.2622],[-68.28672,10.26328],[-68.29114,10.26316],[-68.294,10.26222],[-68.2979,10.26269],[-68.29863,10.26254],[-68.29946,10.2624],[-68.29996,10.26267],[-68.30023,10.26279],[-68.30056,10.26296],[-68.30095,10.26316],[-68.30137,10.26334],[-68.30183,10.26339],[-68.30235,10.26337],[-68.30281,10.26328],[-68.30345,10.26314],[-68.30357,10.26311],[-68.30414,10.2629],[-68.3046,10.26293],[-68.30497,10.26318],[-68.30547,10.2635],[-68.30612,10.26377],[-68.30693,10.26409],[-68.30718,10.26431],[-68.30742,10.26448],[-68.30789,10.26475],[-68.30837,10.2649],[-68.30886,10.26519],[-68.30936,10.26561],[-68.30982,10.26587],[-68.31031,10.26608],[-68.31089,10.26622],[-68.31182,10.26634],[-68.31285,10.26686],[-68.31327,10.26708],[-68.3136,10.26714],[-68.31437,10.26715],[-68.31527,10.26721],[-68.31638,10.26733],[-68.31697,10.26751],[-68.31757,10.26773],[-68.3181,10.26794],[-68.31852,10.26817],[-68.31903,10.26833],[-68.31944,10.26837],[-68.31987,10.26837],[-68.32036,10.26843],[-68.32092,10.26858],[-68.3222,10.26923],[-68.32259,10.26899],[-68.32306,10.26862],[-68.32365,10.26825],[-68.3245,10.26838],[-68.32534,10.26849],[-68.32652,10.26867],[-68.32706,10.26882],[-68.32743,10.26903],[-68.32775,10.26933],[-68.32813,10.26978],[-68.32828,10.27004],[-68.32852,10.27022],[-68.32882,10.27035],[-68.32956,10.27053],[-68.3315,10.26864],[-68.33192,10.26769],[-68.33209,10.26725],[-68.33235,10.26667],[-68.33234,10.26585],[-68.33233,10.26542],[-68.33249,10.26487],[-68.33303,10.264],[-68.33339,10.26335],[-68.33373,10.26256],[-68.334,10.26194],[-68.33418,10.26147],[-68.33446,10.26108],[-68.33482,10.2608],[-68.33524,10.26058],[-68.33567,10.26041],[-68.33644,10.26029],[-68.33729,10.26022],[-68.3391,10.25983],[-68.33989,10.25972],[-68.34051,10.25951],[-68.34096,10.2593],[-68.34169,10.25908],[-68.34195,10.25907],[-68.34233,10.25915],[-68.34275,10.25928],[-68.34368,10.25966],[-68.34409,10.25934],[-68.34441,10.25912],[-68.34492,10.25894],[-68.34522,10.25882],[-68.34556,10.25865],[-68.34605,10.25836],[-68.34675,10.25797],[-68.3471,10.25776],[-68.34747,10.25752],[-68.34816,10.25713],[-68.34835,10.25648],[-68.34846,10.25611],[-68.34868,10.25572],[-68.34881,10.25559],[-68.34891,10.2555],[-68.34911,10.25528],[-68.34925,10.2551],[-68.34937,10.2549],[-68.34942,10.25469],[-68.34946,10.25455],[-68.34955,10.25442],[-68.3496,10.25438],[-68.34976,10.25431],[-68.35008,10.25426],[-68.35048,10.25422],[-68.35155,10.25335],[-68.35209,10.25306],[-68.35226,10.25188],[-68.3528,10.25147],[-68.35336,10.25114],[-68.35376,10.25098],[-68.35435,10.25081],[-68.35499,10.25076],[-68.35532,10.25038],[-68.35555,10.25023],[-68.35582,10.25012],[-68.35623,10.25007],[-68.35658,10.2501],[-68.35689,10.25014],[-68.35727,10.25024],[-68.35793,10.25068],[-68.35819,10.2505],[-68.35861,10.25014],[-68.35886,10.2499],[-68.35914,10.24962],[-68.35941,10.24932],[-68.35991,10.24887],[-68.36036,10.24859],[-68.36069,10.24837],[-68.3609,10.2482],[-68.36111,10.24792],[-68.36131,10.2476],[-68.36146,10.24738],[-68.36162,10.24723],[-68.36183,10.24715],[-68.36212,10.2471],[-68.36256,10.24708],[-68.36373,10.2471],[-68.36368,10.24761],[-68.36365,10.24789],[-68.36354,10.24833],[-68.36337,10.24903],[-68.36322,10.25037],[-68.36309,10.25103],[-68.363,10.25169],[-68.363,10.25202],[-68.36304,10.25238],[-68.36313,10.25272],[-68.36321,10.25307],[-68.36324,10.25342],[-68.36316,10.25392],[-68.36295,10.25559],[-68.36272,10.25609],[-68.36245,10.25658],[-68.36216,10.25704],[-68.36186,10.25759],[-68.36164,10.25784],[-68.36141,10.25803],[-68.36097,10.25835],[-68.36057,10.2586],[-68.36009,10.25885],[-68.35929,10.25904],[-68.35858,10.26021],[-68.35786,10.26021],[-68.35743,10.26024],[-68.35679,10.26045],[-68.3564,10.26067],[-68.35611,10.26086],[-68.35573,10.26123],[-68.35545,10.2617],[-68.35533,10.26202],[-68.35509,10.26259],[-68.3548,10.26306],[-68.35567,10.26396],[-68.35587,10.2642],[-68.35603,10.26435],[-68.35615,10.26454],[-68.35628,10.26475],[-68.35643,10.26494],[-68.3566,10.26508],[-68.35683,10.26515],[-68.35698,10.26533],[-68.35716,10.26549],[-68.35741,10.26561],[-68.35764,10.26568],[-68.35789,10.26571],[-68.35834,10.26583],[-68.35852,10.26596],[-68.35864,10.26614],[-68.35876,10.26633],[-68.3588,10.26639],[-68.35905,10.26676],[-68.35922,10.26691],[-68.35959,10.26715],[-68.35976,10.26731],[-68.35985,10.2675],[-68.35994,10.2678],[-68.36007,10.26798],[-68.36011,10.2682],[-68.36011,10.26844],[-68.36007,10.26866],[-68.35995,10.26908],[-68.35989,10.2693],[-68.35987,10.26951],[-68.35998,10.26971],[-68.36012,10.2699],[-68.36031,10.27006],[-68.3605,10.27017],[-68.36069,10.27027],[-68.36085,10.27046],[-68.36105,10.27087],[-68.36119,10.27105],[-68.36148,10.27153],[-68.36166,10.27193],[-68.36172,10.27216],[-68.36174,10.27237],[-68.3617,10.2726],[-68.36164,10.27282],[-68.36165,10.27304],[-68.36169,10.27349],[-68.36169,10.27372],[-68.36173,10.27416],[-68.3618,10.27438],[-68.36186,10.27459],[-68.36193,10.27498],[-68.36195,10.27519],[-68.36201,10.2754],[-68.36209,10.27561],[-68.36222,10.2758],[-68.36242,10.27593],[-68.36254,10.27612],[-68.36271,10.27629],[-68.3629,10.2764],[-68.3633,10.27663],[-68.36352,10.27674],[-68.36407,10.27698],[-68.36426,10.2771],[-68.3647,10.27717],[-68.36516,10.2773],[-68.36558,10.27753],[-68.36575,10.27769],[-68.36599,10.27788],[-68.36615,10.27805],[-68.3663,10.27823],[-68.36647,10.27836],[-68.36662,10.27855],[-68.36672,10.27874],[-68.36684,10.27917],[-68.36693,10.27936],[-68.36708,10.27952],[-68.36728,10.27966],[-68.36766,10.27995],[-68.36789,10.28002],[-68.3681,10.28007],[-68.36832,10.28011],[-68.36852,10.2802],[-68.36871,10.28034],[-68.36886,10.2805],[-68.36906,10.28062],[-68.36933,10.28093],[-68.36945,10.28111],[-68.36963,10.28125],[-68.36979,10.2814],[-68.36983,10.28162],[-68.3698,10.28184],[-68.36984,10.28205],[-68.36989,10.28227],[-68.3699,10.28249],[-68.37001,10.28314],[-68.37001,10.28356],[-68.37003,10.28397],[-68.37002,10.28418],[-68.36994,10.28461],[-68.36993,10.28482],[-68.36993,10.28505],[-68.37018,10.28589],[-68.37031,10.28608],[-68.37037,10.28613],[-68.37052,10.28631],[-68.37066,10.28649],[-68.37075,10.28668],[-68.37076,10.28689],[-68.37069,10.28709],[-68.37052,10.28722],[-68.37036,10.28736],[-68.37027,10.28755],[-68.37026,10.28776],[-68.37033,10.28797],[-68.37043,10.28819],[-68.37046,10.2884],[-68.37045,10.28862],[-68.37045,10.28885],[-68.37047,10.28906],[-68.37047,10.28928],[-68.37043,10.28971],[-68.37043,10.28993],[-68.37043,10.29004],[-68.37043,10.29014],[-68.37044,10.29025],[-68.37046,10.29036],[-68.37049,10.29046],[-68.37054,10.29056],[-68.37062,10.29066],[-68.3707,10.29075],[-68.37077,10.29085],[-68.37085,10.29094],[-68.37091,10.29103],[-68.37098,10.29113],[-68.37102,10.29123],[-68.37105,10.29134],[-68.37106,10.29145],[-68.3711,10.29156],[-68.37112,10.29167],[-68.37114,10.29173],[-68.37121,10.29194],[-68.37125,10.29205],[-68.37131,10.29214],[-68.3714,10.29221],[-68.37145,10.29231],[-68.37148,10.29242],[-68.3715,10.29253],[-68.37154,10.29264],[-68.37162,10.29272],[-68.37171,10.29278],[-68.37182,10.29284],[-68.37191,10.29293],[-68.37198,10.29302],[-68.37205,10.29318],[-68.37215,10.29353],[-68.37225,10.29388],[-68.37231,10.29409],[-68.37234,10.29439],[-68.37238,10.29517],[-68.37242,10.29544],[-68.37246,10.29562],[-68.37249,10.29573],[-68.37254,10.29581],[-68.37261,10.29588],[-68.37266,10.29592],[-68.37275,10.29594],[-68.37292,10.29595],[-68.37301,10.29598],[-68.37308,10.29603],[-68.37313,10.2961],[-68.37319,10.29619],[-68.3732,10.29629],[-68.37321,10.29653],[-68.37319,10.29668],[-68.37315,10.29687],[-68.37316,10.29701],[-68.37319,10.29725],[-68.3732,10.29754],[-68.37321,10.2981],[-68.37319,10.29821],[-68.37314,10.29831],[-68.3731,10.29838],[-68.37305,10.29848],[-68.373,10.29861],[-68.37298,10.29871],[-68.37298,10.2988],[-68.37298,10.29912],[-68.37299,10.29923],[-68.37302,10.29929],[-68.37306,10.29935],[-68.37314,10.29944],[-68.37322,10.29953],[-68.37329,10.29962],[-68.37332,10.2997],[-68.37338,10.29984],[-68.37342,10.2999],[-68.37349,10.29998],[-68.37357,10.30003],[-68.37362,10.30011],[-68.3736,10.30018],[-68.37355,10.30026],[-68.37348,10.30033],[-68.37338,10.3004],[-68.37321,10.3005],[-68.37312,10.30057],[-68.37302,10.30066],[-68.37292,10.30082],[-68.37278,10.30103],[-68.37266,10.30121],[-68.37252,10.3014],[-68.37246,10.30154],[-68.3724,10.30169],[-68.3724,10.30186],[-68.37244,10.30196],[-68.37253,10.30202],[-68.37266,10.30214],[-68.37272,10.30226],[-68.37272,10.30241],[-68.3727,10.30257],[-68.37265,10.30269],[-68.37261,10.30279],[-68.37256,10.30293],[-68.37257,10.30307],[-68.37262,10.30321],[-68.37277,10.30345],[-68.37286,10.30363],[-68.37289,10.30377],[-68.37287,10.3039],[-68.37283,10.30399],[-68.37277,10.30407],[-68.37262,10.30417],[-68.37253,10.30423],[-68.37247,10.30432],[-68.37245,10.30442],[-68.37248,10.30453],[-68.37256,10.30459],[-68.37269,10.30466],[-68.37294,10.30475],[-68.37306,10.30483],[-68.37315,10.3049],[-68.37318,10.30502],[-68.37317,10.30511],[-68.37315,10.30526],[-68.37308,10.30543],[-68.37306,10.30554],[-68.37305,10.30564],[-68.37307,10.30576],[-68.37311,10.30586],[-68.37317,10.30593],[-68.37324,10.30602],[-68.37328,10.30622],[-68.37328,10.30639],[-68.37325,10.3065],[-68.37319,10.30661],[-68.37312,10.3067],[-68.37303,10.30684],[-68.37298,10.30696],[-68.37298,10.30708],[-68.37301,10.30719],[-68.37308,10.3073],[-68.37323,10.30741],[-68.37349,10.30757],[-68.37373,10.30768],[-68.37408,10.30782],[-68.37441,10.30792],[-68.37452,10.30796],[-68.37461,10.30806],[-68.37466,10.3082],[-68.37468,10.30833],[-68.37466,10.30847],[-68.37464,10.30858],[-68.37464,10.30872],[-68.37467,10.30884],[-68.37477,10.3089],[-68.3749,10.30892],[-68.37506,10.30891],[-68.37527,10.30888],[-68.37557,10.30884],[-68.37568,10.30884],[-68.37578,10.30889],[-68.37591,10.30898],[-68.37605,10.30918],[-68.37635,10.30948],[-68.37656,10.30967],[-68.37686,10.30981],[-68.37731,10.30995],[-68.37757,10.31005],[-68.3777,10.31013],[-68.3778,10.31023],[-68.37788,10.31038],[-68.37795,10.31052],[-68.37799,10.31069],[-68.37806,10.31084],[-68.37814,10.31099],[-68.37825,10.31115],[-68.37844,10.31145],[-68.37869,10.31176],[-68.37894,10.31203],[-68.37915,10.31219],[-68.37935,10.31233],[-68.37951,10.31244],[-68.37967,10.31254],[-68.37993,10.31266],[-68.38005,10.31271],[-68.38018,10.3128],[-68.38024,10.31288],[-68.38028,10.313],[-68.38028,10.31311],[-68.38029,10.31323],[-68.3803,10.31339],[-68.38032,10.31354],[-68.38035,10.31367],[-68.38044,10.31388],[-68.38057,10.31418],[-68.38071,10.31438],[-68.38083,10.31453],[-68.38096,10.31461],[-68.38115,10.31469],[-68.38128,10.31476],[-68.38137,10.31481],[-68.38145,10.31488],[-68.3815,10.31496],[-68.38151,10.31503],[-68.38151,10.31512],[-68.38145,10.31538],[-68.38141,10.31555],[-68.38133,10.3157],[-68.38127,10.31578],[-68.38122,10.31584],[-68.38119,10.31593],[-68.38119,10.31603],[-68.38122,10.31609],[-68.38126,10.31612],[-68.38132,10.31614],[-68.38139,10.31614],[-68.38146,10.31612],[-68.38157,10.31609],[-68.38162,10.31609],[-68.38167,10.3161],[-68.38172,10.31613],[-68.38178,10.31619],[-68.38181,10.31625],[-68.38182,10.31633],[-68.38181,10.31642],[-68.38179,10.31652],[-68.38173,10.31684],[-68.38166,10.31722],[-68.38167,10.31737],[-68.3817,10.31749],[-68.38172,10.31754],[-68.38178,10.31763],[-68.38188,10.31772],[-68.38204,10.31785],[-68.38218,10.31794],[-68.38231,10.318],[-68.3826,10.3181],[-68.3828,10.31814],[-68.38298,10.31817],[-68.38308,10.3182],[-68.38319,10.31824],[-68.38331,10.31834],[-68.38338,10.31844],[-68.38358,10.31871],[-68.38369,10.3189],[-68.38375,10.31904],[-68.38378,10.31918],[-68.38381,10.31928],[-68.38386,10.31937],[-68.38393,10.31943],[-68.38399,10.31946],[-68.38439,10.31965],[-68.38487,10.31985],[-68.38499,10.31993],[-68.38511,10.32002],[-68.38523,10.32019],[-68.3853,10.32031],[-68.38537,10.32047],[-68.38543,10.3206],[-68.38553,10.32075],[-68.38569,10.3209],[-68.3858,10.32103],[-68.3859,10.32114],[-68.38598,10.32129],[-68.38601,10.32142],[-68.38599,10.32153],[-68.38593,10.32166],[-68.38577,10.32185],[-68.38561,10.32209],[-68.38554,10.32227],[-68.38554,10.32241],[-68.38555,10.32258],[-68.38559,10.323],[-68.38563,10.32316],[-68.38569,10.32331],[-68.38576,10.32343],[-68.38585,10.32348],[-68.38597,10.32353],[-68.38606,10.32359],[-68.38612,10.32369],[-68.38615,10.32384],[-68.3862,10.32412],[-68.38626,10.32428],[-68.38634,10.3244],[-68.38644,10.32456],[-68.38682,10.32499],[-68.38708,10.32527],[-68.38723,10.32552],[-68.38736,10.32573],[-68.38742,10.32592],[-68.38768,10.32654],[-68.3878,10.32684],[-68.38795,10.3271],[-68.38803,10.32727],[-68.38806,10.32742],[-68.38808,10.32756],[-68.3881,10.32773],[-68.38822,10.32858],[-68.38825,10.3287],[-68.3883,10.32877],[-68.38835,10.32882],[-68.38842,10.32885],[-68.38862,10.3289],[-68.38932,10.32908],[-68.39009,10.32929],[-68.39051,10.32938],[-68.39062,10.3294],[-68.39067,10.32943],[-68.39071,10.32947],[-68.39072,10.32953],[-68.39072,10.32959],[-68.39069,10.32965],[-68.39059,10.32982],[-68.39039,10.33011],[-68.39024,10.33026],[-68.39013,10.33036],[-68.39005,10.33041],[-68.38993,10.33047],[-68.38983,10.3305],[-68.38972,10.33051],[-68.38948,10.3305],[-68.38932,10.3305],[-68.38922,10.33053],[-68.38915,10.33057],[-68.38911,10.33064],[-68.3891,10.3307],[-68.3891,10.33077],[-68.38913,10.33085],[-68.38917,10.33091],[-68.38927,10.33102],[-68.38942,10.33121],[-68.38948,10.33131],[-68.38953,10.33142],[-68.38956,10.33153],[-68.38954,10.33162],[-68.38948,10.33169],[-68.38943,10.33174],[-68.3894,10.33183],[-68.3894,10.33189],[-68.38946,10.33201],[-68.38955,10.33216],[-68.38971,10.3324],[-68.38995,10.33275],[-68.39006,10.33288],[-68.39018,10.33297],[-68.39038,10.3331],[-68.3906,10.33324],[-68.39078,10.33333],[-68.39089,10.33338],[-68.39111,10.33344],[-68.39137,10.33345],[-68.39159,10.33346],[-68.39182,10.33347],[-68.39196,10.33351],[-68.39201,10.33354],[-68.39205,10.33358],[-68.39207,10.33366],[-68.39207,10.33379],[-68.39206,10.33389],[-68.39203,10.33395],[-68.39195,10.33401],[-68.39182,10.3341],[-68.39168,10.33415],[-68.39149,10.3342],[-68.39091,10.33436],[-68.39039,10.3345],[-68.39028,10.33453],[-68.39023,10.33458],[-68.39022,10.33464],[-68.39025,10.33472],[-68.39029,10.33478],[-68.39045,10.33503],[-68.3906,10.33526],[-68.39069,10.33541],[-68.39078,10.33556],[-68.39083,10.33568],[-68.39085,10.33578],[-68.39084,10.33587],[-68.39078,10.33598],[-68.39058,10.33622],[-68.39035,10.33641],[-68.39015,10.3366],[-68.39004,10.33674],[-68.38996,10.33686],[-68.3899,10.337],[-68.38985,10.33714],[-68.38978,10.33727],[-68.38974,10.33736],[-68.38971,10.33745],[-68.38969,10.3376],[-68.38964,10.33779],[-68.38954,10.33801],[-68.38948,10.33817],[-68.38941,10.33833],[-68.38937,10.33841],[-68.38931,10.33846],[-68.38923,10.3385],[-68.38909,10.33853],[-68.38884,10.33854],[-68.38859,10.33853],[-68.38845,10.33852],[-68.38836,10.33853],[-68.3883,10.33855],[-68.38827,10.3386],[-68.38826,10.33867],[-68.38827,10.33873],[-68.38832,10.33889],[-68.38841,10.33908],[-68.38849,10.33928],[-68.38856,10.33946],[-68.3886,10.33962],[-68.38863,10.33981],[-68.38866,10.33996],[-68.38871,10.34007],[-68.38878,10.34021],[-68.38889,10.34036],[-68.38911,10.34062],[-68.38927,10.34081],[-68.38933,10.34091],[-68.38942,10.34107],[-68.38948,10.34119],[-68.38954,10.34127],[-68.38961,10.34133],[-68.38966,10.34136],[-68.38972,10.34138],[-68.38979,10.34138],[-68.38985,10.34135],[-68.38993,10.34131],[-68.39001,10.34124],[-68.39013,10.34116],[-68.39025,10.34109],[-68.39035,10.34105],[-68.39046,10.34103],[-68.39066,10.34103],[-68.3909,10.34106],[-68.39115,10.34108],[-68.39157,10.34109],[-68.39221,10.3411],[-68.3926,10.34111],[-68.39282,10.34112],[-68.3929,10.34115],[-68.39296,10.34118],[-68.39299,10.34122],[-68.39299,10.34127],[-68.39299,10.34135],[-68.39295,10.34143],[-68.3929,10.3415],[-68.39285,10.34157],[-68.39283,10.34163],[-68.3928,10.3417],[-68.39279,10.34181],[-68.39279,10.34199],[-68.39281,10.34216],[-68.39281,10.34233],[-68.39277,10.34248],[-68.39275,10.34265],[-68.39274,10.34282],[-68.39277,10.34299],[-68.39281,10.34315],[-68.39286,10.34329],[-68.39294,10.34344],[-68.39304,10.34357],[-68.39316,10.34369],[-68.39334,10.34382],[-68.3936,10.344],[-68.39374,10.34407],[-68.39384,10.34413],[-68.39388,10.34416],[-68.3939,10.34421],[-68.39391,10.34425],[-68.39391,10.3443],[-68.39389,10.34432],[-68.39379,10.3444],[-68.39369,10.34446],[-68.39362,10.34454],[-68.39354,10.34472],[-68.39344,10.345],[-68.39333,10.34519],[-68.39323,10.34535],[-68.39302,10.3457],[-68.39284,10.34599],[-68.39276,10.34607],[-68.39268,10.34615],[-68.39262,10.34619],[-68.39254,10.34619],[-68.39249,10.34618],[-68.39242,10.34614],[-68.39235,10.34609],[-68.39226,10.34605],[-68.39218,10.34604],[-68.39207,10.34604],[-68.39199,10.34606],[-68.39188,10.34612],[-68.39173,10.34619],[-68.39161,10.34624],[-68.39153,10.34628],[-68.39146,10.34637],[-68.39143,10.34644],[-68.39141,10.34655],[-68.39136,10.34694],[-68.39132,10.34708],[-68.39215,10.34918],[-68.39316,10.35111],[-68.39633,10.35237],[-68.39749,10.35476],[-68.39738,10.35611],[-68.39846,10.35828],[-68.3994,10.36647],[-68.3998,10.36727],[-68.39964,10.36738],[-68.39945,10.36755],[-68.39891,10.36809],[-68.39889,10.36843],[-68.39886,10.36866],[-68.3988,10.36881],[-68.39873,10.36891],[-68.3986,10.36908],[-68.39844,10.36926],[-68.39826,10.36949],[-68.3982,10.36958],[-68.39816,10.36968],[-68.39813,10.36983]]]}},{"type":"Feature","properties":{"name":"Montalbán","admin_level":"6","osm_id":10833252},"geometry":{"type":"MultiPolygon","coordinates":[[[[-68.29928,10.16422],[-68.29928,10.1641],[-68.29932,10.16375],[-68.29935,10.16348],[-68.29943,10.16312],[-68.29945,10.16283],[-68.29948,10.16268],[-68.29953,10.16249],[-68.29969,10.16198],[-68.29977,10.16171],[-68.29983,10.16143],[-68.29986,10.16129],[-68.29992,10.16114],[-68.30002,10.16096],[-68.30019,10.16071],[-68.30039,10.16045],[-68.30054,10.16028],[-68.30075,10.16003],[-68.30094,10.15977],[-68.30102,10.15964],[-68.30107,10.15956],[-68.3011,10.15947],[-68.30116,10.15935],[-68.30121,10.15926],[-68.3013,10.15917],[-68.30148,10.159],[-68.30155,10.15891],[-68.3016,10.1588],[-68.30161,10.15866],[-68.3016,10.15854],[-68.30155,10.15835],[-68.30155,10.15825],[-68.30155,10.15815],[-68.30157,10.15803],[-68.30167,10.15784],[-68.30175,10.15765],[-68.30178,10.15754],[-68.30179,10.15742],[-68.30177,10.15727],[-68.30173,10.15705],[-68.30159,10.1564],[-68.30155,10.15599],[-68.30151,10.1557],[-68.30147,10.15553],[-68.30139,10.15526],[-68.30135,10.15512],[-68.30133,10.15495],[-68.30132,10.15478],[-68.30133,10.15467],[-68.30136,10.15455],[-68.30143,10.15445],[-68.30154,10.15432],[-68.30173,10.15418],[-68.30188,10.15411],[-68.30202,10.15408],[-68.30216,10.15408],[-68.30235,10.15408],[-68.30255,10.15407],[-68.30267,10.15405],[-68.30282,10.15401],[-68.30306,10.15394],[-68.30328,10.15387],[-68.30342,10.15386],[-68.30359,10.15385],[-68.30374,10.15384],[-68.30386,10.15382],[-68.30397,10.15379],[-68.30403,10.15374],[-68.30406,10.15367],[-68.30405,10.15356],[-68.30401,10.15348],[-68.30392,10.15331],[-68.30385,10.15317],[-68.30382,10.15306],[-68.30382,10.15296],[-68.30384,10.15284],[-68.30386,10.15274],[-68.30389,10.15262],[-68.3037,10.15271],[-68.30356,10.15279],[-68.3034,10.15286],[-68.30332,10.15287],[-68.30326,10.15285],[-68.3032,10.15281],[-68.30314,10.15279],[-68.30308,10.15278],[-68.30302,10.15279],[-68.30297,10.15278],[-68.30289,10.15273],[-68.30281,10.15265],[-68.30275,10.15257],[-68.30266,10.15247],[-68.30261,10.15239],[-68.30253,10.15231],[-68.30249,10.15225],[-68.30246,10.15217],[-68.30245,10.15207],[-68.30245,10.15196],[-68.30244,10.15186],[-68.3024,10.15179],[-68.30233,10.15174],[-68.30226,10.15171],[-68.30219,10.15172],[-68.30214,10.15175],[-68.30209,10.15178],[-68.30204,10.15185],[-68.30199,10.15194],[-68.30193,10.15204],[-68.30185,10.15214],[-68.30174,10.15227],[-68.30152,10.15253],[-68.30135,10.15273],[-68.30123,10.15283],[-68.30111,10.15288],[-68.30096,10.15293],[-68.30082,10.15294],[-68.30057,10.15291],[-68.30038,10.15287],[-68.30022,10.15281],[-68.30012,10.15278],[-68.30005,10.15276],[-68.29997,10.15278],[-68.29987,10.15287],[-68.29977,10.15301],[-68.29965,10.15319],[-68.29955,10.15333],[-68.29948,10.15342],[-68.29944,10.15351],[-68.29941,10.15363],[-68.2994,10.15379],[-68.29935,10.15395],[-68.2993,10.1541],[-68.29928,10.15416],[-68.29926,10.15423],[-68.29924,10.15431],[-68.29926,10.15441],[-68.29929,10.1545],[-68.29932,10.1546],[-68.29932,10.15469],[-68.29929,10.15477],[-68.29924,10.15487],[-68.29915,10.15505],[-68.29897,10.15545],[-68.29878,10.15585],[-68.29871,10.15602],[-68.29868,10.15611],[-68.29863,10.1562],[-68.29856,10.15629],[-68.29847,10.15636],[-68.29838,10.15642],[-68.29809,10.15658],[-68.29773,10.15681],[-68.29761,10.15687],[-68.29744,10.15694],[-68.29733,10.15699],[-68.29724,10.15707],[-68.29716,10.15718],[-68.29709,10.15729],[-68.29697,10.15749],[-68.29677,10.1578],[-68.29666,10.15794],[-68.29654,10.15805],[-68.29645,10.15814],[-68.29637,10.15827],[-68.29603,10.15884],[-68.2959,10.15903],[-68.29565,10.1594],[-68.29549,10.15962],[-68.29527,10.15999],[-68.29506,10.1603],[-68.29496,10.16042],[-68.29488,10.16049],[-68.29483,10.16054],[-68.2948,10.16057],[-68.29478,10.16062],[-68.29477,10.16067],[-68.29478,10.16072],[-68.2948,10.16079],[-68.2948,10.16085],[-68.29479,10.1609],[-68.29476,10.16098],[-68.29472,10.16103],[-68.29468,10.16106],[-68.29465,10.16107],[-68.29462,10.16107],[-68.29459,10.16106],[-68.29457,10.16104],[-68.29457,10.161],[-68.29456,10.16095],[-68.29455,10.16093],[-68.29454,10.16091],[-68.29451,10.1609],[-68.29448,10.16092],[-68.29444,10.16095],[-68.29441,10.16099],[-68.29435,10.16105],[-68.29425,10.16112],[-68.29418,10.16117],[-68.29412,10.16119],[-68.29406,10.16121],[-68.29401,10.16122],[-68.29382,10.16121],[-68.2937,10.1612],[-68.29361,10.16121],[-68.29354,10.16122],[-68.29347,10.16124],[-68.29338,10.16127],[-68.2933,10.16129],[-68.29322,10.16131],[-68.29315,10.16131],[-68.2931,10.16131],[-68.293,10.16129],[-68.29291,10.16128],[-68.29279,10.1613],[-68.29259,10.16134],[-68.29252,10.16135],[-68.29245,10.16135],[-68.29233,10.16134],[-68.29226,10.16134],[-68.2922,10.16136],[-68.29208,10.16138],[-68.29195,10.1614],[-68.29188,10.1614],[-68.29181,10.16139],[-68.29177,10.16137],[-68.29173,10.16134],[-68.29168,10.1613],[-68.29165,10.16128],[-68.2916,10.16126],[-68.29153,10.16126],[-68.29146,10.16127],[-68.29142,10.16129],[-68.29138,10.16132],[-68.29135,10.16134],[-68.29131,10.16137],[-68.2912,10.16142],[-68.29113,10.16146],[-68.29104,10.16148],[-68.29098,10.16149],[-68.29091,10.16149],[-68.29085,10.16148],[-68.29076,10.16145],[-68.2907,10.16142],[-68.29064,10.16138],[-68.29058,10.16132],[-68.29054,10.16127],[-68.2905,10.16123],[-68.29046,10.16122],[-68.2904,10.16122],[-68.29032,10.16124],[-68.29028,10.16127],[-68.29024,10.16132],[-68.2902,10.16136],[-68.29015,10.16139],[-68.2901,10.16141],[-68.29002,10.16143],[-68.28987,10.16146],[-68.2898,10.16147],[-68.28975,10.16147],[-68.28969,10.16145],[-68.28965,10.16142],[-68.28954,10.16131],[-68.28947,10.16126],[-68.28941,10.16124],[-68.28934,10.16123],[-68.28923,10.16122],[-68.2892,10.16122],[-68.28916,10.16124],[-68.28914,10.16126],[-68.28913,10.1613],[-68.28912,10.16134],[-68.28912,10.16139],[-68.28913,10.16142],[-68.28914,10.16145],[-68.28918,10.16154],[-68.28919,10.16158],[-68.28921,10.16165],[-68.28921,10.16173],[-68.2892,10.16185],[-68.28915,10.16205],[-68.2891,10.16225],[-68.28907,10.16233],[-68.28905,10.16238],[-68.28903,10.16241],[-68.28899,10.16244],[-68.28885,10.16256],[-68.28879,10.16262],[-68.28874,10.16268],[-68.28866,10.16286],[-68.28862,10.16293],[-68.28857,10.16299],[-68.28851,10.16303],[-68.28845,10.16306],[-68.28832,10.16309],[-68.28823,10.16314],[-68.28817,10.16317],[-68.28813,10.16321],[-68.28808,10.16326],[-68.28805,10.16331],[-68.28804,10.16336],[-68.28802,10.16341],[-68.28799,10.16344],[-68.28795,10.16346],[-68.28791,10.16347],[-68.28786,10.16346],[-68.28783,10.16345],[-68.28781,10.16342],[-68.28779,10.1634],[-68.28779,10.16336],[-68.28781,10.16334],[-68.28783,10.16331],[-68.28783,10.16327],[-68.28781,10.16324],[-68.28778,10.16323],[-68.28772,10.16321],[-68.28767,10.16321],[-68.2876,10.16322],[-68.28753,10.16326],[-68.28747,10.16331],[-68.28743,10.16336],[-68.28739,10.16341],[-68.28733,10.16346],[-68.28728,10.16349],[-68.28725,10.1635],[-68.2872,10.16349],[-68.28713,10.16349],[-68.28707,10.16348],[-68.28703,10.16345],[-68.28695,10.1634],[-68.28686,10.16334],[-68.28676,10.16329],[-68.28662,10.16322],[-68.2865,10.16314],[-68.28638,10.16307],[-68.28627,10.16299],[-68.28617,10.1629],[-68.28609,10.16278],[-68.286,10.16266],[-68.28593,10.16258],[-68.28586,10.16253],[-68.28579,10.1625],[-68.28571,10.16249],[-68.28563,10.16249],[-68.28557,10.16248],[-68.28546,10.16244],[-68.28536,10.16239],[-68.28526,10.16231],[-68.2852,10.16221],[-68.28513,10.16209],[-68.28488,10.16171],[-68.28477,10.16152],[-68.28465,10.16132],[-68.28453,10.16112],[-68.28443,10.16098],[-68.28432,10.16085],[-68.28425,10.16081],[-68.28419,10.16079],[-68.28413,10.16079],[-68.28406,10.16082],[-68.28397,10.16088],[-68.28389,10.16092],[-68.28384,10.16095],[-68.28378,10.16096],[-68.28372,10.16097],[-68.28368,10.16098],[-68.28365,10.16099],[-68.28362,10.16102],[-68.2836,10.16107],[-68.28359,10.16116],[-68.28358,10.16123],[-68.28357,10.16127],[-68.28353,10.16133],[-68.28347,10.16136],[-68.28337,10.1614],[-68.28319,10.16146],[-68.28289,10.16151],[-68.28268,10.16155],[-68.28252,10.16161],[-68.28244,10.16166],[-68.28222,10.16183],[-68.28192,10.16212],[-68.28181,10.1622],[-68.28168,10.16225],[-68.2815,10.16227],[-68.28132,10.16229],[-68.28125,10.1623],[-68.28118,10.16234],[-68.28113,10.1624],[-68.28112,10.16246],[-68.28113,10.16253],[-68.28114,10.1626],[-68.28114,10.16267],[-68.28111,10.16273],[-68.28107,10.16278],[-68.28101,10.16283],[-68.28087,10.16292],[-68.28076,10.163],[-68.28066,10.16308],[-68.28055,10.16319],[-68.28046,10.16335],[-68.28039,10.16346],[-68.28035,10.16353],[-68.28029,10.16362],[-68.28022,10.16369],[-68.28007,10.16385],[-68.27992,10.16397],[-68.27979,10.16407],[-68.2797,10.16417],[-68.27961,10.16428],[-68.27952,10.16436],[-68.2794,10.16447],[-68.27932,10.16457],[-68.27922,10.1647],[-68.27903,10.165],[-68.27894,10.16513],[-68.27889,10.16524],[-68.27884,10.16533],[-68.27882,10.16545],[-68.27882,10.16553],[-68.27882,10.16561],[-68.27881,10.16574],[-68.27878,10.16587],[-68.27875,10.16607],[-68.27871,10.16629],[-68.27869,10.1664],[-68.27865,10.1665],[-68.2786,10.16657],[-68.27854,10.16665],[-68.27852,10.16673],[-68.27846,10.1669],[-68.27835,10.16725],[-68.27826,10.16744],[-68.27819,10.16758],[-68.27802,10.16779],[-68.27794,10.16791],[-68.27788,10.16804],[-68.27783,10.16817],[-68.27777,10.16834],[-68.27771,10.16847],[-68.27765,10.16859],[-68.27758,10.16869],[-68.27751,10.16874],[-68.27745,10.1688],[-68.27741,10.16887],[-68.27736,10.16894],[-68.2773,10.169],[-68.27723,10.16905],[-68.27711,10.16911],[-68.27704,10.16916],[-68.27699,10.16922],[-68.27693,10.16932],[-68.27689,10.16937],[-68.27683,10.1694],[-68.27676,10.16941],[-68.27669,10.16942],[-68.27666,10.16942],[-68.27662,10.16943],[-68.27659,10.16946],[-68.27656,10.16951],[-68.27655,10.16958],[-68.27654,10.16966],[-68.2765,10.16974],[-68.27643,10.16986],[-68.27639,10.16991],[-68.27635,10.16995],[-68.27629,10.17],[-68.27624,10.17002],[-68.27618,10.17005],[-68.27608,10.17012],[-68.27593,10.1702],[-68.27625,10.17122],[-68.27624,10.17156],[-68.27625,10.17178],[-68.27625,10.172],[-68.27624,10.17214],[-68.27622,10.17236],[-68.27622,10.17247],[-68.27623,10.17257],[-68.27626,10.17267],[-68.2763,10.17279],[-68.27631,10.1729],[-68.27635,10.17312],[-68.2765,10.17423],[-68.27649,10.17433],[-68.2765,10.17443],[-68.27652,10.17454],[-68.27659,10.17462],[-68.27669,10.17466],[-68.27679,10.17471],[-68.277,10.17477],[-68.27709,10.17481],[-68.27719,10.17487],[-68.27729,10.17491],[-68.27741,10.17495],[-68.27752,10.17499],[-68.27784,10.17512],[-68.27807,10.17518],[-68.27818,10.17522],[-68.27827,10.17526],[-68.27837,10.17532],[-68.27855,10.17545],[-68.27863,10.17553],[-68.27872,10.17559],[-68.27878,10.17569],[-68.27887,10.17578],[-68.27893,10.17587],[-68.27901,10.17593],[-68.27911,10.17595],[-68.27922,10.17595],[-68.27944,10.17593],[-68.27957,10.17593],[-68.27955,10.17603],[-68.27952,10.17611],[-68.27947,10.17621],[-68.27944,10.17631],[-68.27944,10.17638],[-68.27947,10.1767],[-68.27949,10.17682],[-68.27954,10.17692],[-68.27965,10.17712],[-68.27975,10.1773],[-68.2798,10.17742],[-68.27982,10.17754],[-68.27981,10.17766],[-68.27977,10.17795],[-68.27973,10.17803],[-68.27966,10.1781],[-68.27954,10.17819],[-68.27938,10.17833],[-68.27921,10.1785],[-68.27912,10.17863],[-68.27901,10.17878],[-68.27893,10.17888],[-68.27882,10.17898],[-68.27852,10.1792],[-68.27819,10.17945],[-68.27798,10.17964],[-68.27788,10.17972],[-68.27777,10.17976],[-68.27764,10.1798],[-68.27743,10.17986],[-68.27728,10.17994],[-68.27719,10.18002],[-68.27713,10.1801],[-68.27704,10.18024],[-68.27687,10.18054],[-68.27672,10.18083],[-68.27667,10.18103],[-68.27665,10.18117],[-68.27663,10.1814],[-68.27663,10.18156],[-68.27663,10.18166],[-68.27659,10.18175],[-68.27641,10.18215],[-68.27632,10.18229],[-68.27623,10.18236],[-68.27616,10.1824],[-68.27605,10.18248],[-68.27597,10.18257],[-68.27591,10.18266],[-68.27587,10.18278],[-68.2758,10.18303],[-68.27561,10.18339],[-68.27535,10.18376],[-68.27498,10.18425],[-68.27489,10.18441],[-68.27474,10.18473],[-68.27465,10.18489],[-68.27428,10.18564],[-68.27416,10.18588],[-68.27395,10.18631],[-68.27388,10.18648],[-68.27384,10.18662],[-68.27381,10.18682],[-68.27375,10.1872],[-68.27372,10.1873],[-68.27367,10.18741],[-68.27365,10.18749],[-68.27365,10.18757],[-68.27365,10.18765],[-68.27369,10.1878],[-68.27376,10.18796],[-68.2739,10.18828],[-68.27404,10.18852],[-68.27415,10.1887],[-68.27421,10.18885],[-68.27425,10.18902],[-68.27429,10.18933],[-68.27429,10.1895],[-68.27427,10.18971],[-68.27424,10.18985],[-68.27418,10.18995],[-68.27414,10.19001],[-68.27411,10.1901],[-68.27412,10.1902],[-68.27413,10.19025],[-68.27414,10.19031],[-68.27418,10.1904],[-68.2742,10.19047],[-68.27418,10.19053],[-68.27415,10.19059],[-68.27391,10.19094],[-68.27375,10.19116],[-68.27364,10.1913],[-68.27359,10.19138],[-68.27356,10.19147],[-68.27354,10.19158],[-68.27352,10.19168],[-68.27349,10.19177],[-68.27345,10.19184],[-68.2734,10.19191],[-68.27332,10.19203],[-68.27323,10.19223],[-68.27316,10.19236],[-68.27311,10.19244],[-68.27303,10.19252],[-68.27296,10.19257],[-68.27291,10.1926],[-68.27284,10.19267],[-68.2728,10.19273],[-68.27276,10.19285],[-68.2727,10.19299],[-68.27263,10.19309],[-68.27258,10.19315],[-68.27251,10.19321],[-68.27239,10.19329],[-68.27223,10.1934],[-68.27196,10.19353],[-68.27179,10.19365],[-68.27164,10.19377],[-68.27158,10.19387],[-68.27155,10.19399],[-68.27153,10.19413],[-68.27152,10.19433],[-68.27152,10.19449],[-68.27154,10.19461],[-68.27163,10.19478],[-68.27186,10.19517],[-68.27204,10.19536],[-68.27224,10.19555],[-68.27239,10.19571],[-68.27252,10.19588],[-68.27263,10.19606],[-68.27273,10.19634],[-68.27288,10.19678],[-68.27296,10.19696],[-68.27304,10.19716],[-68.27313,10.1974],[-68.27318,10.19757],[-68.27324,10.19773],[-68.27329,10.19787],[-68.27331,10.19798],[-68.27332,10.19813],[-68.27329,10.19846],[-68.27325,10.19866],[-68.27319,10.19886],[-68.27313,10.19898],[-68.27311,10.19909],[-68.2731,10.1992],[-68.27312,10.19932],[-68.27312,10.19945],[-68.2731,10.19956],[-68.27304,10.19966],[-68.27295,10.19977],[-68.27286,10.19985],[-68.27282,10.19993],[-68.27279,10.20003],[-68.27276,10.20013],[-68.27272,10.2002],[-68.27267,10.20029],[-68.2726,10.20044],[-68.27257,10.20056],[-68.27255,10.20068],[-68.27255,10.20078],[-68.27254,10.20087],[-68.27251,10.20097],[-68.27245,10.20103],[-68.27239,10.2011],[-68.27227,10.20119],[-68.27216,10.20125],[-68.27204,10.20129],[-68.27193,10.2013],[-68.27185,10.20129],[-68.27177,10.20127],[-68.27168,10.20124],[-68.27159,10.20121],[-68.2715,10.20119],[-68.2714,10.20118],[-68.27132,10.20118],[-68.27123,10.2012],[-68.27115,10.20126],[-68.27111,10.20132],[-68.2711,10.20138],[-68.2711,10.20146],[-68.27112,10.20162],[-68.27113,10.20182],[-68.27114,10.20201],[-68.27111,10.20218],[-68.27107,10.20233],[-68.27105,10.20247],[-68.27104,10.20258],[-68.27106,10.20268],[-68.27109,10.20276],[-68.27115,10.20284],[-68.27124,10.20298],[-68.2713,10.20311],[-68.27136,10.20328],[-68.2714,10.20342],[-68.27142,10.20352],[-68.27141,10.20361],[-68.27137,10.20371],[-68.27133,10.20382],[-68.27129,10.20398],[-68.27126,10.20412],[-68.27126,10.20423],[-68.27129,10.20432],[-68.27132,10.20441],[-68.27138,10.20458],[-68.27141,10.20467],[-68.27144,10.20474],[-68.27144,10.20482],[-68.27141,10.2049],[-68.27133,10.20505],[-68.27129,10.20515],[-68.27128,10.20523],[-68.27128,10.20535],[-68.27129,10.20555],[-68.27133,10.20589],[-68.27134,10.20604],[-68.27113,10.20615],[-68.27092,10.20625],[-68.27074,10.20631],[-68.27051,10.2064],[-68.27041,10.20644],[-68.27033,10.20649],[-68.27028,10.20656],[-68.27027,10.20663],[-68.27029,10.20672],[-68.27033,10.20684],[-68.27037,10.20698],[-68.27038,10.20711],[-68.27037,10.2074],[-68.27039,10.20786],[-68.27008,10.20797],[-68.26993,10.20801],[-68.26965,10.20805],[-68.26945,10.20807],[-68.26935,10.20809],[-68.26928,10.20812],[-68.26921,10.20818],[-68.26915,10.20827],[-68.26893,10.20877],[-68.26877,10.20915],[-68.26861,10.20942],[-68.26853,10.20952],[-68.26847,10.2096],[-68.26832,10.20988],[-68.2682,10.21014],[-68.26798,10.21018],[-68.26776,10.21024],[-68.26768,10.21026],[-68.26762,10.21029],[-68.26756,10.21034],[-68.26748,10.21043],[-68.2674,10.21056],[-68.26731,10.2107],[-68.26675,10.21068],[-68.26665,10.21069],[-68.26656,10.21072],[-68.26645,10.21077],[-68.26623,10.21093],[-68.26606,10.21108],[-68.26597,10.21118],[-68.26593,10.21124],[-68.26591,10.21131],[-68.26589,10.21146],[-68.26587,10.21161],[-68.26585,10.21197],[-68.26584,10.21207],[-68.26581,10.21217],[-68.26572,10.21251],[-68.2657,10.21263],[-68.26567,10.21277],[-68.26567,10.21286],[-68.26567,10.21296],[-68.26568,10.21304],[-68.26569,10.21313],[-68.26571,10.21325],[-68.26575,10.21338],[-68.26583,10.21359],[-68.26586,10.21368],[-68.26587,10.21378],[-68.26588,10.21387],[-68.26591,10.21393],[-68.26595,10.21402],[-68.26607,10.21423],[-68.2661,10.21433],[-68.2662,10.21458],[-68.26628,10.21482],[-68.26633,10.21501],[-68.26635,10.2151],[-68.26636,10.21522],[-68.26638,10.21547],[-68.26637,10.21555],[-68.26636,10.2156],[-68.26634,10.21564],[-68.26628,10.21568],[-68.26619,10.21572],[-68.26582,10.21589],[-68.26569,10.21595],[-68.26562,10.216],[-68.26557,10.21605],[-68.26551,10.21612],[-68.26545,10.21623],[-68.26539,10.21634],[-68.26533,10.21645],[-68.26528,10.21661],[-68.26521,10.21681],[-68.26515,10.21688],[-68.265,10.21704],[-68.2649,10.21713],[-68.26483,10.21721],[-68.2647,10.21742],[-68.26463,10.21752],[-68.2645,10.2177],[-68.26429,10.21798],[-68.26422,10.21804],[-68.26415,10.21809],[-68.26408,10.21813],[-68.26399,10.21819],[-68.26395,10.21823],[-68.26391,10.21829],[-68.26387,10.21835],[-68.26383,10.21839],[-68.26379,10.2184],[-68.26374,10.21842],[-68.26325,10.21855],[-68.26296,10.21866],[-68.2629,10.21869],[-68.26285,10.21873],[-68.26281,10.21877],[-68.26275,10.21884],[-68.26244,10.21926],[-68.26235,10.21941],[-68.26231,10.21948],[-68.26226,10.21953],[-68.26222,10.21957],[-68.26217,10.21959],[-68.26212,10.2196],[-68.26207,10.2196],[-68.26198,10.21959],[-68.26152,10.21951],[-68.26142,10.2195],[-68.26134,10.2195],[-68.26123,10.21951],[-68.261,10.21955],[-68.26092,10.21956],[-68.26088,10.21959],[-68.26082,10.21962],[-68.26076,10.21966],[-68.26072,10.21967],[-68.26054,10.2197],[-68.26045,10.21973],[-68.26038,10.21976],[-68.26032,10.21981],[-68.26024,10.21987],[-68.2602,10.2199],[-68.26014,10.21994],[-68.26008,10.21995],[-68.26001,10.21997],[-68.2598,10.22001],[-68.25973,10.22002],[-68.25969,10.22004],[-68.25964,10.2201],[-68.25954,10.22022],[-68.25947,10.22028],[-68.25939,10.22032],[-68.25931,10.22035],[-68.25924,10.22037],[-68.25906,10.22042],[-68.25894,10.22045],[-68.25889,10.22045],[-68.25883,10.22045],[-68.25877,10.22043],[-68.25859,10.22036],[-68.25842,10.22032],[-68.25832,10.2203],[-68.25826,10.22038],[-68.25808,10.22057],[-68.25798,10.22067],[-68.25793,10.22074],[-68.25786,10.22083],[-68.2578,10.22092],[-68.25773,10.22104],[-68.2577,10.22111],[-68.25768,10.22117],[-68.25767,10.22123],[-68.25768,10.22132],[-68.25769,10.22146],[-68.25773,10.22171],[-68.25775,10.22187],[-68.25775,10.22196],[-68.25774,10.22205],[-68.25772,10.22214],[-68.25769,10.22225],[-68.25766,10.22231],[-68.25762,10.22236],[-68.25756,10.22241],[-68.25749,10.22244],[-68.25739,10.22246],[-68.25726,10.22248],[-68.25712,10.22248],[-68.25697,10.22249],[-68.25691,10.2225],[-68.25686,10.22252],[-68.25679,10.22257],[-68.25674,10.22261],[-68.25668,10.22264],[-68.25662,10.22265],[-68.25651,10.22265],[-68.25643,10.22265],[-68.25635,10.22264],[-68.2563,10.22262],[-68.25625,10.22259],[-68.25604,10.22243],[-68.25577,10.22225],[-68.25568,10.22219],[-68.25554,10.2221],[-68.25542,10.22204],[-68.25538,10.22202],[-68.25534,10.22201],[-68.2553,10.22201],[-68.25526,10.22202],[-68.2552,10.22203],[-68.25515,10.22206],[-68.25509,10.22207],[-68.25504,10.22208],[-68.25493,10.2221],[-68.25467,10.22213],[-68.25452,10.22259],[-68.25444,10.22279],[-68.25441,10.22285],[-68.25427,10.223],[-68.25414,10.22316],[-68.25406,10.22328],[-68.25402,10.22343],[-68.25397,10.22353],[-68.25391,10.22365],[-68.2539,10.2237],[-68.2539,10.22375],[-68.2539,10.22381],[-68.25392,10.22393],[-68.25396,10.2241],[-68.25391,10.22426],[-68.25388,10.22434],[-68.25385,10.22442],[-68.25381,10.22456],[-68.25372,10.22471],[-68.25365,10.22479],[-68.25358,10.22485],[-68.25346,10.22492],[-68.25311,10.22512],[-68.2525,10.22553],[-68.25222,10.2257],[-68.252,10.2258],[-68.25183,10.22589],[-68.25173,10.22594],[-68.25167,10.22595],[-68.2516,10.22597],[-68.25149,10.226],[-68.2514,10.22602],[-68.25135,10.22604],[-68.25127,10.22609],[-68.25112,10.22619],[-68.25105,10.22624],[-68.25093,10.22634],[-68.25022,10.22636],[-68.25018,10.22658],[-68.25012,10.22683],[-68.25008,10.22694],[-68.25004,10.227],[-68.24998,10.22708],[-68.24993,10.22716],[-68.24992,10.22726],[-68.2499,10.22738],[-68.24989,10.2275],[-68.24992,10.2276],[-68.24995,10.2277],[-68.25,10.22787],[-68.25002,10.22798],[-68.25004,10.2281],[-68.25004,10.22844],[-68.24991,10.22856],[-68.24984,10.22862],[-68.24978,10.2287],[-68.24976,10.2288],[-68.24974,10.2289],[-68.24969,10.22907],[-68.24966,10.22919],[-68.24961,10.22926],[-68.24955,10.22931],[-68.24943,10.22938],[-68.24857,10.22995],[-68.24833,10.23011],[-68.24826,10.23018],[-68.24819,10.23027],[-68.24801,10.23067],[-68.24781,10.23111],[-68.24769,10.23139],[-68.24759,10.23148],[-68.24747,10.23158],[-68.24741,10.23166],[-68.24737,10.23174],[-68.24734,10.23188],[-68.24719,10.2323],[-68.24707,10.23262],[-68.24701,10.23276],[-68.24698,10.23285],[-68.24698,10.23294],[-68.24699,10.23304],[-68.24702,10.23313],[-68.24709,10.23324],[-68.24728,10.23346],[-68.2476,10.23391],[-68.24774,10.23403],[-68.24782,10.2341],[-68.24785,10.23416],[-68.24787,10.23423],[-68.24787,10.23434],[-68.24785,10.23443],[-68.2478,10.23451],[-68.24776,10.23456],[-68.24767,10.23463],[-68.24758,10.23471],[-68.24754,10.23477],[-68.24742,10.23495],[-68.24726,10.23523],[-68.24716,10.23536],[-68.24708,10.23548],[-68.24702,10.23557],[-68.24699,10.23568],[-68.24699,10.23577],[-68.247,10.23586],[-68.24703,10.2361],[-68.24702,10.23617],[-68.24695,10.23627],[-68.24673,10.23646],[-68.24652,10.23661],[-68.24632,10.23673],[-68.24625,10.23679],[-68.2462,10.23686],[-68.24619,10.23693],[-68.24617,10.23713],[-68.24616,10.23734],[-68.24612,10.23748],[-68.24609,10.2376],[-68.24601,10.23778],[-68.24598,10.23787],[-68.24596,10.23792],[-68.24596,10.23801],[-68.24555,10.23824],[-68.24542,10.23835],[-68.24537,10.23843],[-68.24531,10.23855],[-68.24519,10.23872],[-68.24514,10.23876],[-68.24472,10.2392],[-68.2444,10.23947],[-68.24411,10.23968],[-68.24403,10.23995],[-68.24396,10.24025],[-68.2439,10.24038],[-68.24385,10.24044],[-68.24382,10.24056],[-68.24379,10.24068],[-68.24373,10.24095],[-68.24366,10.24125],[-68.24361,10.24143],[-68.24344,10.24155],[-68.24334,10.24158],[-68.24325,10.2416],[-68.24312,10.24159],[-68.24298,10.24157],[-68.24289,10.24156],[-68.2428,10.24158],[-68.24271,10.24161],[-68.24262,10.24166],[-68.24251,10.2418],[-68.2424,10.24198],[-68.24227,10.24213],[-68.24215,10.24224],[-68.24196,10.24241],[-68.24186,10.24251],[-68.24182,10.24259],[-68.2418,10.2427],[-68.24176,10.24284],[-68.24172,10.2429],[-68.24166,10.24297],[-68.24152,10.2431],[-68.24147,10.24317],[-68.24139,10.24328],[-68.24132,10.2434],[-68.24113,10.24379],[-68.24099,10.24404],[-68.24072,10.2445],[-68.24006,10.24476],[-68.23963,10.24496],[-68.23927,10.24511],[-68.23911,10.24517],[-68.23901,10.24526],[-68.23893,10.24535],[-68.23871,10.24558],[-68.2385,10.24581],[-68.2382,10.24619],[-68.23796,10.24658],[-68.23776,10.24699],[-68.23755,10.24743],[-68.23744,10.24767],[-68.23736,10.2478],[-68.23704,10.24821],[-68.23675,10.24853],[-68.23599,10.24922],[-68.23546,10.24963],[-68.23388,10.25074],[-68.23366,10.25095],[-68.23357,10.25111],[-68.2335,10.25133],[-68.23308,10.25154],[-68.23296,10.2516],[-68.23305,10.25218],[-68.2324,10.25242],[-68.23244,10.25298],[-68.23246,10.25316],[-68.23252,10.25331],[-68.23259,10.2535],[-68.23266,10.25363],[-68.23282,10.25381],[-68.23297,10.25401],[-68.23311,10.2542],[-68.23321,10.25436],[-68.23333,10.25455],[-68.23339,10.2547],[-68.23344,10.25484],[-68.23351,10.25505],[-68.23359,10.25538],[-68.23362,10.25551],[-68.23368,10.25562],[-68.23379,10.25581],[-68.23398,10.25611],[-68.23405,10.25623],[-68.23409,10.25632],[-68.23411,10.25642],[-68.23411,10.25649],[-68.23405,10.25676],[-68.23391,10.25732],[-68.23379,10.25766],[-68.23369,10.25807],[-68.23368,10.25815],[-68.23369,10.25821],[-68.23375,10.25831],[-68.23392,10.25862],[-68.23401,10.25881],[-68.2341,10.25901],[-68.23423,10.25933],[-68.2344,10.25972],[-68.23453,10.25997],[-68.2346,10.26018],[-68.23464,10.26037],[-68.23471,10.26109],[-68.23472,10.26134],[-68.2353,10.26172],[-68.23555,10.26255],[-68.2357,10.26373],[-68.23601,10.26484],[-68.23673,10.266],[-68.23775,10.26752],[-68.24053,10.268],[-68.24267,10.26867],[-68.245,10.26846],[-68.24742,10.26875],[-68.24827,10.26839],[-68.24851,10.26854],[-68.24887,10.26868],[-68.24929,10.26875],[-68.24962,10.26874],[-68.2501,10.26864],[-68.25047,10.26858],[-68.25087,10.26856],[-68.25144,10.26856],[-68.25194,10.26847],[-68.25257,10.26831],[-68.25298,10.26814],[-68.2537,10.26783],[-68.25489,10.26723],[-68.25548,10.26633],[-68.25586,10.26578],[-68.25658,10.26507],[-68.25693,10.26482],[-68.25729,10.26464],[-68.25763,10.26453],[-68.25806,10.26442],[-68.25844,10.26418],[-68.25912,10.26423],[-68.26063,10.26404],[-68.26583,10.26391],[-68.26659,10.26311],[-68.27334,10.26296],[-68.27456,10.263],[-68.27547,10.26264],[-68.27809,10.26179],[-68.28174,10.2622],[-68.28672,10.26328],[-68.29114,10.26316],[-68.294,10.26222],[-68.2979,10.26269],[-68.29863,10.26254],[-68.29946,10.2624],[-68.29996,10.26267],[-68.30023,10.26279],[-68.30056,10.26296],[-68.30095,10.26316],[-68.30137,10.26334],[-68.30183,10.26339],[-68.30235,10.26337],[-68.30281,10.26328],[-68.30345,10.26314],[-68.30357,10.26311],[-68.30414,10.2629],[-68.3046,10.26293],[-68.30497,10.26318],[-68.30547,10.2635],[-68.30612,10.26377],[-68.30693,10.26409],[-68.30718,10.26431],[-68.30742,10.26448],[-68.30789,10.26475],[-68.30837,10.2649],[-68.30886,10.26519],[-68.30936,10.26561],[-68.30982,10.26587],[-68.31031,10.26608],[-68.31089,10.26622],[-68.31182,10.26634],[-68.31285,10.26686],[-68.31327,10.26708],[-68.3136,10.26714],[-68.31437,10.26715],[-68.31527,10.26721],[-68.31638,10.26733],[-68.31697,10.26751],[-68.31757,10.26773],[-68.3181,10.26794],[-68.31852,10.26817],[-68.31903,10.26833],[-68.31944,10.26837],[-68.31987,10.26837],[-68.32036,10.26843],[-68.32092,10.26858],[-68.3222,10.26923],[-68.32259,10.26899],[-68.32306,10.26862],[-68.32365,10.26825],[-68.3245,10.26838],[-68.32534,10.26849],[-68.32652,10.26867],[-68.32706,10.26882],[-68.32743,10.26903],[-68.32775,10.26933],[-68.32813,10.26978],[-68.32828,10.27004],[-68.32852,10.27022],[-68.32882,10.27035],[-68.32956,10.27053],[-68.3315,10.26864],[-68.33192,10.26769],[-68.33209,10.26725],[-68.33235,10.26667],[-68.33234,10.26585],[-68.33233,10.26542],[-68.33249,10.26487],[-68.33303,10.264],[-68.33339,10.26335],[-68.33373,10.26256],[-68.334,10.26194],[-68.33418,10.26147],[-68.33446,10.26108],[-68.33482,10.2608],[-68.33524,10.26058],[-68.33567,10.26041],[-68.33644,10.26029],[-68.33729,10.26022],[-68.3391,10.25983],[-68.33989,10.25972],[-68.34051,10.25951],[-68.34096,10.2593],[-68.34169,10.25908],[-68.34195,10.25907],[-68.34233,10.25915],[-68.34275,10.25928],[-68.34368,10.25966],[-68.34409,10.25934],[-68.34441,10.25912],[-68.34492,10.25894],[-68.34522,10.25882],[-68.34556,10.25865],[-68.34605,10.25836],[-68.34675,10.25797],[-68.3471,10.25776],[-68.34747,10.25752],[-68.34816,10.25713],[-68.34835,10.25648],[-68.34846,10.25611],[-68.34868,10.25572],[-68.34881,10.25559],[-68.34891,10.2555],[-68.34911,10.25528],[-68.34925,10.2551],[-68.34937,10.2549],[-68.34942,10.25469],[-68.34946,10.25455],[-68.34955,10.25442],[-68.3496,10.25438],[-68.34976,10.25431],[-68.35008,10.25426],[-68.35048,10.25422],[-68.35155,10.25335],[-68.35209,10.25306],[-68.35226,10.25188],[-68.3528,10.25147],[-68.35336,10.25114],[-68.35376,10.25098],[-68.35435,10.25081],[-68.35499,10.25076],[-68.35532,10.25038],[-68.35555,10.25023],[-68.35582,10.25012],[-68.35623,10.25007],[-68.35658,10.2501],[-68.35689,10.25014],[-68.35727,10.25024],[-68.35793,10.25068],[-68.35819,10.2505],[-68.35861,10.25014],[-68.35886,10.2499],[-68.35914,10.24962],[-68.35941,10.24932],[-68.35991,10.24887],[-68.36036,10.24859],[-68.36069,10.24837],[-68.3609,10.2482],[-68.36111,10.24792],[-68.36131,10.2476],[-68.36146,10.24738],[-68.36162,10.24723],[-68.36183,10.24715],[-68.36212,10.2471],[-68.36256,10.24708],[-68.36373,10.2471],[-68.36376,10.24677],[-68.36384,10.24647],[-68.36407,10.24608],[-68.36432,10.24575],[-68.36477,10.24528],[-68.36547,10.24468],[-68.36609,10.24452],[-68.36635,10.24441],[-68.36666,10.24421],[-68.36692,10.24394],[-68.36712,10.2436],[-68.36733,10.24321],[-68.36742,10.24276],[-68.36759,10.24208],[-68.36783,10.24114],[-68.36827,10.24051],[-68.3687,10.2398],[-68.3693,10.2387],[-68.3693,10.23822],[-68.36934,10.23782],[-68.36937,10.2375],[-68.36948,10.23701],[-68.37003,10.23548],[-68.37037,10.23463],[-68.37188,10.23434],[-68.37197,10.23374],[-68.37338,10.23309],[-68.3739,10.23283],[-68.37411,10.23268],[-68.37423,10.23256],[-68.37439,10.2323],[-68.37459,10.23203],[-68.37515,10.23144],[-68.37591,10.23069],[-68.37649,10.23025],[-68.3769,10.22989],[-68.37721,10.2295],[-68.37766,10.22885],[-68.37798,10.22836],[-68.37831,10.22789],[-68.37882,10.22719],[-68.37919,10.22674],[-68.37942,10.22642],[-68.37949,10.22624],[-68.37953,10.226],[-68.37952,10.2258],[-68.37952,10.22564],[-68.37964,10.22526],[-68.37995,10.22483],[-68.37967,10.22454],[-68.37946,10.22425],[-68.37929,10.22397],[-68.37906,10.2235],[-68.37869,10.22271],[-68.37917,10.22205],[-68.37927,10.22181],[-68.37929,10.22167],[-68.3793,10.22145],[-68.3793,10.22117],[-68.37927,10.22085],[-68.37923,10.22036],[-68.37924,10.22004],[-68.37924,10.21983],[-68.37924,10.21968],[-68.37928,10.21951],[-68.3794,10.21931],[-68.3796,10.21901],[-68.37976,10.21867],[-68.37991,10.2182],[-68.38002,10.21785],[-68.37976,10.21757],[-68.37953,10.21735],[-68.37931,10.21711],[-68.37913,10.21688],[-68.37902,10.21666],[-68.37889,10.21638],[-68.37875,10.21616],[-68.37858,10.21598],[-68.37832,10.21571],[-68.37819,10.21556],[-68.37812,10.21547],[-68.37806,10.21539],[-68.378,10.21531],[-68.37795,10.21522],[-68.37785,10.21513],[-68.37772,10.21501],[-68.37755,10.21482],[-68.37741,10.21464],[-68.3773,10.21444],[-68.37695,10.21378],[-68.37688,10.21363],[-68.37655,10.21263],[-68.37642,10.21229],[-68.37607,10.21186],[-68.37588,10.2117],[-68.37576,10.21158],[-68.37557,10.21136],[-68.37522,10.21089],[-68.37504,10.21071],[-68.37487,10.21055],[-68.37479,10.21047],[-68.37472,10.21043],[-68.37465,10.21038],[-68.3746,10.21033],[-68.37455,10.21027],[-68.37451,10.2102],[-68.37449,10.21013],[-68.37449,10.21006],[-68.37453,10.20999],[-68.37454,10.20995],[-68.37455,10.2099],[-68.37454,10.20986],[-68.37452,10.20981],[-68.37448,10.20977],[-68.37444,10.20974],[-68.3744,10.20968],[-68.37438,10.20957],[-68.37436,10.20951],[-68.37437,10.20945],[-68.37439,10.2094],[-68.37444,10.20934],[-68.3745,10.20927],[-68.37432,10.20883],[-68.37428,10.2087],[-68.37427,10.20856],[-68.37424,10.20807],[-68.37426,10.20744],[-68.37453,10.20702],[-68.37466,10.20681],[-68.37483,10.20663],[-68.37505,10.20644],[-68.37504,10.20624],[-68.37503,10.20614],[-68.37504,10.20604],[-68.37505,10.20595],[-68.37505,10.20588],[-68.37503,10.20582],[-68.37501,10.20579],[-68.37497,10.20575],[-68.37493,10.20573],[-68.37489,10.20567],[-68.37482,10.20547],[-68.37473,10.20519],[-68.37463,10.20498],[-68.37458,10.20487],[-68.37453,10.20478],[-68.37449,10.20467],[-68.37448,10.2045],[-68.37448,10.20442],[-68.37449,10.20435],[-68.37453,10.20429],[-68.37459,10.20422],[-68.37468,10.20415],[-68.37472,10.2041],[-68.37475,10.20404],[-68.37478,10.20391],[-68.37478,10.20366],[-68.37477,10.20336],[-68.37476,10.2028],[-68.37499,10.20251],[-68.37494,10.20156],[-68.3749,10.2011],[-68.3749,10.20102],[-68.37491,10.20096],[-68.37495,10.20089],[-68.375,10.20081],[-68.37503,10.20075],[-68.37505,10.20068],[-68.3751,10.2006],[-68.37519,10.20049],[-68.37526,10.20042],[-68.37533,10.20037],[-68.37539,10.20033],[-68.37545,10.20029],[-68.37549,10.20027],[-68.37551,10.20022],[-68.37553,10.20015],[-68.37555,10.20011],[-68.3756,10.20002],[-68.37568,10.19983],[-68.37551,10.19927],[-68.37538,10.19885],[-68.37531,10.19863],[-68.37525,10.19843],[-68.37518,10.19806],[-68.37514,10.19766],[-68.37511,10.19746],[-68.37507,10.19732],[-68.37497,10.19716],[-68.37468,10.19672],[-68.37453,10.19651],[-68.37442,10.19635],[-68.37431,10.19615],[-68.37422,10.19592],[-68.374,10.19524],[-68.37389,10.19493],[-68.37386,10.19476],[-68.37383,10.19448],[-68.37383,10.19435],[-68.37383,10.19425],[-68.37385,10.19418],[-68.3739,10.19412],[-68.37399,10.19404],[-68.37405,10.19397],[-68.37409,10.19388],[-68.37409,10.19378],[-68.37406,10.19364],[-68.37402,10.19345],[-68.37399,10.19329],[-68.37394,10.19318],[-68.37389,10.19306],[-68.37377,10.19292],[-68.37362,10.19279],[-68.37346,10.19265],[-68.37321,10.19243],[-68.37299,10.1922],[-68.37272,10.19188],[-68.37259,10.19172],[-68.37249,10.1916],[-68.37228,10.19146],[-68.37198,10.19135],[-68.3717,10.19123],[-68.37138,10.19063],[-68.37132,10.19053],[-68.37127,10.19046],[-68.3712,10.1904],[-68.37112,10.19035],[-68.37104,10.1903],[-68.37097,10.19025],[-68.37087,10.19005],[-68.37075,10.18975],[-68.3707,10.1895],[-68.3706,10.18898],[-68.37056,10.18861],[-68.37052,10.18835],[-68.3705,10.18822],[-68.3705,10.18814],[-68.37052,10.188],[-68.37056,10.18774],[-68.37069,10.1871],[-68.37055,10.18701],[-68.37034,10.18681],[-68.37017,10.18659],[-68.36977,10.18598],[-68.36962,10.18574],[-68.36955,10.18563],[-68.36948,10.18533],[-68.36945,10.18512],[-68.36944,10.18484],[-68.36943,10.18466],[-68.36932,10.18446],[-68.36932,10.18423],[-68.36938,10.18404],[-68.36944,10.18393],[-68.36949,10.18386],[-68.36962,10.18375],[-68.36961,10.18361],[-68.36961,10.1835],[-68.36962,10.18339],[-68.36966,10.18321],[-68.36975,10.1828],[-68.36959,10.1824],[-68.36937,10.18188],[-68.36925,10.18159],[-68.36907,10.18122],[-68.36901,10.18109],[-68.36889,10.18095],[-68.36876,10.18083],[-68.36858,10.18075],[-68.36837,10.18068],[-68.3683,10.18063],[-68.36824,10.18054],[-68.36818,10.18042],[-68.36814,10.18032],[-68.36809,10.18023],[-68.36802,10.18015],[-68.36793,10.18006],[-68.3677,10.17981],[-68.36725,10.1793],[-68.36697,10.179],[-68.36692,10.17826],[-68.36678,10.17698],[-68.36664,10.17622],[-68.36639,10.17591],[-68.36623,10.17575],[-68.36617,10.17566],[-68.36614,10.17561],[-68.36612,10.17553],[-68.36612,10.17539],[-68.36611,10.17527],[-68.36609,10.17516],[-68.36601,10.17499],[-68.36595,10.17485],[-68.36589,10.17468],[-68.36587,10.1746],[-68.36586,10.17452],[-68.36588,10.17442],[-68.3659,10.17431],[-68.36599,10.17417],[-68.3661,10.17386],[-68.36611,10.17379],[-68.3661,10.17368],[-68.36607,10.17355],[-68.36602,10.17341],[-68.36596,10.1733],[-68.36569,10.17287],[-68.3656,10.17268],[-68.36555,10.17253],[-68.36552,10.17233],[-68.36553,10.17212],[-68.36438,10.17069],[-68.36309,10.17066],[-68.36244,10.17065],[-68.36193,10.17065],[-68.36126,10.17072],[-68.36094,10.16979],[-68.36083,10.16939],[-68.36079,10.16909],[-68.36074,10.16865],[-68.36067,10.16836],[-68.36041,10.16757],[-68.3602,10.1674],[-68.36007,10.16731],[-68.35994,10.16724],[-68.35976,10.16717],[-68.35962,10.1671],[-68.35951,10.16703],[-68.35945,10.167],[-68.35947,10.16653],[-68.35914,10.1664],[-68.35901,10.16633],[-68.35884,10.16626],[-68.35862,10.16612],[-68.35837,10.16597],[-68.35813,10.16579],[-68.35801,10.16571],[-68.35783,10.16561],[-68.3577,10.16552],[-68.35759,10.16545],[-68.35744,10.16529],[-68.35689,10.16455],[-68.35644,10.16406],[-68.35622,10.16376],[-68.35608,10.16355],[-68.35576,10.16291],[-68.356,10.162],[-68.35616,10.16141],[-68.3562,10.16116],[-68.3556,10.16102],[-68.35522,10.16092],[-68.35497,10.16083],[-68.35461,10.16066],[-68.35441,10.16059],[-68.35423,10.16056],[-68.35406,10.16056],[-68.35387,10.16057],[-68.35364,10.16065],[-68.35349,10.16075],[-68.35342,10.16087],[-68.35336,10.16098],[-68.35328,10.16107],[-68.35317,10.16116],[-68.35237,10.16161],[-68.35226,10.16143],[-68.35221,10.16127],[-68.35219,10.16111],[-68.35219,10.16099],[-68.3522,10.1608],[-68.35215,10.16062],[-68.3521,10.16051],[-68.35201,10.16038],[-68.35192,10.16024],[-68.35178,10.15994],[-68.35168,10.15964],[-68.35164,10.1594],[-68.35156,10.15882],[-68.35145,10.15867],[-68.35135,10.15855],[-68.35123,10.15848],[-68.35108,10.1584],[-68.35034,10.1581],[-68.35023,10.15756],[-68.35017,10.15742],[-68.35009,10.15727],[-68.34986,10.15685],[-68.35034,10.15626],[-68.35021,10.15599],[-68.35008,10.15575],[-68.35005,10.15564],[-68.35004,10.15552],[-68.35005,10.15544],[-68.35009,10.15528],[-68.35015,10.15507],[-68.35024,10.15481],[-68.35034,10.15454],[-68.35036,10.15436],[-68.35036,10.15422],[-68.34997,10.15284],[-68.34961,10.15293],[-68.34858,10.15326],[-68.34733,10.15345],[-68.34699,10.1535],[-68.34346,10.15374],[-68.33774,10.15424],[-68.3351,10.15462],[-68.33185,10.1555],[-68.32712,10.15694],[-68.32298,10.15816],[-68.31698,10.16021],[-68.30935,10.16278],[-68.30758,10.16317],[-68.30018,10.16423],[-68.29931,10.16436],[-68.29928,10.16422]]],[[[-68.27625,10.17101],[-68.27625,10.17094],[-68.27623,10.17084],[-68.27616,10.1707],[-68.27609,10.17059],[-68.27602,10.17046],[-68.27599,10.17035],[-68.27597,10.17028],[-68.27593,10.1702],[-68.27625,10.17101]]]]}},{"type":"Feature","properties":{"name":"Miranda","admin_level":"6","osm_id":10833253},"geometry":{"type":"Polygon","coordinates":[[[-68.29928,10.16422],[-68.29928,10.1641],[-68.29932,10.16375],[-68.29935,10.16348],[-68.29943,10.16312],[-68.29945,10.16283],[-68.29948,10.16268],[-68.29953,10.16249],[-68.29969,10.16198],[-68.29977,10.16171],[-68.29983,10.16143],[-68.29986,10.16129],[-68.29992,10.16114],[-68.30002,10.16096],[-68.30019,10.16071],[-68.30039,10.16045],[-68.30054,10.16028],[-68.30075,10.16003],[-68.30094,10.15977],[-68.30102,10.15964],[-68.30107,10.15956],[-68.3011,10.15947],[-68.30116,10.15935],[-68.30121,10.15926],[-68.3013,10.15917],[-68.30148,10.159],[-68.30155,10.15891],[-68.3016,10.1588],[-68.30161,10.15866],[-68.3016,10.15854],[-68.30155,10.15835],[-68.30155,10.15825],[-68.30155,10.15815],[-68.30157,10.15803],[-68.30167,10.15784],[-68.30175,10.15765],[-68.30178,10.15754],[-68.30179,10.15742],[-68.30177,10.15727],[-68.30173,10.15705],[-68.30159,10.1564],[-68.30155,10.15599],[-68.30151,10.1557],[-68.30147,10.15553],[-68.30139,10.15526],[-68.30135,10.15512],[-68.30133,10.15495],[-68.30132,10.15478],[-68.30133,10.15467],[-68.30136,10.15455],[-68.30143,10.15445],[-68.30154,10.15432],[-68.30173,10.15418],[-68.30188,10.15411],[-68.30202,10.15408],[-68.30216,10.15408],[-68.30235,10.15408],[-68.30255,10.15407],[-68.30267,10.15405],[-68.30282,10.15401],[-68.30306,10.15394],[-68.30328,10.15387],[-68.30342,10.15386],[-68.30359,10.15385],[-68.30374,10.15384],[-68.30386,10.15382],[-68.30397,10.15379],[-68.30403,10.15374],[-68.30406,10.15367],[-68.30405,10.15356],[-68.30401,10.15348],[-68.30392,10.15331],[-68.30385,10.15317],[-68.30382,10.15306],[-68.30382,10.15296],[-68.30384,10.15284],[-68.30386,10.15274],[-68.30389,10.15262],[-68.30389,10.15244],[-68.3039,10.15216],[-68.30391,10.15193],[-68.30393,10.15181],[-68.30394,10.15172],[-68.30393,10.15162],[-68.3039,10.15156],[-68.30383,10.15148],[-68.30376,10.15136],[-68.30374,10.15128],[-68.30373,10.15121],[-68.30375,10.15114],[-68.30377,10.15107],[-68.30384,10.15099],[-68.30395,10.15091],[-68.30412,10.15082],[-68.30424,10.15079],[-68.30434,10.15077],[-68.30444,10.15077],[-68.30458,10.15078],[-68.30475,10.15078],[-68.30489,10.15076],[-68.30506,10.15071],[-68.30524,10.15063],[-68.30544,10.15054],[-68.30553,10.15053],[-68.3056,10.15053],[-68.30568,10.15055],[-68.30574,10.15059],[-68.30581,10.15065],[-68.30585,10.15067],[-68.3059,10.15068],[-68.30604,10.15068],[-68.30625,10.15064],[-68.30649,10.1506],[-68.30657,10.15057],[-68.30665,10.15052],[-68.30672,10.15047],[-68.30677,10.1504],[-68.30683,10.1503],[-68.30691,10.15024],[-68.30701,10.15018],[-68.30716,10.15012],[-68.3073,10.15006],[-68.30746,10.14998],[-68.30766,10.14984],[-68.30785,10.14971],[-68.30805,10.14955],[-68.30813,10.14948],[-68.30822,10.14943],[-68.30829,10.14939],[-68.30845,10.14935],[-68.30863,10.1493],[-68.30881,10.14922],[-68.30898,10.14911],[-68.30915,10.149],[-68.30934,10.14887],[-68.30945,10.14876],[-68.30953,10.14868],[-68.30957,10.14858],[-68.30959,10.14847],[-68.30958,10.14831],[-68.30953,10.148],[-68.30951,10.14774],[-68.30948,10.14757],[-68.30946,10.14749],[-68.30939,10.14739],[-68.30933,10.1473],[-68.30924,10.14723],[-68.30911,10.1472],[-68.30898,10.14718],[-68.30886,10.14718],[-68.30878,10.14717],[-68.30872,10.14715],[-68.30866,10.1471],[-68.30862,10.147],[-68.30863,10.14691],[-68.30865,10.14678],[-68.30872,10.14664],[-68.30879,10.14652],[-68.30886,10.1464],[-68.30897,10.14622],[-68.309,10.14614],[-68.30901,10.14607],[-68.30899,10.14599],[-68.30896,10.14593],[-68.3089,10.14585],[-68.3088,10.14578],[-68.30872,10.14574],[-68.30866,10.1457],[-68.3086,10.14564],[-68.30855,10.14556],[-68.30852,10.14548],[-68.3085,10.14542],[-68.30846,10.14537],[-68.30839,10.14536],[-68.30831,10.14536],[-68.30821,10.14538],[-68.30811,10.14542],[-68.30797,10.14546],[-68.30781,10.14547],[-68.30769,10.14546],[-68.3076,10.14543],[-68.30752,10.14541],[-68.30741,10.14541],[-68.30728,10.14545],[-68.3072,10.14551],[-68.30708,10.14565],[-68.30699,10.14579],[-68.30687,10.14588],[-68.30675,10.14591],[-68.30669,10.1459],[-68.30662,10.14588],[-68.30651,10.14578],[-68.30644,10.14568],[-68.3064,10.14552],[-68.3064,10.14537],[-68.30645,10.14528],[-68.30651,10.14524],[-68.30658,10.14522],[-68.30664,10.14522],[-68.30674,10.14522],[-68.30684,10.14523],[-68.30694,10.14521],[-68.307,10.14517],[-68.30703,10.14512],[-68.30705,10.14505],[-68.30703,10.14498],[-68.30698,10.14487],[-68.3069,10.14476],[-68.30675,10.14449],[-68.3067,10.14433],[-68.3067,10.14422],[-68.30671,10.14414],[-68.30674,10.14405],[-68.3068,10.14395],[-68.30688,10.14386],[-68.30702,10.14377],[-68.30714,10.14368],[-68.30725,10.14357],[-68.30732,10.14346],[-68.30734,10.14334],[-68.30736,10.14323],[-68.30735,10.14303],[-68.30735,10.14289],[-68.30737,10.14274],[-68.3074,10.14264],[-68.30748,10.14252],[-68.30755,10.14245],[-68.30764,10.14235],[-68.30769,10.14226],[-68.30771,10.14218],[-68.3077,10.14209],[-68.30767,10.14198],[-68.30757,10.14186],[-68.30741,10.1417],[-68.30713,10.14143],[-68.30685,10.14108],[-68.30668,10.14083],[-68.30658,10.14072],[-68.30647,10.14062],[-68.30635,10.14052],[-68.30626,10.1404],[-68.30623,10.14031],[-68.30621,10.14016],[-68.30618,10.1399],[-68.30616,10.13968],[-68.30617,10.13953],[-68.30622,10.13939],[-68.30631,10.13912],[-68.3064,10.13887],[-68.30645,10.13872],[-68.30647,10.13856],[-68.30646,10.13841],[-68.30643,10.13831],[-68.30639,10.13822],[-68.30633,10.13817],[-68.30624,10.13812],[-68.30616,10.13808],[-68.30605,10.13807],[-68.30592,10.13809],[-68.30575,10.13816],[-68.30557,10.13825],[-68.30535,10.13833],[-68.30514,10.13842],[-68.30499,10.13849],[-68.30486,10.13854],[-68.30475,10.13856],[-68.30464,10.13855],[-68.30458,10.13853],[-68.30455,10.13849],[-68.30453,10.13843],[-68.30455,10.13837],[-68.30459,10.1383],[-68.30464,10.13824],[-68.30468,10.13818],[-68.30473,10.1381],[-68.30475,10.13801],[-68.30474,10.13789],[-68.30467,10.13777],[-68.30461,10.13766],[-68.30446,10.13749],[-68.30427,10.13731],[-68.30412,10.13722],[-68.30393,10.13712],[-68.30372,10.13703],[-68.3036,10.137],[-68.3035,10.137],[-68.30336,10.13702],[-68.30316,10.13708],[-68.30301,10.13708],[-68.30289,10.13706],[-68.30277,10.13702],[-68.30266,10.13693],[-68.3026,10.13683],[-68.30257,10.13671],[-68.30252,10.13659],[-68.30239,10.13618],[-68.30231,10.13602],[-68.30218,10.13582],[-68.30212,10.1357],[-68.30206,10.1355],[-68.30196,10.13527],[-68.30188,10.13513],[-68.30185,10.13499],[-68.30185,10.13487],[-68.30183,10.13474],[-68.3018,10.13468],[-68.30158,10.13439],[-68.30147,10.1343],[-68.30141,10.1342],[-68.30138,10.13408],[-68.30141,10.13397],[-68.30147,10.13387],[-68.30157,10.13373],[-68.30167,10.13359],[-68.30171,10.13348],[-68.30173,10.13335],[-68.30177,10.13323],[-68.30182,10.13314],[-68.30189,10.13308],[-68.30198,10.13303],[-68.30206,10.13298],[-68.30214,10.13296],[-68.3022,10.13296],[-68.30226,10.133],[-68.30237,10.13308],[-68.3025,10.13317],[-68.30261,10.13319],[-68.3027,10.13319],[-68.30279,10.13315],[-68.30284,10.13309],[-68.30287,10.133],[-68.30295,10.13286],[-68.30302,10.13269],[-68.30304,10.13259],[-68.30303,10.13249],[-68.30299,10.13229],[-68.30295,10.13215],[-68.30286,10.132],[-68.30275,10.13183],[-68.3027,10.13168],[-68.30264,10.13137],[-68.30261,10.13094],[-68.3026,10.13062],[-68.3026,10.13044],[-68.30263,10.13034],[-68.30268,10.13025],[-68.30273,10.13021],[-68.30283,10.1302],[-68.30291,10.13024],[-68.30296,10.13028],[-68.30301,10.13034],[-68.30305,10.13039],[-68.30314,10.13044],[-68.30325,10.13047],[-68.30333,10.13047],[-68.30344,10.13047],[-68.30354,10.1305],[-68.30361,10.13058],[-68.30364,10.13068],[-68.30369,10.13078],[-68.30374,10.13083],[-68.30381,10.13086],[-68.30389,10.13086],[-68.30405,10.13083],[-68.30424,10.13076],[-68.30434,10.13069],[-68.30438,10.13062],[-68.3044,10.1305],[-68.30439,10.13038],[-68.30436,10.13027],[-68.30431,10.13017],[-68.30423,10.13006],[-68.30416,10.12996],[-68.30413,10.12988],[-68.30412,10.1298],[-68.30416,10.12971],[-68.30421,10.12966],[-68.30431,10.12963],[-68.30442,10.12964],[-68.30453,10.12968],[-68.30461,10.12969],[-68.3047,10.12968],[-68.30479,10.12963],[-68.30486,10.12956],[-68.30489,10.12948],[-68.3049,10.12935],[-68.30489,10.12924],[-68.30486,10.12895],[-68.30487,10.12876],[-68.30493,10.12861],[-68.305,10.1285],[-68.30512,10.12833],[-68.30518,10.12821],[-68.30518,10.12807],[-68.30516,10.12795],[-68.30518,10.12784],[-68.30523,10.12774],[-68.30528,10.12767],[-68.30539,10.12759],[-68.30549,10.12753],[-68.30558,10.12749],[-68.30575,10.12744],[-68.30591,10.1274],[-68.30607,10.12739],[-68.30622,10.12734],[-68.30638,10.12725],[-68.3065,10.12716],[-68.30672,10.12697],[-68.3069,10.12682],[-68.30699,10.12672],[-68.30704,10.12662],[-68.30707,10.12652],[-68.30702,10.1264],[-68.30696,10.12631],[-68.3069,10.12622],[-68.30688,10.12611],[-68.30687,10.12599],[-68.30687,10.12584],[-68.30693,10.12568],[-68.30701,10.1255],[-68.30706,10.12537],[-68.30712,10.12524],[-68.30717,10.12513],[-68.30724,10.12495],[-68.30726,10.12486],[-68.30728,10.1248],[-68.30726,10.12473],[-68.30722,10.12468],[-68.30715,10.12467],[-68.30708,10.12466],[-68.30697,10.12467],[-68.3068,10.12468],[-68.30664,10.12467],[-68.30657,10.12465],[-68.3065,10.12462],[-68.30643,10.12457],[-68.30637,10.12449],[-68.30615,10.12425],[-68.30598,10.12408],[-68.30583,10.12392],[-68.30572,10.1238],[-68.3057,10.12373],[-68.3057,10.12366],[-68.30573,10.12357],[-68.30579,10.1234],[-68.30588,10.12327],[-68.30598,10.12314],[-68.30604,10.12304],[-68.30607,10.12296],[-68.30609,10.12288],[-68.30612,10.1227],[-68.30622,10.12235],[-68.30634,10.12184],[-68.30637,10.12164],[-68.30637,10.12151],[-68.30634,10.12139],[-68.30629,10.12127],[-68.30618,10.12107],[-68.306,10.1209],[-68.30585,10.12075],[-68.30575,10.12063],[-68.3057,10.12054],[-68.30567,10.12044],[-68.30564,10.12033],[-68.30566,10.12024],[-68.3057,10.12018],[-68.30576,10.12009],[-68.30588,10.11997],[-68.30601,10.11983],[-68.30611,10.11972],[-68.30614,10.11961],[-68.30615,10.11948],[-68.30613,10.11934],[-68.30603,10.11906],[-68.30597,10.11892],[-68.30593,10.11879],[-68.30589,10.11869],[-68.30581,10.11857],[-68.30571,10.11842],[-68.30568,10.11836],[-68.30567,10.11829],[-68.30568,10.11822],[-68.30572,10.11816],[-68.30579,10.11812],[-68.30588,10.11809],[-68.30596,10.11803],[-68.30601,10.11796],[-68.30604,10.11787],[-68.30612,10.11768],[-68.30627,10.1174],[-68.3064,10.11714],[-68.30646,10.117],[-68.30651,10.11689],[-68.30653,10.11678],[-68.30655,10.11669],[-68.30656,10.11657],[-68.30659,10.1164],[-68.30665,10.11605],[-68.30667,10.11592],[-68.30671,10.11581],[-68.30682,10.11564],[-68.3069,10.11552],[-68.307,10.11541],[-68.3071,10.11528],[-68.30717,10.11519],[-68.30721,10.11507],[-68.30725,10.11493],[-68.30725,10.11478],[-68.30726,10.11457],[-68.30728,10.11439],[-68.30732,10.11415],[-68.30736,10.11396],[-68.30736,10.11382],[-68.30734,10.11363],[-68.30731,10.11353],[-68.30729,10.11338],[-68.30733,10.11326],[-68.30738,10.11315],[-68.30748,10.11302],[-68.30755,10.11293],[-68.3076,10.11289],[-68.30766,10.11286],[-68.30772,10.11286],[-68.30778,10.11287],[-68.30787,10.11293],[-68.30801,10.11302],[-68.30811,10.11307],[-68.3082,10.11308],[-68.30829,10.11306],[-68.30837,10.11302],[-68.30842,10.11298],[-68.30845,10.11291],[-68.30844,10.11282],[-68.30843,10.1127],[-68.30839,10.11252],[-68.30835,10.11235],[-68.30831,10.11227],[-68.30827,10.1122],[-68.3082,10.11214],[-68.30809,10.11207],[-68.30802,10.11201],[-68.30797,10.11194],[-68.30794,10.11187],[-68.30794,10.11177],[-68.308,10.11168],[-68.30809,10.11163],[-68.30836,10.11148],[-68.30858,10.11134],[-68.30866,10.11128],[-68.30876,10.11116],[-68.30881,10.11105],[-68.30882,10.11089],[-68.30881,10.11079],[-68.30876,10.11068],[-68.30872,10.11061],[-68.30862,10.11049],[-68.30854,10.11033],[-68.3085,10.11018],[-68.30848,10.10999],[-68.30849,10.10987],[-68.30852,10.10968],[-68.30855,10.10943],[-68.30857,10.10928],[-68.30856,10.10909],[-68.30855,10.10883],[-68.30855,10.10867],[-68.30855,10.10853],[-68.30859,10.10834],[-68.30863,10.10817],[-68.30867,10.10795],[-68.30871,10.1078],[-68.30875,10.10764],[-68.30879,10.10746],[-68.30883,10.10736],[-68.30887,10.10729],[-68.30896,10.10724],[-68.30907,10.10724],[-68.30919,10.10726],[-68.30934,10.1073],[-68.30944,10.10731],[-68.30951,10.1073],[-68.30959,10.10724],[-68.30963,10.10719],[-68.30965,10.10708],[-68.30965,10.10699],[-68.30971,10.10688],[-68.30977,10.10682],[-68.30987,10.10678],[-68.31003,10.10673],[-68.3101,10.10671],[-68.31026,10.10662],[-68.31037,10.10658],[-68.31046,10.10658],[-68.3106,10.1066],[-68.3107,10.10663],[-68.31076,10.10667],[-68.31081,10.10669],[-68.31086,10.1067],[-68.31093,10.10668],[-68.31101,10.10661],[-68.31106,10.10655],[-68.3111,10.10647],[-68.31111,10.10639],[-68.31111,10.10634],[-68.31109,10.10627],[-68.31108,10.1062],[-68.3111,10.10613],[-68.31112,10.10606],[-68.31114,10.10601],[-68.31113,10.10593],[-68.31109,10.10587],[-68.31104,10.10579],[-68.31094,10.10566],[-68.3109,10.10557],[-68.31089,10.10548],[-68.31089,10.10534],[-68.31091,10.10523],[-68.31094,10.10514],[-68.31097,10.10504],[-68.31098,10.10493],[-68.311,10.1048],[-68.31102,10.10469],[-68.31107,10.10462],[-68.31114,10.10457],[-68.31123,10.10453],[-68.31131,10.10451],[-68.31141,10.10447],[-68.31153,10.1044],[-68.31174,10.10426],[-68.31189,10.10417],[-68.31201,10.10408],[-68.31214,10.10397],[-68.31223,10.10382],[-68.31227,10.10372],[-68.3123,10.10361],[-68.31231,10.1035],[-68.3123,10.1034],[-68.31227,10.10326],[-68.31223,10.10313],[-68.31223,10.10298],[-68.31225,10.10287],[-68.31228,10.10281],[-68.31234,10.10276],[-68.31244,10.10275],[-68.31254,10.10278],[-68.31265,10.10284],[-68.31273,10.10289],[-68.31282,10.10291],[-68.31292,10.10292],[-68.31304,10.10291],[-68.31326,10.1029],[-68.31344,10.1029],[-68.31361,10.10293],[-68.31383,10.103],[-68.31402,10.10308],[-68.31419,10.10314],[-68.31432,10.10316],[-68.31444,10.10316],[-68.31458,10.10313],[-68.31474,10.10306],[-68.31489,10.10295],[-68.31494,10.10287],[-68.31501,10.10275],[-68.3151,10.10253],[-68.3152,10.1023],[-68.31529,10.10213],[-68.31543,10.10199],[-68.31554,10.10192],[-68.31569,10.10179],[-68.3158,10.10163],[-68.31595,10.10135],[-68.31612,10.10101],[-68.31621,10.10088],[-68.31635,10.10076],[-68.31653,10.10062],[-68.31668,10.10053],[-68.31685,10.10042],[-68.31697,10.10035],[-68.31704,10.1003],[-68.31711,10.10025],[-68.31718,10.10023],[-68.31725,10.10025],[-68.31737,10.10032],[-68.31751,10.10044],[-68.31762,10.10052],[-68.3177,10.10055],[-68.31781,10.10057],[-68.31791,10.10056],[-68.31798,10.10054],[-68.31804,10.10049],[-68.31807,10.10043],[-68.31808,10.10035],[-68.31807,10.10029],[-68.31803,10.10017],[-68.318,10.10005],[-68.31801,10.09995],[-68.31804,10.09988],[-68.3181,10.0998],[-68.31823,10.09963],[-68.31829,10.09953],[-68.31832,10.09944],[-68.31832,10.09935],[-68.31829,10.09916],[-68.31826,10.09899],[-68.31821,10.09877],[-68.31818,10.09853],[-68.3182,10.09831],[-68.31824,10.09819],[-68.31831,10.09809],[-68.31843,10.09802],[-68.31856,10.09799],[-68.31877,10.09802],[-68.31889,10.09806],[-68.31904,10.09811],[-68.31919,10.09814],[-68.31931,10.09814],[-68.31941,10.09813],[-68.31952,10.0981],[-68.31958,10.09805],[-68.31961,10.09797],[-68.31961,10.09789],[-68.31959,10.09781],[-68.31951,10.09764],[-68.31946,10.0975],[-68.31946,10.09738],[-68.31948,10.09729],[-68.31952,10.09717],[-68.31957,10.09711],[-68.31963,10.09705],[-68.31972,10.09703],[-68.31981,10.09703],[-68.31989,10.09706],[-68.32001,10.09714],[-68.3201,10.09724],[-68.32021,10.09737],[-68.32029,10.09743],[-68.32039,10.09749],[-68.3205,10.09752],[-68.32057,10.09752],[-68.32068,10.09751],[-68.32072,10.09747],[-68.32076,10.09739],[-68.32075,10.09731],[-68.32069,10.09723],[-68.32037,10.09693],[-68.32017,10.09675],[-68.32007,10.09665],[-68.32004,10.09658],[-68.32003,10.09646],[-68.32006,10.09636],[-68.32012,10.09623],[-68.32025,10.09601],[-68.3204,10.09585],[-68.32052,10.09572],[-68.32059,10.09562],[-68.32067,10.0955],[-68.32077,10.09537],[-68.32087,10.09527],[-68.32099,10.09519],[-68.32111,10.09513],[-68.32119,10.09509],[-68.32132,10.09498],[-68.32136,10.09491],[-68.32142,10.09481],[-68.32143,10.0947],[-68.32141,10.09461],[-68.32137,10.09454],[-68.3213,10.09444],[-68.32123,10.09435],[-68.3212,10.09425],[-68.32119,10.09417],[-68.32122,10.09404],[-68.32129,10.09391],[-68.32138,10.09386],[-68.32149,10.09384],[-68.3216,10.09384],[-68.32171,10.09387],[-68.3218,10.09391],[-68.32193,10.09395],[-68.32203,10.09395],[-68.32216,10.09393],[-68.32231,10.09386],[-68.3224,10.09379],[-68.32246,10.0937],[-68.32249,10.09361],[-68.32249,10.09346],[-68.32248,10.09331],[-68.32242,10.09289],[-68.32241,10.09273],[-68.32241,10.09262],[-68.32247,10.09249],[-68.32256,10.09241],[-68.3227,10.09231],[-68.32278,10.09225],[-68.32286,10.09218],[-68.32296,10.09206],[-68.323,10.09198],[-68.32304,10.09188],[-68.32305,10.09173],[-68.32306,10.09153],[-68.32311,10.09128],[-68.32315,10.09117],[-68.32323,10.09102],[-68.3233,10.09092],[-68.32335,10.09085],[-68.32337,10.09073],[-68.32334,10.09061],[-68.3233,10.09045],[-68.32331,10.09032],[-68.32335,10.09023],[-68.32341,10.09011],[-68.32349,10.08996],[-68.32366,10.08973],[-68.32369,10.08961],[-68.32368,10.08948],[-68.32366,10.08939],[-68.3236,10.08932],[-68.32348,10.08915],[-68.32342,10.08903],[-68.32339,10.08887],[-68.32336,10.08872],[-68.32334,10.0885],[-68.32332,10.08823],[-68.3233,10.08789],[-68.32326,10.08773],[-68.32323,10.08761],[-68.32317,10.08752],[-68.32307,10.08743],[-68.3229,10.08734],[-68.32277,10.08731],[-68.3226,10.08727],[-68.32252,10.08722],[-68.32248,10.08718],[-68.32248,10.08712],[-68.32252,10.08702],[-68.32259,10.08693],[-68.32274,10.08685],[-68.32323,10.08658],[-68.32336,10.08649],[-68.32344,10.08642],[-68.3235,10.08633],[-68.32355,10.08621],[-68.32356,10.08613],[-68.32356,10.08602],[-68.32357,10.08585],[-68.3236,10.08576],[-68.32364,10.0857],[-68.32367,10.08567],[-68.32373,10.08562],[-68.32386,10.08554],[-68.32393,10.08548],[-68.32398,10.08541],[-68.32401,10.08532],[-68.324,10.08526],[-68.32398,10.08512],[-68.32394,10.08491],[-68.3239,10.08458],[-68.3239,10.08447],[-68.32391,10.08437],[-68.32395,10.08425],[-68.32402,10.08412],[-68.32409,10.084],[-68.32417,10.08392],[-68.32425,10.08387],[-68.32437,10.0838],[-68.32447,10.08378],[-68.32458,10.08373],[-68.32467,10.08367],[-68.32474,10.08362],[-68.32481,10.08359],[-68.32492,10.08357],[-68.32501,10.08359],[-68.32507,10.08362],[-68.32513,10.08366],[-68.32519,10.08373],[-68.32526,10.0838],[-68.32533,10.08382],[-68.32541,10.08382],[-68.32551,10.08379],[-68.32564,10.08372],[-68.32572,10.08366],[-68.32585,10.08354],[-68.32592,10.08345],[-68.32601,10.08327],[-68.32611,10.0831],[-68.3262,10.08293],[-68.32628,10.08279],[-68.32631,10.08266],[-68.32635,10.08255],[-68.3264,10.08248],[-68.32648,10.08245],[-68.32655,10.08245],[-68.32661,10.08249],[-68.3267,10.08259],[-68.32673,10.08267],[-68.32676,10.08283],[-68.32678,10.08305],[-68.3268,10.08321],[-68.32684,10.08332],[-68.3269,10.08339],[-68.32697,10.08341],[-68.32704,10.08341],[-68.3271,10.08336],[-68.32714,10.08325],[-68.32719,10.08315],[-68.32721,10.08307],[-68.32725,10.08292],[-68.32725,10.08282],[-68.32726,10.08269],[-68.3273,10.0826],[-68.32737,10.08252],[-68.32746,10.08247],[-68.32757,10.08244],[-68.32767,10.0824],[-68.32774,10.08232],[-68.32776,10.0822],[-68.32772,10.0821],[-68.32768,10.08205],[-68.32752,10.0819],[-68.32746,10.08183],[-68.32741,10.08174],[-68.32739,10.08164],[-68.32738,10.0815],[-68.3274,10.0814],[-68.32745,10.08132],[-68.32755,10.08122],[-68.32773,10.08107],[-68.32783,10.081],[-68.32798,10.08094],[-68.3282,10.08089],[-68.32845,10.08086],[-68.32892,10.08087],[-68.32909,10.08089],[-68.32919,10.08092],[-68.32926,10.08097],[-68.3293,10.08102],[-68.32932,10.08109],[-68.32933,10.08118],[-68.32935,10.08126],[-68.32937,10.08131],[-68.32943,10.08136],[-68.32952,10.08138],[-68.3297,10.08136],[-68.32982,10.08133],[-68.32993,10.0813],[-68.33005,10.08131],[-68.33014,10.08135],[-68.33022,10.08141],[-68.33032,10.08148],[-68.3304,10.08152],[-68.33046,10.08152],[-68.33055,10.08149],[-68.33063,10.08142],[-68.33069,10.08131],[-68.33071,10.08123],[-68.3307,10.08115],[-68.33067,10.08104],[-68.33065,10.08095],[-68.33063,10.08089],[-68.33063,10.08083],[-68.33064,10.08077],[-68.33067,10.08068],[-68.3308,10.08052],[-68.33084,10.08046],[-68.33088,10.0804],[-68.33088,10.0803],[-68.33087,10.08017],[-68.33082,10.07992],[-68.33081,10.07985],[-68.33083,10.07975],[-68.33088,10.07968],[-68.33096,10.0796],[-68.33103,10.07955],[-68.33115,10.07949],[-68.33128,10.07943],[-68.33142,10.07933],[-68.3315,10.07926],[-68.33153,10.07919],[-68.33154,10.07912],[-68.33153,10.07903],[-68.3315,10.07891],[-68.33147,10.07877],[-68.33146,10.07865],[-68.33147,10.07846],[-68.3315,10.07833],[-68.33154,10.07822],[-68.33158,10.07815],[-68.33167,10.07806],[-68.33179,10.07797],[-68.33191,10.07787],[-68.33194,10.0778],[-68.33195,10.07767],[-68.33194,10.07756],[-68.3319,10.07747],[-68.33182,10.07737],[-68.33173,10.07729],[-68.33166,10.07719],[-68.33162,10.07709],[-68.3316,10.07698],[-68.33159,10.07689],[-68.33156,10.07679],[-68.3315,10.07672],[-68.33137,10.0766],[-68.33101,10.07637],[-68.33069,10.07619],[-68.33051,10.0761],[-68.3304,10.07603],[-68.33036,10.07598],[-68.33034,10.07591],[-68.33036,10.07583],[-68.33041,10.07574],[-68.33044,10.07566],[-68.33044,10.07557],[-68.3304,10.07549],[-68.33031,10.07539],[-68.33018,10.07528],[-68.33,10.07515],[-68.3299,10.07511],[-68.32983,10.0751],[-68.32975,10.07511],[-68.32966,10.07513],[-68.32959,10.07513],[-68.32952,10.0751],[-68.32947,10.07507],[-68.32942,10.075],[-68.32938,10.0749],[-68.32934,10.07477],[-68.32928,10.07467],[-68.3292,10.07457],[-68.32913,10.07452],[-68.32904,10.07448],[-68.32894,10.07448],[-68.32883,10.07451],[-68.3287,10.07457],[-68.32857,10.0746],[-68.32844,10.07463],[-68.32832,10.07465],[-68.32821,10.07465],[-68.32808,10.07462],[-68.32798,10.07459],[-68.32791,10.07455],[-68.32787,10.0745],[-68.32787,10.07443],[-68.32789,10.07434],[-68.32794,10.07424],[-68.328,10.07415],[-68.32808,10.07403],[-68.32813,10.07392],[-68.32817,10.07374],[-68.32821,10.07348],[-68.32824,10.07332],[-68.32825,10.07312],[-68.32824,10.07292],[-68.32821,10.07279],[-68.32813,10.07267],[-68.32806,10.07258],[-68.32797,10.07252],[-68.32783,10.07244],[-68.32762,10.0724],[-68.32748,10.07237],[-68.32732,10.07233],[-68.32721,10.07227],[-68.32715,10.07221],[-68.3271,10.07216],[-68.32705,10.07213],[-68.32699,10.07211],[-68.32692,10.07211],[-68.32683,10.07213],[-68.32671,10.07215],[-68.3266,10.07215],[-68.32654,10.07213],[-68.32648,10.07209],[-68.32644,10.07203],[-68.3264,10.07192],[-68.32639,10.07182],[-68.32641,10.07176],[-68.32643,10.07168],[-68.32643,10.07161],[-68.32641,10.07152],[-68.32636,10.07143],[-68.32625,10.07129],[-68.32618,10.07122],[-68.32608,10.07114],[-68.32601,10.07109],[-68.32597,10.07104],[-68.32594,10.07097],[-68.32594,10.07086],[-68.32595,10.07079],[-68.32595,10.07072],[-68.32591,10.07063],[-68.32585,10.07055],[-68.3258,10.07045],[-68.3258,10.07037],[-68.32584,10.07031],[-68.3259,10.07023],[-68.32603,10.0701],[-68.32614,10.06992],[-68.32619,10.06979],[-68.3262,10.06968],[-68.32617,10.06961],[-68.3261,10.06954],[-68.32599,10.06949],[-68.32574,10.0694],[-68.32553,10.06932],[-68.32543,10.06927],[-68.32538,10.06919],[-68.32537,10.06911],[-68.32541,10.06904],[-68.32549,10.06899],[-68.32568,10.06892],[-68.32589,10.06886],[-68.32606,10.06879],[-68.32618,10.06872],[-68.32621,10.06866],[-68.32624,10.06859],[-68.32625,10.06854],[-68.32626,10.06848],[-68.32626,10.06842],[-68.32625,10.06836],[-68.32623,10.06831],[-68.32617,10.06821],[-68.3261,10.06811],[-68.32605,10.06807],[-68.32595,10.06799],[-68.32583,10.06793],[-68.32566,10.06787],[-68.3256,10.06784],[-68.32555,10.06782],[-68.32551,10.06778],[-68.32549,10.06773],[-68.32549,10.06767],[-68.32551,10.06756],[-68.32552,10.0675],[-68.32553,10.06745],[-68.32554,10.06739],[-68.32556,10.06734],[-68.32559,10.0673],[-68.32564,10.06726],[-68.32569,10.06726],[-68.32573,10.06728],[-68.32579,10.06731],[-68.32583,10.06734],[-68.32588,10.06736],[-68.32595,10.06737],[-68.326,10.06738],[-68.32605,10.06737],[-68.3261,10.06735],[-68.32615,10.06732],[-68.32622,10.06724],[-68.32626,10.06719],[-68.32633,10.0671],[-68.32644,10.06704],[-68.32657,10.06694],[-68.32661,10.0669],[-68.32664,10.06686],[-68.32666,10.0668],[-68.32668,10.06675],[-68.32669,10.06669],[-68.32668,10.06663],[-68.32667,10.06658],[-68.32664,10.06653],[-68.32662,10.06647],[-68.3266,10.06641],[-68.32658,10.06636],[-68.32655,10.0663],[-68.32653,10.06624],[-68.32651,10.06618],[-68.32651,10.06612],[-68.32653,10.06607],[-68.32654,10.06601],[-68.32654,10.06596],[-68.32653,10.0659],[-68.3265,10.06585],[-68.32644,10.06581],[-68.32639,10.06579],[-68.32633,10.06579],[-68.32622,10.06581],[-68.32617,10.06584],[-68.32607,10.06591],[-68.32603,10.06595],[-68.32595,10.06602],[-68.32586,10.06608],[-68.3258,10.06611],[-68.32573,10.06611],[-68.32568,10.06609],[-68.32562,10.06606],[-68.32559,10.06601],[-68.32559,10.06596],[-68.3256,10.0659],[-68.3256,10.06585],[-68.32559,10.06579],[-68.32554,10.06569],[-68.3255,10.06565],[-68.32545,10.06562],[-68.32533,10.06558],[-68.32528,10.06555],[-68.32523,10.06552],[-68.32519,10.06547],[-68.32507,10.06524],[-68.32504,10.0652],[-68.32499,10.06516],[-68.32494,10.06514],[-68.32488,10.06513],[-68.32482,10.06513],[-68.32477,10.06515],[-68.32471,10.06514],[-68.32466,10.06513],[-68.3246,10.06511],[-68.32456,10.06507],[-68.32455,10.06506],[-68.32453,10.06501],[-68.32451,10.06495],[-68.32451,10.06489],[-68.32451,10.06483],[-68.32451,10.06477],[-68.32449,10.06471],[-68.32448,10.06465],[-68.32442,10.06455],[-68.32441,10.06449],[-68.32441,10.06443],[-68.32442,10.06438],[-68.32444,10.06433],[-68.32449,10.0643],[-68.32458,10.06424],[-68.32481,10.06417],[-68.32495,10.06411],[-68.32511,10.06406],[-68.32517,10.06402],[-68.32521,10.06399],[-68.32525,10.06396],[-68.32529,10.06391],[-68.32532,10.06387],[-68.32532,10.06381],[-68.3253,10.06376],[-68.32526,10.06371],[-68.32521,10.06367],[-68.32515,10.06361],[-68.32508,10.06352],[-68.32493,10.0633],[-68.32482,10.06315],[-68.32477,10.06303],[-68.32472,10.06292],[-68.32477,10.06286],[-68.32481,10.06279],[-68.32484,10.06269],[-68.32484,10.06259],[-68.32482,10.0624],[-68.32482,10.06225],[-68.32484,10.06214],[-68.32486,10.06208],[-68.32489,10.06204],[-68.32495,10.06201],[-68.325,10.062],[-68.32524,10.062],[-68.32537,10.06198],[-68.3255,10.06196],[-68.3257,10.06189],[-68.32588,10.06183],[-68.326,10.06176],[-68.32607,10.06172],[-68.32612,10.06167],[-68.32617,10.06161],[-68.32619,10.06154],[-68.32619,10.06146],[-68.32618,10.06136],[-68.32617,10.06118],[-68.3262,10.06105],[-68.32622,10.06096],[-68.32625,10.06087],[-68.32627,10.06078],[-68.32627,10.06063],[-68.32628,10.06055],[-68.32632,10.06048],[-68.32636,10.06044],[-68.32643,10.06043],[-68.32651,10.06043],[-68.32659,10.06042],[-68.32669,10.06038],[-68.32679,10.06031],[-68.3269,10.06022],[-68.32697,10.06015],[-68.32701,10.06009],[-68.32701,10.06002],[-68.32699,10.05996],[-68.32694,10.05992],[-68.32688,10.0599],[-68.32671,10.05987],[-68.32656,10.05984],[-68.32644,10.05983],[-68.32639,10.0598],[-68.32636,10.05974],[-68.32637,10.05968],[-68.32642,10.05953],[-68.32645,10.05945],[-68.32648,10.05933],[-68.3265,10.05914],[-68.3265,10.05894],[-68.32647,10.0586],[-68.32645,10.05837],[-68.32645,10.05824],[-68.32648,10.05787],[-68.32651,10.05767],[-68.32655,10.05742],[-68.32659,10.05729],[-68.32663,10.05721],[-68.32665,10.05713],[-68.32664,10.05707],[-68.3266,10.05702],[-68.32654,10.05701],[-68.32643,10.057],[-68.32634,10.05696],[-68.32629,10.0569],[-68.32626,10.05683],[-68.32626,10.05676],[-68.32629,10.05669],[-68.32636,10.05663],[-68.32645,10.05658],[-68.32652,10.05653],[-68.32659,10.05644],[-68.32665,10.0563],[-68.32673,10.05607],[-68.32682,10.05579],[-68.32686,10.0556],[-68.32687,10.05553],[-68.32687,10.05546],[-68.32688,10.05537],[-68.32693,10.0553],[-68.32699,10.05525],[-68.32708,10.05521],[-68.32718,10.05517],[-68.32733,10.05512],[-68.32748,10.05508],[-68.32755,10.05506],[-68.32761,10.05502],[-68.3277,10.05495],[-68.32789,10.05478],[-68.32802,10.05469],[-68.32818,10.05462],[-68.32829,10.05459],[-68.32837,10.05457],[-68.32847,10.05454],[-68.32861,10.05444],[-68.32869,10.05435],[-68.32875,10.05425],[-68.32877,10.05415],[-68.32877,10.05405],[-68.32875,10.05383],[-68.32874,10.05375],[-68.32873,10.0537],[-68.3287,10.05364],[-68.32864,10.05362],[-68.32856,10.0536],[-68.32847,10.05357],[-68.32844,10.05354],[-68.32841,10.0535],[-68.32841,10.05345],[-68.32842,10.0534],[-68.32848,10.05332],[-68.32854,10.05327],[-68.32864,10.05317],[-68.32869,10.0531],[-68.32872,10.05304],[-68.32874,10.05299],[-68.32881,10.05293],[-68.32892,10.05287],[-68.32913,10.05281],[-68.32923,10.05277],[-68.32935,10.05269],[-68.32946,10.05261],[-68.32952,10.05255],[-68.32955,10.05248],[-68.32955,10.0524],[-68.32952,10.0523],[-68.32946,10.05221],[-68.32938,10.05216],[-68.3293,10.05212],[-68.32915,10.05208],[-68.32904,10.05205],[-68.329,10.05202],[-68.32898,10.05196],[-68.329,10.05187],[-68.32905,10.0518],[-68.32913,10.05169],[-68.32926,10.05155],[-68.32934,10.05147],[-68.32948,10.05139],[-68.3296,10.05134],[-68.32973,10.05126],[-68.32977,10.05121],[-68.3298,10.05114],[-68.32982,10.05107],[-68.32987,10.05103],[-68.32992,10.051],[-68.32999,10.05097],[-68.33006,10.05093],[-68.33018,10.05081],[-68.33036,10.0506],[-68.33061,10.05028],[-68.33079,10.04999],[-68.33084,10.04989],[-68.33089,10.04976],[-68.33092,10.04963],[-68.33096,10.04952],[-68.33103,10.04944],[-68.33112,10.04938],[-68.3312,10.04937],[-68.3313,10.04937],[-68.33145,10.0494],[-68.33159,10.04942],[-68.33171,10.04942],[-68.3318,10.0494],[-68.33187,10.04936],[-68.33193,10.04927],[-68.33195,10.04918],[-68.33194,10.04908],[-68.33191,10.04889],[-68.3319,10.04882],[-68.3319,10.04874],[-68.33192,10.04868],[-68.33198,10.0486],[-68.33206,10.04852],[-68.33213,10.04848],[-68.33223,10.04846],[-68.3323,10.04847],[-68.3325,10.04856],[-68.33267,10.04866],[-68.33278,10.04871],[-68.33288,10.04873],[-68.33298,10.04872],[-68.33304,10.04868],[-68.33309,10.04857],[-68.33312,10.04846],[-68.33311,10.04833],[-68.33308,10.04813],[-68.33307,10.04802],[-68.3331,10.04793],[-68.33313,10.04785],[-68.33317,10.04778],[-68.33319,10.04772],[-68.33317,10.04766],[-68.33312,10.04762],[-68.33306,10.04761],[-68.33298,10.04759],[-68.33293,10.04756],[-68.33287,10.04746],[-68.33282,10.0474],[-68.33277,10.04736],[-68.33273,10.04733],[-68.33269,10.04727],[-68.33268,10.0472],[-68.33269,10.04709],[-68.33269,10.04689],[-68.33268,10.04659],[-68.33265,10.04622],[-68.33264,10.04612],[-68.33261,10.04605],[-68.33256,10.04599],[-68.33248,10.04593],[-68.3324,10.04587],[-68.33235,10.04582],[-68.33233,10.04576],[-68.33231,10.04571],[-68.33232,10.04568],[-68.33236,10.04565],[-68.33243,10.04563],[-68.33259,10.04558],[-68.3327,10.04555],[-68.33287,10.04544],[-68.33294,10.04539],[-68.33298,10.04533],[-68.333,10.04527],[-68.33298,10.04518],[-68.33291,10.0451],[-68.33281,10.04503],[-68.33269,10.04495],[-68.33258,10.04489],[-68.33249,10.04488],[-68.33232,10.04485],[-68.3322,10.04483],[-68.33213,10.0448],[-68.33207,10.04474],[-68.33203,10.04469],[-68.332,10.04463],[-68.33198,10.04455],[-68.332,10.04447],[-68.33206,10.04437],[-68.33222,10.04418],[-68.33232,10.04407],[-68.33238,10.04399],[-68.33243,10.04392],[-68.33245,10.04384],[-68.33245,10.04374],[-68.33241,10.04365],[-68.33232,10.04352],[-68.33223,10.0434],[-68.33209,10.04312],[-68.33205,10.04304],[-68.33198,10.04297],[-68.33185,10.0429],[-68.33178,10.04287],[-68.33171,10.0428],[-68.33168,10.04271],[-68.33166,10.04259],[-68.33169,10.04247],[-68.33173,10.04235],[-68.33183,10.04223],[-68.33198,10.04213],[-68.33205,10.04205],[-68.33213,10.04192],[-68.33226,10.04165],[-68.33238,10.0413],[-68.33243,10.04104],[-68.33254,10.04073],[-68.3326,10.04058],[-68.33266,10.04051],[-68.33272,10.04048],[-68.33278,10.04047],[-68.33283,10.04047],[-68.33287,10.04049],[-68.33292,10.04054],[-68.33297,10.04062],[-68.33299,10.04073],[-68.33301,10.04082],[-68.33304,10.04089],[-68.33312,10.04095],[-68.33319,10.04098],[-68.3333,10.04099],[-68.33346,10.04097],[-68.33361,10.04092],[-68.33371,10.04085],[-68.3338,10.04071],[-68.33385,10.04062],[-68.33387,10.0405],[-68.3339,10.0403],[-68.33393,10.04016],[-68.33399,10.04006],[-68.33409,10.04001],[-68.33424,10.03996],[-68.33472,10.03986],[-68.33494,10.03982],[-68.33507,10.03979],[-68.33516,10.03973],[-68.33519,10.03968],[-68.33519,10.03961],[-68.33513,10.03949],[-68.33506,10.03938],[-68.33503,10.03926],[-68.33503,10.03911],[-68.33508,10.03893],[-68.33514,10.03884],[-68.33526,10.03875],[-68.3354,10.0387],[-68.33554,10.03868],[-68.3362,10.03867],[-68.33656,10.03864],[-68.33673,10.03861],[-68.33684,10.03858],[-68.33696,10.03852],[-68.33704,10.03847],[-68.33721,10.03838],[-68.33726,10.03835],[-68.33729,10.03831],[-68.3373,10.03826],[-68.33729,10.03822],[-68.33726,10.03816],[-68.33722,10.03807],[-68.33699,10.03777],[-68.33694,10.03772],[-68.33691,10.03771],[-68.33684,10.03771],[-68.33678,10.03773],[-68.33671,10.03774],[-68.33662,10.03774],[-68.33656,10.03771],[-68.33651,10.03765],[-68.33649,10.03757],[-68.33649,10.03746],[-68.3365,10.03735],[-68.33651,10.03714],[-68.33652,10.0369],[-68.33653,10.03671],[-68.33654,10.03663],[-68.33659,10.03653],[-68.33669,10.03646],[-68.33681,10.0364],[-68.33703,10.03634],[-68.33746,10.03623],[-68.33761,10.03619],[-68.33775,10.03615],[-68.33787,10.03609],[-68.33805,10.03599],[-68.33831,10.03582],[-68.3385,10.03568],[-68.33859,10.03558],[-68.33862,10.0355],[-68.33863,10.03542],[-68.33862,10.03535],[-68.33857,10.03525],[-68.33841,10.03495],[-68.33837,10.03488],[-68.33829,10.0348],[-68.33817,10.03472],[-68.3381,10.03465],[-68.33807,10.0346],[-68.33806,10.03454],[-68.33807,10.03446],[-68.3381,10.03438],[-68.33815,10.03426],[-68.3382,10.03416],[-68.33824,10.03409],[-68.33828,10.03405],[-68.33837,10.03402],[-68.33847,10.03399],[-68.33852,10.03395],[-68.33857,10.03386],[-68.3386,10.03372],[-68.33862,10.0336],[-68.33867,10.03347],[-68.33875,10.03337],[-68.33886,10.03326],[-68.33898,10.03318],[-68.33909,10.03315],[-68.33917,10.03314],[-68.33928,10.03315],[-68.33937,10.03316],[-68.33947,10.03315],[-68.33958,10.03311],[-68.33969,10.03302],[-68.33976,10.03292],[-68.33982,10.03281],[-68.33983,10.03272],[-68.33979,10.03266],[-68.33971,10.03263],[-68.33959,10.03263],[-68.3394,10.03263],[-68.33927,10.0326],[-68.33917,10.03256],[-68.3391,10.03249],[-68.33906,10.03242],[-68.33902,10.03232],[-68.33895,10.03215],[-68.3389,10.03189],[-68.33888,10.03173],[-68.33888,10.03164],[-68.3389,10.03152],[-68.33896,10.03142],[-68.33909,10.03131],[-68.33923,10.0312],[-68.33933,10.03108],[-68.33938,10.03096],[-68.33941,10.03086],[-68.33939,10.03081],[-68.33935,10.03074],[-68.33925,10.03065],[-68.33916,10.03052],[-68.33907,10.03037],[-68.33902,10.03025],[-68.33899,10.03014],[-68.33898,10.03003],[-68.33897,10.02988],[-68.339,10.02978],[-68.33903,10.02972],[-68.33908,10.02965],[-68.33915,10.02958],[-68.33925,10.02952],[-68.33941,10.02946],[-68.33956,10.02944],[-68.33977,10.02944],[-68.33986,10.02943],[-68.33994,10.0294],[-68.34,10.02934],[-68.34005,10.02927],[-68.34008,10.02914],[-68.34015,10.02874],[-68.34018,10.02865],[-68.3402,10.0286],[-68.3403,10.02853],[-68.3404,10.02851],[-68.34051,10.02851],[-68.34064,10.02853],[-68.34077,10.02856],[-68.34089,10.02859],[-68.341,10.02859],[-68.34109,10.02856],[-68.34115,10.02851],[-68.34118,10.02845],[-68.34118,10.02836],[-68.34116,10.02828],[-68.34112,10.02822],[-68.34106,10.02812],[-68.34092,10.02798],[-68.34082,10.02785],[-68.3407,10.02766],[-68.34053,10.02733],[-68.34047,10.02711],[-68.34044,10.02695],[-68.34046,10.02681],[-68.34053,10.0267],[-68.34061,10.02659],[-68.34067,10.02647],[-68.34069,10.02636],[-68.34064,10.02621],[-68.3405,10.02609],[-68.34037,10.02603],[-68.34024,10.02598],[-68.34011,10.02586],[-68.34006,10.02575],[-68.34001,10.02554],[-68.34001,10.02539],[-68.34006,10.02523],[-68.34014,10.02512],[-68.34023,10.02504],[-68.34033,10.02495],[-68.34045,10.02487],[-68.34063,10.0248],[-68.34079,10.02477],[-68.34093,10.0247],[-68.34099,10.02462],[-68.34102,10.02453],[-68.34102,10.02442],[-68.34095,10.02431],[-68.34085,10.02418],[-68.34063,10.02396],[-68.34052,10.02386],[-68.34038,10.02379],[-68.3402,10.02372],[-68.34004,10.02364],[-68.33986,10.0235],[-68.3397,10.02332],[-68.33953,10.0231],[-68.33936,10.02285],[-68.33923,10.02269],[-68.33914,10.02263],[-68.33906,10.02259],[-68.33897,10.02258],[-68.3389,10.0226],[-68.3388,10.02265],[-68.33867,10.02271],[-68.33855,10.02276],[-68.33838,10.02277],[-68.33825,10.02276],[-68.33814,10.02274],[-68.33801,10.02267],[-68.33793,10.02257],[-68.3379,10.0225],[-68.33789,10.02237],[-68.33791,10.02224],[-68.33793,10.02212],[-68.33799,10.02201],[-68.33806,10.02193],[-68.33817,10.02183],[-68.33829,10.02174],[-68.33838,10.02167],[-68.33843,10.0216],[-68.33847,10.02154],[-68.33848,10.02146],[-68.33846,10.0214],[-68.33843,10.02135],[-68.33838,10.02132],[-68.33832,10.0213],[-68.33812,10.0213],[-68.33793,10.02134],[-68.33777,10.0214],[-68.33756,10.02153],[-68.33744,10.02159],[-68.3373,10.02162],[-68.33719,10.02163],[-68.33708,10.0216],[-68.33702,10.02156],[-68.33699,10.0215],[-68.33697,10.02139],[-68.33698,10.02123],[-68.337,10.0211],[-68.33703,10.021],[-68.33715,10.02077],[-68.3374,10.02033],[-68.33771,10.01969],[-68.33791,10.01923],[-68.33805,10.01888],[-68.33807,10.01874],[-68.33805,10.01864],[-68.33801,10.01852],[-68.33795,10.01842],[-68.33785,10.01832],[-68.33746,10.01804],[-68.33732,10.01794],[-68.33717,10.01789],[-68.33703,10.01789],[-68.33681,10.01792],[-68.33672,10.01792],[-68.33665,10.01789],[-68.3366,10.01784],[-68.33657,10.01777],[-68.33653,10.01768],[-68.33645,10.01743],[-68.33638,10.01716],[-68.33636,10.01701],[-68.33634,10.01682],[-68.33633,10.01656],[-68.33631,10.01639],[-68.33626,10.0163],[-68.33619,10.01622],[-68.3361,10.01612],[-68.33602,10.01604],[-68.33598,10.01597],[-68.33589,10.01581],[-68.33584,10.0157],[-68.33584,10.01563],[-68.33586,10.01557],[-68.33589,10.01551],[-68.33596,10.01538],[-68.33609,10.0152],[-68.33622,10.01497],[-68.33624,10.01489],[-68.33625,10.01482],[-68.33623,10.01475],[-68.3362,10.01469],[-68.33615,10.01465],[-68.33603,10.01457],[-68.33584,10.01444],[-68.33568,10.01436],[-68.33542,10.01418],[-68.33523,10.014],[-68.33511,10.01383],[-68.33507,10.01374],[-68.33507,10.01366],[-68.3351,10.01361],[-68.33516,10.01355],[-68.33524,10.01351],[-68.33535,10.01347],[-68.33579,10.01332],[-68.33593,10.01325],[-68.33635,10.01303],[-68.33647,10.01295],[-68.33654,10.01289],[-68.33658,10.0128],[-68.33659,10.01273],[-68.33658,10.01265],[-68.33654,10.01258],[-68.33647,10.01249],[-68.33633,10.0124],[-68.33611,10.01228],[-68.33571,10.01206],[-68.3356,10.01197],[-68.33554,10.01189],[-68.33552,10.01181],[-68.33552,10.0117],[-68.33558,10.01154],[-68.33566,10.01141],[-68.33571,10.01136],[-68.33578,10.01132],[-68.33589,10.01129],[-68.336,10.01129],[-68.33614,10.01131],[-68.33642,10.01138],[-68.33671,10.01145],[-68.33681,10.01147],[-68.33688,10.0115],[-68.33694,10.01156],[-68.337,10.01164],[-68.33707,10.0117],[-68.33716,10.01176],[-68.33731,10.01183],[-68.33754,10.01196],[-68.33763,10.01201],[-68.33771,10.01205],[-68.3378,10.01208],[-68.33789,10.0121],[-68.33796,10.01209],[-68.33801,10.01207],[-68.33808,10.012],[-68.33815,10.01188],[-68.33817,10.01178],[-68.33817,10.01168],[-68.33814,10.01158],[-68.33794,10.01117],[-68.33788,10.01106],[-68.33788,10.011],[-68.33788,10.01093],[-68.3379,10.01087],[-68.33797,10.01072],[-68.33798,10.01064],[-68.33795,10.01055],[-68.3379,10.0105],[-68.33781,10.01044],[-68.33773,10.01042],[-68.33766,10.01043],[-68.33756,10.01046],[-68.33746,10.01049],[-68.33735,10.0105],[-68.33725,10.01048],[-68.3371,10.01043],[-68.33698,10.01037],[-68.3369,10.01031],[-68.33683,10.01024],[-68.33677,10.01011],[-68.33674,10.01001],[-68.33674,10.00985],[-68.33676,10.00971],[-68.33683,10.00958],[-68.3369,10.00947],[-68.33702,10.00936],[-68.33725,10.00917],[-68.33734,10.00906],[-68.33739,10.00895],[-68.33739,10.00887],[-68.33736,10.00879],[-68.33731,10.00873],[-68.33724,10.0087],[-68.33714,10.00869],[-68.33696,10.0087],[-68.33668,10.00871],[-68.33652,10.0087],[-68.33639,10.00866],[-68.33625,10.00858],[-68.33615,10.00849],[-68.33608,10.00837],[-68.33604,10.00827],[-68.33604,10.00816],[-68.33606,10.00802],[-68.33611,10.00789],[-68.33616,10.00781],[-68.33629,10.00773],[-68.33642,10.00766],[-68.33661,10.0076],[-68.33676,10.00757],[-68.33689,10.00756],[-68.33707,10.00755],[-68.33715,10.00752],[-68.33724,10.00748],[-68.33732,10.00741],[-68.33738,10.00733],[-68.3374,10.00725],[-68.33743,10.00672],[-68.33744,10.00644],[-68.33746,10.00633],[-68.33748,10.00622],[-68.33754,10.00608],[-68.3376,10.00588],[-68.33763,10.00568],[-68.33765,10.0055],[-68.33772,10.00531],[-68.33777,10.00525],[-68.33783,10.00521],[-68.33793,10.00519],[-68.33808,10.00517],[-68.3382,10.0052],[-68.33832,10.00525],[-68.33842,10.0053],[-68.33851,10.00533],[-68.33866,10.00536],[-68.33899,10.00538],[-68.33932,10.0054],[-68.3395,10.00544],[-68.33968,10.00552],[-68.33981,10.00562],[-68.34001,10.00584],[-68.34012,10.00593],[-68.34021,10.00599],[-68.34031,10.006],[-68.34046,10.00599],[-68.34059,10.00594],[-68.34063,10.0059],[-68.34064,10.00581],[-68.34062,10.00567],[-68.34061,10.00555],[-68.34061,10.00545],[-68.34064,10.00535],[-68.34067,10.00524],[-68.34073,10.00508],[-68.34079,10.00491],[-68.34087,10.00471],[-68.34094,10.00448],[-68.34107,10.00423],[-68.34113,10.00414],[-68.34118,10.00408],[-68.34129,10.00402],[-68.34143,10.00399],[-68.34164,10.004],[-68.34179,10.00404],[-68.34196,10.00412],[-68.34236,10.00437],[-68.34255,10.00448],[-68.34269,10.00454],[-68.34282,10.00456],[-68.34292,10.00457],[-68.34297,10.00455],[-68.343,10.00452],[-68.34301,10.00448],[-68.34299,10.0044],[-68.34292,10.00425],[-68.34288,10.00414],[-68.34287,10.00405],[-68.34288,10.00394],[-68.34291,10.00381],[-68.3429,10.00368],[-68.3429,10.00351],[-68.34288,10.00331],[-68.34289,10.00299],[-68.34288,10.0028],[-68.34286,10.00273],[-68.34279,10.00262],[-68.34269,10.00251],[-68.34259,10.00242],[-68.34245,10.00229],[-68.34234,10.00218],[-68.34228,10.00209],[-68.34225,10.00202],[-68.34225,10.00194],[-68.34227,10.00183],[-68.34233,10.00171],[-68.34234,10.0016],[-68.34232,10.00154],[-68.34227,10.00148],[-68.34218,10.00139],[-68.34202,10.00123],[-68.34186,10.00111],[-68.34176,10.00107],[-68.34158,10.00102],[-68.34138,10.00096],[-68.34121,10.00089],[-68.34103,10.00078],[-68.34092,10.00071],[-68.34085,10.00063],[-68.34081,10.00056],[-68.34078,10.00047],[-68.34076,10.0003],[-68.34076,10.00016],[-68.34079,10.00005],[-68.34085,9.99997],[-68.34094,9.99988],[-68.34108,9.99981],[-68.34121,9.99977],[-68.34138,9.99975],[-68.34156,9.99976],[-68.34191,9.9998],[-68.34211,9.99982],[-68.34223,9.99981],[-68.3424,9.99977],[-68.34287,9.99963],[-68.34305,9.9996],[-68.34322,9.9996],[-68.34333,9.99961],[-68.34344,9.99966],[-68.3436,9.99977],[-68.3438,9.99992],[-68.3443,10.00031],[-68.34446,10.00041],[-68.34457,10.00046],[-68.3447,10.00048],[-68.34482,10.00045],[-68.34492,10.00038],[-68.345,10.00029],[-68.34504,10.00016],[-68.34503,10.00004],[-68.345,9.99995],[-68.34491,9.99984],[-68.34478,9.99971],[-68.34469,9.99961],[-68.34465,9.99952],[-68.34462,9.99944],[-68.34461,9.99935],[-68.34462,9.99922],[-68.34464,9.9991],[-68.34468,9.99901],[-68.34473,9.99895],[-68.3448,9.99891],[-68.3449,9.99887],[-68.34505,9.99884],[-68.34521,9.99883],[-68.34561,9.99883],[-68.34595,9.99887],[-68.34614,9.9989],[-68.34693,9.99919],[-68.34705,9.99923],[-68.34712,9.99924],[-68.34717,9.99923],[-68.34722,9.9992],[-68.34726,9.99915],[-68.34729,9.99907],[-68.34729,9.99892],[-68.3473,9.99865],[-68.34728,9.99847],[-68.34728,9.99836],[-68.34731,9.99827],[-68.34737,9.99816],[-68.34744,9.99804],[-68.34755,9.99789],[-68.34772,9.99765],[-68.34783,9.99751],[-68.34795,9.99736],[-68.34799,9.99723],[-68.348,9.99711],[-68.34798,9.99702],[-68.34793,9.9969],[-68.34791,9.9968],[-68.34792,9.99669],[-68.34795,9.99661],[-68.348,9.99654],[-68.34809,9.99647],[-68.34817,9.99643],[-68.34826,9.99641],[-68.34839,9.99643],[-68.34873,9.99656],[-68.3489,9.99664],[-68.34903,9.99673],[-68.34914,9.99679],[-68.34925,9.99682],[-68.34933,9.9968],[-68.34942,9.99674],[-68.3495,9.99662],[-68.34954,9.99652],[-68.34955,9.99644],[-68.34954,9.99632],[-68.34951,9.99619],[-68.34948,9.99609],[-68.34944,9.99592],[-68.3494,9.99562],[-68.34937,9.99539],[-68.34933,9.99522],[-68.34927,9.99506],[-68.34911,9.99475],[-68.34907,9.99468],[-68.34907,9.9946],[-68.34909,9.99453],[-68.34914,9.99447],[-68.34925,9.9944],[-68.34939,9.99436],[-68.34949,9.99435],[-68.34962,9.99438],[-68.34983,9.99449],[-68.34994,9.99455],[-68.35003,9.99456],[-68.35013,9.99455],[-68.35024,9.99449],[-68.35041,9.99436],[-68.35089,9.99407],[-68.35115,9.99395],[-68.35134,9.9939],[-68.35144,9.99387],[-68.35154,9.99384],[-68.3516,9.99379],[-68.35167,9.9937],[-68.3517,9.99361],[-68.35168,9.99353],[-68.35163,9.99345],[-68.35158,9.99336],[-68.35154,9.99326],[-68.35154,9.99315],[-68.35157,9.99305],[-68.35161,9.993],[-68.35171,9.99296],[-68.35183,9.99294],[-68.35211,9.99294],[-68.35238,9.99297],[-68.35249,9.993],[-68.35257,9.99307],[-68.35262,9.99316],[-68.35263,9.99324],[-68.35262,9.99343],[-68.35256,9.99377],[-68.35253,9.99398],[-68.35253,9.99409],[-68.35256,9.9942],[-68.35263,9.99433],[-68.35274,9.99446],[-68.35285,9.99454],[-68.35297,9.99459],[-68.35307,9.9946],[-68.35318,9.99459],[-68.35334,9.99455],[-68.3535,9.99448],[-68.3536,9.99441],[-68.35367,9.99432],[-68.35373,9.99421],[-68.35377,9.99406],[-68.35379,9.9939],[-68.35379,9.99382],[-68.35377,9.99375],[-68.35372,9.99359],[-68.35354,9.99325],[-68.3534,9.99298],[-68.35329,9.99272],[-68.35323,9.99254],[-68.35322,9.9924],[-68.35322,9.99233],[-68.35323,9.99222],[-68.35328,9.99209],[-68.35334,9.992],[-68.35347,9.99191],[-68.35362,9.99185],[-68.35373,9.99182],[-68.35384,9.99182],[-68.35398,9.99186],[-68.35414,9.99199],[-68.35424,9.99215],[-68.3543,9.99232],[-68.35435,9.99256],[-68.3544,9.99286],[-68.35444,9.993],[-68.35448,9.99313],[-68.35452,9.99321],[-68.35462,9.9933],[-68.35473,9.9934],[-68.35484,9.99348],[-68.35492,9.99353],[-68.35505,9.99357],[-68.35523,9.99359],[-68.35543,9.99359],[-68.35575,9.99357],[-68.35598,9.99354],[-68.35611,9.99351],[-68.35617,9.99348],[-68.35622,9.99343],[-68.35624,9.99337],[-68.35623,9.99331],[-68.35615,9.99322],[-68.35607,9.99316],[-68.35588,9.99303],[-68.35575,9.9929],[-68.35565,9.9928],[-68.35554,9.99272],[-68.35547,9.99266],[-68.3554,9.99261],[-68.35537,9.99253],[-68.35535,9.99241],[-68.35535,9.99226],[-68.35536,9.99216],[-68.35542,9.99208],[-68.35553,9.99201],[-68.3559,9.99189],[-68.35599,9.99188],[-68.35608,9.99185],[-68.35614,9.9918],[-68.35617,9.99175],[-68.35617,9.9917],[-68.35614,9.99158],[-68.3561,9.99143],[-68.35608,9.99135],[-68.35606,9.99116],[-68.35603,9.99095],[-68.35599,9.99078],[-68.356,9.99068],[-68.35603,9.99061],[-68.35608,9.99059],[-68.35615,9.99057],[-68.3563,9.99061],[-68.35639,9.99065],[-68.3565,9.99071],[-68.35661,9.99087],[-68.35696,9.99141],[-68.35702,9.99151],[-68.35713,9.99158],[-68.3572,9.99159],[-68.35728,9.99157],[-68.35735,9.9915],[-68.35739,9.99141],[-68.3575,9.99121],[-68.35767,9.99084],[-68.35771,9.99074],[-68.35783,9.99053],[-68.35793,9.99034],[-68.35799,9.99016],[-68.35803,9.99007],[-68.35811,9.98999],[-68.3582,9.98995],[-68.35831,9.98993],[-68.35838,9.98995],[-68.35849,9.99002],[-68.35859,9.99015],[-68.35862,9.99029],[-68.35862,9.99042],[-68.35861,9.99055],[-68.3586,9.9908],[-68.35863,9.99123],[-68.35866,9.99146],[-68.35869,9.9916],[-68.35877,9.99167],[-68.35885,9.99168],[-68.35891,9.99165],[-68.35899,9.99157],[-68.35904,9.99146],[-68.3591,9.99129],[-68.35913,9.99109],[-68.35916,9.99092],[-68.35919,9.99081],[-68.35925,9.99071],[-68.35931,9.99062],[-68.35938,9.99053],[-68.35943,9.99044],[-68.35945,9.99033],[-68.35948,9.99018],[-68.3595,9.99009],[-68.35954,9.99],[-68.35962,9.98994],[-68.35972,9.98992],[-68.35993,9.98992],[-68.36011,9.98993],[-68.3602,9.98992],[-68.36027,9.98988],[-68.36042,9.98973],[-68.36058,9.98956],[-68.36067,9.98947],[-68.36079,9.98938],[-68.36092,9.98935],[-68.36107,9.98932],[-68.36118,9.98934],[-68.36127,9.98938],[-68.36133,9.98948],[-68.36134,9.9896],[-68.36132,9.98974],[-68.36131,9.98993],[-68.36134,9.99005],[-68.36138,9.99011],[-68.36153,9.99019],[-68.36167,9.99024],[-68.36186,9.99027],[-68.3621,9.99028],[-68.36239,9.99028],[-68.36264,9.99031],[-68.36302,9.99037],[-68.3632,9.99044],[-68.36331,9.9905],[-68.3634,9.9906],[-68.36343,9.99069],[-68.36343,9.99081],[-68.3634,9.99089],[-68.36335,9.99096],[-68.36321,9.99104],[-68.363,9.99116],[-68.36289,9.99124],[-68.3628,9.99134],[-68.36276,9.99143],[-68.36275,9.9915],[-68.36275,9.99157],[-68.36278,9.99163],[-68.36285,9.99168],[-68.36298,9.99169],[-68.36316,9.99171],[-68.36331,9.99174],[-68.36339,9.99179],[-68.36348,9.99189],[-68.36368,9.99223],[-68.3639,9.99254],[-68.36415,9.99282],[-68.36422,9.99292],[-68.36423,9.99303],[-68.36427,9.99324],[-68.3643,9.99336],[-68.36434,9.99348],[-68.36441,9.99357],[-68.36459,9.99374],[-68.3648,9.99389],[-68.36515,9.99407],[-68.36533,9.99415],[-68.3655,9.99419],[-68.36563,9.99419],[-68.36574,9.99417],[-68.36585,9.99412],[-68.36595,9.99401],[-68.36612,9.99381],[-68.36619,9.99375],[-68.36629,9.99371],[-68.36637,9.9937],[-68.36648,9.99373],[-68.36661,9.99383],[-68.36674,9.99399],[-68.3669,9.99423],[-68.36696,9.99437],[-68.36702,9.99446],[-68.36708,9.99451],[-68.36714,9.9945],[-68.36723,9.99447],[-68.3673,9.99441],[-68.36749,9.99423],[-68.36766,9.99408],[-68.36775,9.99404],[-68.36785,9.99402],[-68.36794,9.99403],[-68.36802,9.99406],[-68.36806,9.99413],[-68.36811,9.99422],[-68.36816,9.99432],[-68.36819,9.99438],[-68.36827,9.99441],[-68.36836,9.99441],[-68.36847,9.99437],[-68.36862,9.99426],[-68.36871,9.99415],[-68.36877,9.99402],[-68.36879,9.99387],[-68.36883,9.99369],[-68.36888,9.99354],[-68.36889,9.99344],[-68.36889,9.99333],[-68.3689,9.99325],[-68.36894,9.99319],[-68.36908,9.99311],[-68.3693,9.99302],[-68.36937,9.99298],[-68.36942,9.99292],[-68.36944,9.99287],[-68.36944,9.99278],[-68.36942,9.99266],[-68.36941,9.99256],[-68.36943,9.99233],[-68.36943,9.99215],[-68.36939,9.99195],[-68.36933,9.99175],[-68.36928,9.99167],[-68.36922,9.99161],[-68.36912,9.99157],[-68.36907,9.99154],[-68.36903,9.99151],[-68.36901,9.99146],[-68.36903,9.99139],[-68.36907,9.99132],[-68.36912,9.99121],[-68.36914,9.9911],[-68.36914,9.99094],[-68.36912,9.99075],[-68.369,9.99029],[-68.36929,9.99036],[-68.36946,9.99045],[-68.36954,9.99053],[-68.36962,9.99058],[-68.3697,9.99059],[-68.36978,9.99057],[-68.36988,9.9905],[-68.36998,9.99037],[-68.37009,9.99014],[-68.37015,9.98993],[-68.37019,9.98981],[-68.37025,9.98975],[-68.37032,9.98972],[-68.37043,9.98969],[-68.37054,9.98972],[-68.37063,9.98979],[-68.37084,9.99012],[-68.37093,9.99023],[-68.37102,9.99029],[-68.3711,9.99031],[-68.37118,9.9903],[-68.37131,9.99026],[-68.37153,9.99021],[-68.37165,9.99017],[-68.37172,9.99017],[-68.37179,9.99018],[-68.37184,9.99021],[-68.37192,9.99032],[-68.37211,9.99073],[-68.37225,9.99109],[-68.37242,9.99158],[-68.37256,9.99207],[-68.37272,9.99262],[-68.37283,9.99296],[-68.37289,9.99313],[-68.37295,9.99326],[-68.37298,9.99332],[-68.37298,9.9934],[-68.37298,9.99348],[-68.37299,9.99353],[-68.37302,9.99358],[-68.37306,9.99363],[-68.37312,9.99366],[-68.37326,9.99372],[-68.37336,9.99374],[-68.37344,9.99372],[-68.3735,9.9937],[-68.37357,9.99366],[-68.37366,9.99357],[-68.37371,9.99347],[-68.37373,9.99336],[-68.37372,9.99328],[-68.37371,9.99318],[-68.37373,9.99312],[-68.37377,9.99307],[-68.37382,9.99305],[-68.3739,9.99306],[-68.37404,9.99309],[-68.37416,9.99313],[-68.37429,9.99321],[-68.37439,9.99327],[-68.3745,9.99336],[-68.37456,9.99346],[-68.37458,9.99354],[-68.37457,9.9936],[-68.3745,9.9937],[-68.37436,9.99386],[-68.37431,9.99394],[-68.37429,9.994],[-68.3743,9.99406],[-68.37435,9.99414],[-68.37443,9.9942],[-68.37458,9.99426],[-68.37487,9.99432],[-68.37504,9.99435],[-68.37512,9.99438],[-68.37519,9.99442],[-68.37537,9.99465],[-68.37558,9.99489],[-68.37574,9.99508],[-68.37584,9.99522],[-68.37594,9.99537],[-68.37604,9.99558],[-68.37624,9.996],[-68.37635,9.99616],[-68.37645,9.9963],[-68.37662,9.99651],[-68.37673,9.99662],[-68.37682,9.99666],[-68.3769,9.99669],[-68.37703,9.99669],[-68.37723,9.99664],[-68.37739,9.99657],[-68.37748,9.99649],[-68.37759,9.99637],[-68.37772,9.99619],[-68.37777,9.99612],[-68.37783,9.99608],[-68.37788,9.99607],[-68.37795,9.99607],[-68.37804,9.99612],[-68.37819,9.99621],[-68.3784,9.99639],[-68.37852,9.99651],[-68.3786,9.99663],[-68.37863,9.99671],[-68.37864,9.99682],[-68.37866,9.99701],[-68.37869,9.99712],[-68.37874,9.99722],[-68.37882,9.99731],[-68.37889,9.99739],[-68.37899,9.99746],[-68.37915,9.99757],[-68.37924,9.99765],[-68.3793,9.99774],[-68.37933,9.99781],[-68.37938,9.99794],[-68.37942,9.99815],[-68.37942,9.99824],[-68.37941,9.9983],[-68.37937,9.99837],[-68.37929,9.99845],[-68.3792,9.99855],[-68.37918,9.99866],[-68.37917,9.99871],[-68.37919,9.99879],[-68.37924,9.99887],[-68.37935,9.99895],[-68.37946,9.999],[-68.3796,9.99903],[-68.37973,9.99905],[-68.37984,9.99904],[-68.37998,9.99903],[-68.38009,9.99903],[-68.38024,9.99906],[-68.38035,9.99911],[-68.38049,9.99919],[-68.38064,9.99928],[-68.38088,9.99936],[-68.38105,9.99938],[-68.38122,9.99942],[-68.38133,9.99948],[-68.38145,9.99956],[-68.38152,9.99961],[-68.38157,9.99971],[-68.38158,9.99982],[-68.38155,9.99992],[-68.38148,10.00003],[-68.38143,10.00012],[-68.38141,10.00023],[-68.38141,10.0004],[-68.38142,10.00073],[-68.38141,10.00095],[-68.38138,10.00123],[-68.38135,10.00146],[-68.38133,10.00156],[-68.38131,10.00166],[-68.38133,10.00172],[-68.38136,10.00177],[-68.38139,10.0018],[-68.38148,10.0018],[-68.38159,10.00178],[-68.38167,10.00176],[-68.38177,10.00177],[-68.38185,10.00181],[-68.38195,10.0019],[-68.38202,10.00199],[-68.38213,10.00213],[-68.38222,10.00225],[-68.3823,10.00236],[-68.38238,10.00247],[-68.38241,10.00257],[-68.38239,10.00265],[-68.38235,10.0027],[-68.38225,10.00277],[-68.38211,10.00283],[-68.38202,10.0029],[-68.38198,10.00295],[-68.38196,10.00302],[-68.38198,10.0031],[-68.38205,10.00319],[-68.38219,10.00329],[-68.38244,10.00344],[-68.38251,10.00347],[-68.38261,10.00347],[-68.38271,10.00343],[-68.38279,10.00335],[-68.38285,10.00326],[-68.38293,10.00317],[-68.38299,10.00315],[-68.38309,10.00315],[-68.38318,10.00321],[-68.38329,10.00329],[-68.38335,10.00333],[-68.38342,10.0034],[-68.38352,10.00357],[-68.38356,10.00369],[-68.38357,10.00381],[-68.38355,10.00389],[-68.3835,10.00396],[-68.38342,10.00401],[-68.38328,10.00409],[-68.38281,10.00425],[-68.38265,10.00433],[-68.38262,10.00436],[-68.38256,10.00442],[-68.38255,10.0045],[-68.38256,10.00463],[-68.38259,10.00478],[-68.38262,10.00493],[-68.38272,10.00514],[-68.38278,10.00523],[-68.3829,10.00531],[-68.3831,10.00541],[-68.38322,10.00546],[-68.38336,10.0055],[-68.38358,10.00553],[-68.38372,10.0055],[-68.38385,10.00544],[-68.38397,10.00537],[-68.38407,10.00535],[-68.38417,10.00535],[-68.3843,10.00538],[-68.38439,10.00542],[-68.38444,10.00549],[-68.38451,10.0056],[-68.38456,10.00571],[-68.38467,10.00602],[-68.38476,10.00629],[-68.38481,10.00648],[-68.38483,10.00659],[-68.38482,10.00677],[-68.38483,10.0069],[-68.38485,10.00705],[-68.38488,10.00713],[-68.38499,10.00727],[-68.38512,10.00747],[-68.3852,10.00754],[-68.38528,10.00758],[-68.38539,10.0076],[-68.3855,10.00763],[-68.38555,10.00768],[-68.38557,10.00775],[-68.38554,10.00785],[-68.3855,10.00791],[-68.38541,10.00795],[-68.38525,10.00798],[-68.38513,10.00799],[-68.38499,10.00804],[-68.38493,10.00809],[-68.38491,10.00817],[-68.38491,10.00827],[-68.38488,10.00863],[-68.38484,10.00881],[-68.38478,10.00917],[-68.38478,10.00927],[-68.3848,10.00935],[-68.38482,10.00942],[-68.38486,10.00949],[-68.3849,10.00956],[-68.38497,10.00961],[-68.38502,10.00964],[-68.38512,10.00965],[-68.3852,10.00964],[-68.38533,10.0096],[-68.38544,10.00954],[-68.38557,10.00945],[-68.38569,10.00941],[-68.38579,10.00941],[-68.38588,10.00945],[-68.38593,10.00953],[-68.38597,10.00966],[-68.386,10.00979],[-68.38603,10.00993],[-68.3861,10.01014],[-68.38614,10.01025],[-68.38615,10.01035],[-68.38613,10.01045],[-68.38607,10.01055],[-68.38597,10.01064],[-68.38587,10.0107],[-68.38583,10.01075],[-68.38581,10.01081],[-68.38582,10.01088],[-68.38584,10.01097],[-68.38593,10.01112],[-68.38605,10.01133],[-68.38623,10.01165],[-68.38631,10.01175],[-68.3864,10.01184],[-68.38648,10.01189],[-68.38657,10.01192],[-68.38666,10.01196],[-68.38677,10.012],[-68.38685,10.0121],[-68.38689,10.01219],[-68.38686,10.01231],[-68.38682,10.01238],[-68.38676,10.01245],[-68.38668,10.01255],[-68.38663,10.01268],[-68.38661,10.01281],[-68.38659,10.01293],[-68.38655,10.01336],[-68.38656,10.01384],[-68.38652,10.01409],[-68.38646,10.01427],[-68.38639,10.01437],[-68.38633,10.01442],[-68.38602,10.0146],[-68.38591,10.01467],[-68.38583,10.01473],[-68.38576,10.01479],[-68.38574,10.01489],[-68.38579,10.01497],[-68.38588,10.01503],[-68.386,10.01506],[-68.38616,10.01506],[-68.38634,10.01503],[-68.3865,10.01498],[-68.38678,10.01487],[-68.38693,10.01483],[-68.38711,10.0148],[-68.38734,10.01478],[-68.38764,10.01478],[-68.38781,10.01481],[-68.38797,10.01486],[-68.38811,10.01495],[-68.38827,10.01509],[-68.38856,10.01544],[-68.38867,10.01557],[-68.38881,10.01573],[-68.38898,10.0159],[-68.38905,10.01599],[-68.38908,10.01609],[-68.38908,10.01622],[-68.38905,10.01632],[-68.389,10.01642],[-68.38892,10.01659],[-68.38876,10.01699],[-68.38874,10.0171],[-68.38874,10.01727],[-68.38878,10.01752],[-68.38882,10.01773],[-68.38882,10.01788],[-68.3888,10.01801],[-68.38879,10.01812],[-68.3888,10.01823],[-68.38886,10.0184],[-68.38897,10.01869],[-68.38901,10.01881],[-68.38901,10.01893],[-68.389,10.01909],[-68.38896,10.01965],[-68.38891,10.01974],[-68.38883,10.0198],[-68.38871,10.01988],[-68.38864,10.01997],[-68.38861,10.02009],[-68.38862,10.02016],[-68.38867,10.02023],[-68.38873,10.02026],[-68.38879,10.02029],[-68.38885,10.02036],[-68.38887,10.02046],[-68.38886,10.02063],[-68.38883,10.021],[-68.38874,10.0214],[-68.38867,10.02159],[-68.38853,10.02171],[-68.3884,10.02179],[-68.3883,10.02182],[-68.3882,10.02183],[-68.38809,10.02181],[-68.38796,10.02172],[-68.38791,10.02163],[-68.38787,10.0215],[-68.38785,10.02132],[-68.3878,10.02124],[-68.38771,10.02121],[-68.3876,10.02121],[-68.3875,10.02125],[-68.38743,10.02133],[-68.38741,10.02143],[-68.38741,10.02154],[-68.38742,10.02171],[-68.38745,10.02187],[-68.3875,10.022],[-68.38755,10.02217],[-68.38761,10.02241],[-68.38763,10.02261],[-68.38762,10.02277],[-68.38756,10.02288],[-68.3875,10.02298],[-68.38735,10.02315],[-68.38709,10.02338],[-68.38692,10.0235],[-68.38675,10.0236],[-68.38669,10.02364],[-68.38665,10.02372],[-68.38666,10.0238],[-68.38669,10.02393],[-68.38674,10.02405],[-68.38678,10.02409],[-68.38685,10.02412],[-68.38692,10.02412],[-68.38698,10.0241],[-68.38706,10.02405],[-68.38713,10.02397],[-68.38719,10.0239],[-68.38728,10.02386],[-68.38736,10.02384],[-68.38747,10.02385],[-68.38758,10.02389],[-68.38764,10.02395],[-68.38772,10.02408],[-68.38775,10.02421],[-68.38775,10.0243],[-68.38771,10.02444],[-68.38764,10.02455],[-68.38759,10.02463],[-68.38756,10.0247],[-68.38756,10.02478],[-68.38757,10.02488],[-68.38756,10.02497],[-68.38753,10.02503],[-68.38741,10.02519],[-68.38735,10.0253],[-68.38732,10.02541],[-68.38733,10.02554],[-68.38729,10.02581],[-68.38729,10.02597],[-68.38732,10.0261],[-68.38738,10.0262],[-68.38744,10.02626],[-68.38752,10.02631],[-68.38771,10.02641],[-68.3878,10.02648],[-68.38782,10.02655],[-68.38782,10.0266],[-68.38778,10.02666],[-68.3877,10.0267],[-68.3876,10.02675],[-68.38733,10.02687],[-68.38713,10.02697],[-68.38698,10.02704],[-68.38678,10.02715],[-68.38672,10.02721],[-68.38664,10.02733],[-68.38661,10.02743],[-68.38656,10.02762],[-68.38648,10.02784],[-68.38638,10.02797],[-68.38624,10.02808],[-68.38611,10.02816],[-68.38601,10.02819],[-68.3859,10.02819],[-68.38583,10.02817],[-68.38577,10.0281],[-68.38573,10.02802],[-68.38563,10.02779],[-68.38556,10.02767],[-68.38549,10.02759],[-68.38532,10.0275],[-68.38521,10.0275],[-68.38513,10.02752],[-68.38494,10.02765],[-68.38479,10.02776],[-68.38466,10.02788],[-68.38458,10.02799],[-68.38454,10.0281],[-68.38454,10.0282],[-68.38456,10.02832],[-68.3846,10.02848],[-68.38465,10.02857],[-68.38472,10.02866],[-68.38484,10.02877],[-68.38496,10.02887],[-68.38503,10.02895],[-68.38506,10.02904],[-68.38504,10.02911],[-68.38499,10.02917],[-68.38494,10.02922],[-68.38489,10.02927],[-68.38487,10.02936],[-68.38489,10.02943],[-68.38493,10.02949],[-68.38501,10.02959],[-68.38507,10.02974],[-68.38511,10.02989],[-68.38516,10.03016],[-68.38516,10.03037],[-68.38513,10.03049],[-68.38508,10.03062],[-68.38502,10.03075],[-68.38501,10.03084],[-68.38501,10.03091],[-68.38506,10.03097],[-68.38513,10.03101],[-68.38522,10.03105],[-68.38537,10.03107],[-68.3855,10.0311],[-68.38563,10.03114],[-68.38576,10.03121],[-68.38584,10.03127],[-68.38597,10.03137],[-68.38608,10.03154],[-68.3862,10.03165],[-68.38635,10.03176],[-68.38651,10.03184],[-68.38663,10.03189],[-68.38674,10.03201],[-68.38676,10.03212],[-68.38674,10.03222],[-68.38667,10.03234],[-68.38659,10.03241],[-68.38646,10.0325],[-68.38631,10.03263],[-68.38618,10.03279],[-68.38613,10.03287],[-68.3861,10.03298],[-68.38608,10.03308],[-68.38607,10.03318],[-68.38608,10.03327],[-68.38613,10.03336],[-68.38619,10.03342],[-68.38623,10.03348],[-68.38623,10.03355],[-68.38621,10.03359],[-68.38615,10.03363],[-68.38608,10.03365],[-68.38594,10.03363],[-68.38582,10.03363],[-68.3857,10.03365],[-68.38559,10.0337],[-68.38549,10.0338],[-68.38538,10.03386],[-68.38526,10.03392],[-68.38517,10.03399],[-68.38513,10.03408],[-68.38513,10.03415],[-68.38516,10.03425],[-68.38522,10.03438],[-68.38526,10.03452],[-68.38533,10.03483],[-68.38536,10.03495],[-68.38535,10.03503],[-68.38532,10.0351],[-68.38527,10.03518],[-68.38521,10.03528],[-68.38514,10.03547],[-68.38512,10.03562],[-68.3851,10.03582],[-68.38513,10.03604],[-68.38513,10.03615],[-68.3851,10.03624],[-68.38506,10.03629],[-68.38498,10.03633],[-68.38489,10.03634],[-68.3848,10.03634],[-68.38469,10.0363],[-68.38459,10.03624],[-68.3845,10.03618],[-68.38444,10.03615],[-68.38433,10.03612],[-68.38426,10.03611],[-68.38418,10.03611],[-68.38414,10.03614],[-68.38401,10.03626],[-68.38388,10.03639],[-68.38375,10.03647],[-68.38362,10.03654],[-68.38346,10.03662],[-68.3834,10.03667],[-68.38336,10.03675],[-68.38335,10.03683],[-68.38337,10.03695],[-68.38343,10.03705],[-68.38352,10.03712],[-68.38359,10.03716],[-68.3837,10.03719],[-68.38389,10.03719],[-68.38397,10.0372],[-68.38403,10.03722],[-68.38406,10.03727],[-68.38406,10.0373],[-68.38404,10.03735],[-68.38398,10.03741],[-68.38393,10.03746],[-68.38387,10.03754],[-68.38383,10.03766],[-68.38379,10.03786],[-68.38378,10.03793],[-68.38378,10.03801],[-68.38382,10.03807],[-68.38388,10.03813],[-68.38393,10.03818],[-68.38397,10.03825],[-68.38399,10.03836],[-68.38401,10.03849],[-68.38398,10.0386],[-68.38394,10.03871],[-68.38389,10.03878],[-68.38384,10.03881],[-68.3838,10.03882],[-68.38373,10.03882],[-68.3836,10.03877],[-68.38347,10.03874],[-68.38338,10.03876],[-68.38332,10.0388],[-68.38317,10.03891],[-68.38291,10.03913],[-68.38276,10.0393],[-68.38272,10.03937],[-68.3827,10.03945],[-68.38266,10.0396],[-68.38262,10.03972],[-68.38256,10.03987],[-68.38242,10.04013],[-68.38234,10.04025],[-68.38229,10.04031],[-68.38226,10.04035],[-68.38226,10.0404],[-68.38227,10.04045],[-68.3823,10.04051],[-68.38232,10.04054],[-68.38236,10.04056],[-68.38241,10.04057],[-68.38248,10.04057],[-68.38255,10.04056],[-68.3826,10.04056],[-68.38265,10.04057],[-68.38269,10.04061],[-68.38272,10.04067],[-68.38273,10.04073],[-68.38276,10.04092],[-68.38278,10.04105],[-68.38283,10.04126],[-68.38285,10.04136],[-68.38285,10.04142],[-68.38283,10.04147],[-68.3828,10.04151],[-68.38273,10.04157],[-68.38266,10.04164],[-68.38261,10.0417],[-68.38258,10.04174],[-68.38253,10.04185],[-68.38251,10.04193],[-68.38251,10.04199],[-68.38252,10.04205],[-68.38253,10.04215],[-68.38256,10.04222],[-68.3826,10.04227],[-68.38265,10.04231],[-68.38271,10.04234],[-68.38276,10.04235],[-68.38281,10.0424],[-68.3828,10.04246],[-68.38279,10.04249],[-68.38272,10.04254],[-68.38265,10.04256],[-68.38243,10.04257],[-68.38213,10.04256],[-68.38196,10.04254],[-68.38187,10.04251],[-68.38179,10.04245],[-68.38168,10.04237],[-68.38158,10.04235],[-68.3815,10.04237],[-68.38138,10.04247],[-68.38127,10.04251],[-68.38115,10.04252],[-68.38108,10.04251],[-68.38104,10.04249],[-68.38098,10.04244],[-68.38095,10.04238],[-68.38094,10.04231],[-68.38092,10.04224],[-68.38087,10.04217],[-68.38076,10.04211],[-68.38066,10.04209],[-68.38057,10.0421],[-68.38046,10.04213],[-68.3803,10.04217],[-68.38011,10.04227],[-68.38004,10.04232],[-68.38,10.0424],[-68.37998,10.0425],[-68.37997,10.04259],[-68.37999,10.04265],[-68.38003,10.04275],[-68.38011,10.04287],[-68.38017,10.04301],[-68.38019,10.04311],[-68.38017,10.04319],[-68.38012,10.04328],[-68.38007,10.04332],[-68.37997,10.04336],[-68.37992,10.04336],[-68.37984,10.04334],[-68.37979,10.04329],[-68.37975,10.04325],[-68.37971,10.04323],[-68.37965,10.04322],[-68.37957,10.04322],[-68.37936,10.04325],[-68.37911,10.0433],[-68.37897,10.04332],[-68.37882,10.04332],[-68.37866,10.04331],[-68.37852,10.04334],[-68.37847,10.04339],[-68.37844,10.04348],[-68.37846,10.04359],[-68.37849,10.04372],[-68.37852,10.04382],[-68.37851,10.04394],[-68.37847,10.04402],[-68.37836,10.04428],[-68.37829,10.04439],[-68.37824,10.04444],[-68.37816,10.04447],[-68.37803,10.04449],[-68.37797,10.04455],[-68.37795,10.04461],[-68.37795,10.0447],[-68.37797,10.04481],[-68.37801,10.04488],[-68.37807,10.0449],[-68.37821,10.04489],[-68.37848,10.04487],[-68.3786,10.04488],[-68.37868,10.0449],[-68.37876,10.04496],[-68.3788,10.04503],[-68.37885,10.04516],[-68.37884,10.04525],[-68.3788,10.04532],[-68.37872,10.04539],[-68.37861,10.04549],[-68.37852,10.04563],[-68.37845,10.04578],[-68.37837,10.04588],[-68.3783,10.04597],[-68.37824,10.04604],[-68.37815,10.04612],[-68.37809,10.04615],[-68.37801,10.04618],[-68.37795,10.04623],[-68.37792,10.04628],[-68.37791,10.04635],[-68.37791,10.04639],[-68.37793,10.04648],[-68.37806,10.04668],[-68.37815,10.04678],[-68.37825,10.04685],[-68.37833,10.0469],[-68.37835,10.04696],[-68.37833,10.04705],[-68.37829,10.04713],[-68.37822,10.04723],[-68.37805,10.04739],[-68.37797,10.04745],[-68.37788,10.04752],[-68.37783,10.0476],[-68.37779,10.04768],[-68.37772,10.04784],[-68.37765,10.048],[-68.37762,10.04815],[-68.37758,10.04835],[-68.37756,10.04846],[-68.37756,10.04853],[-68.37757,10.0486],[-68.37759,10.04865],[-68.37763,10.0487],[-68.3778,10.04888],[-68.37791,10.04897],[-68.3784,10.04937],[-68.37853,10.04944],[-68.37869,10.04949],[-68.37909,10.04957],[-68.37932,10.04961],[-68.37939,10.04963],[-68.37949,10.04967],[-68.37957,10.0497],[-68.37967,10.04971],[-68.37976,10.04971],[-68.37983,10.04972],[-68.37988,10.04975],[-68.37992,10.04982],[-68.37994,10.04989],[-68.38001,10.0501],[-68.38005,10.05026],[-68.38006,10.05037],[-68.38002,10.05043],[-68.38,10.0505],[-68.38001,10.05053],[-68.38006,10.05055],[-68.38016,10.05056],[-68.38026,10.05054],[-68.38038,10.05051],[-68.38049,10.05049],[-68.38062,10.05049],[-68.38072,10.05048],[-68.38081,10.05045],[-68.38089,10.0504],[-68.38094,10.0503],[-68.38113,10.04989],[-68.38117,10.04982],[-68.38123,10.04975],[-68.38128,10.04974],[-68.38136,10.04975],[-68.38143,10.04977],[-68.38154,10.04983],[-68.38166,10.0499],[-68.38172,10.04998],[-68.38174,10.05004],[-68.38173,10.0501],[-68.3817,10.05019],[-68.38165,10.05032],[-68.38158,10.05043],[-68.3815,10.05052],[-68.38137,10.05065],[-68.38123,10.05083],[-68.38114,10.05093],[-68.38104,10.051],[-68.38098,10.05105],[-68.38093,10.05113],[-68.38091,10.05124],[-68.38091,10.0513],[-68.38095,10.0514],[-68.381,10.05147],[-68.38107,10.05151],[-68.38127,10.05161],[-68.38162,10.05179],[-68.38185,10.05193],[-68.38208,10.05214],[-68.38248,10.05251],[-68.38258,10.0526],[-68.38261,10.05267],[-68.38261,10.05274],[-68.38258,10.0528],[-68.38251,10.05288],[-68.38244,10.0529],[-68.38235,10.0529],[-68.38227,10.0529],[-68.38219,10.05291],[-68.38214,10.05294],[-68.38207,10.05298],[-68.38205,10.05305],[-68.38205,10.05309],[-68.38207,10.05322],[-68.38208,10.05337],[-68.3821,10.05349],[-68.38212,10.05363],[-68.38214,10.05373],[-68.3822,10.05384],[-68.38232,10.05395],[-68.38245,10.05404],[-68.38259,10.05411],[-68.38277,10.05422],[-68.38293,10.05435],[-68.383,10.05442],[-68.38308,10.05454],[-68.38324,10.05503],[-68.38337,10.05527],[-68.38347,10.05544],[-68.38356,10.05552],[-68.38368,10.05559],[-68.38379,10.0556],[-68.38387,10.05559],[-68.38397,10.05552],[-68.38402,10.05543],[-68.38405,10.05533],[-68.38403,10.05522],[-68.38392,10.05468],[-68.38386,10.0544],[-68.38384,10.05425],[-68.38387,10.05411],[-68.38396,10.05392],[-68.38403,10.05382],[-68.38414,10.05373],[-68.38428,10.05363],[-68.3844,10.05359],[-68.38453,10.05357],[-68.38461,10.05358],[-68.38472,10.0536],[-68.38479,10.05364],[-68.38484,10.05367],[-68.38487,10.05373],[-68.38513,10.05412],[-68.38516,10.05418],[-68.3852,10.05426],[-68.38524,10.05438],[-68.3853,10.0545],[-68.3854,10.05464],[-68.38545,10.05472],[-68.38552,10.05476],[-68.3856,10.05477],[-68.38569,10.05476],[-68.38579,10.05473],[-68.38594,10.05467],[-68.38604,10.05465],[-68.38641,10.05461],[-68.38652,10.05461],[-68.38658,10.05465],[-68.38662,10.05474],[-68.38663,10.05488],[-68.38663,10.05501],[-68.3866,10.05515],[-68.38657,10.05528],[-68.38653,10.05541],[-68.38641,10.05556],[-68.38626,10.05569],[-68.38616,10.05584],[-68.38613,10.05595],[-68.38614,10.05608],[-68.38618,10.05616],[-68.38626,10.05622],[-68.3864,10.05626],[-68.38653,10.05626],[-68.38664,10.05623],[-68.38673,10.05617],[-68.38679,10.05611],[-68.38687,10.056],[-68.38712,10.05576],[-68.3872,10.0557],[-68.38727,10.05569],[-68.38738,10.05571],[-68.38744,10.05579],[-68.3875,10.05588],[-68.38755,10.056],[-68.38757,10.05611],[-68.38755,10.05622],[-68.38751,10.05629],[-68.38741,10.05638],[-68.38733,10.05648],[-68.38731,10.05654],[-68.38731,10.0566],[-68.38734,10.05667],[-68.38741,10.05672],[-68.38752,10.05674],[-68.38775,10.05674],[-68.38792,10.05676],[-68.38808,10.05679],[-68.38817,10.05683],[-68.38826,10.0569],[-68.38834,10.05698],[-68.38848,10.05722],[-68.38855,10.05735],[-68.38859,10.05741],[-68.38866,10.05745],[-68.38873,10.05744],[-68.38877,10.05742],[-68.38882,10.05735],[-68.38885,10.05723],[-68.38885,10.05702],[-68.38886,10.05693],[-68.38888,10.05684],[-68.38895,10.05674],[-68.38904,10.05661],[-68.38908,10.05656],[-68.38913,10.05655],[-68.38918,10.05656],[-68.38922,10.05659],[-68.3893,10.05667],[-68.38934,10.05673],[-68.38938,10.05682],[-68.3894,10.05689],[-68.38942,10.057],[-68.38948,10.05714],[-68.38953,10.05721],[-68.38959,10.05724],[-68.3897,10.05728],[-68.38983,10.05731],[-68.3899,10.05737],[-68.38995,10.05743],[-68.38998,10.05752],[-68.38998,10.05759],[-68.38996,10.05768],[-68.38996,10.05776],[-68.38998,10.05783],[-68.39004,10.05788],[-68.39013,10.0579],[-68.39025,10.0579],[-68.39035,10.05789],[-68.39047,10.05787],[-68.39063,10.0579],[-68.39071,10.05792],[-68.39077,10.05795],[-68.39084,10.05803],[-68.39089,10.0581],[-68.39092,10.0582],[-68.39094,10.0583],[-68.39098,10.05848],[-68.39105,10.05881],[-68.39115,10.05927],[-68.39123,10.0596],[-68.3913,10.05979],[-68.39138,10.06006],[-68.39144,10.06024],[-68.39149,10.06037],[-68.39152,10.06044],[-68.39155,10.06054],[-68.39156,10.06064],[-68.39153,10.06073],[-68.39145,10.0608],[-68.39131,10.06082],[-68.39122,10.06084],[-68.39115,10.06087],[-68.39111,10.06093],[-68.39111,10.06099],[-68.39114,10.06105],[-68.39118,10.06109],[-68.39128,10.0611],[-68.3914,10.06111],[-68.39147,10.06114],[-68.39151,10.06122],[-68.39153,10.06129],[-68.39153,10.0614],[-68.39155,10.06151],[-68.39161,10.06165],[-68.39165,10.06173],[-68.39171,10.06177],[-68.39178,10.06178],[-68.39191,10.06176],[-68.39203,10.06172],[-68.39219,10.06164],[-68.39235,10.0616],[-68.39251,10.0616],[-68.39265,10.06162],[-68.39277,10.06165],[-68.39285,10.06165],[-68.39293,10.06161],[-68.39301,10.06154],[-68.39308,10.06143],[-68.39322,10.06117],[-68.39328,10.06103],[-68.39334,10.06093],[-68.39346,10.06086],[-68.39361,10.06083],[-68.39373,10.06082],[-68.39388,10.06085],[-68.39398,10.06087],[-68.39407,10.06093],[-68.39414,10.06102],[-68.39419,10.06109],[-68.39428,10.06115],[-68.39442,10.06122],[-68.3946,10.06131],[-68.39478,10.06142],[-68.39485,10.06147],[-68.39495,10.06154],[-68.39502,10.06155],[-68.39511,10.06154],[-68.3952,10.06152],[-68.39531,10.06151],[-68.3954,10.0615],[-68.39552,10.06148],[-68.39564,10.06141],[-68.39575,10.06133],[-68.39584,10.06125],[-68.3959,10.06115],[-68.39592,10.06108],[-68.3959,10.06101],[-68.39585,10.06091],[-68.3958,10.06083],[-68.39575,10.06071],[-68.39575,10.06057],[-68.39575,10.0605],[-68.39579,10.06043],[-68.39588,10.06042],[-68.39594,10.06042],[-68.39603,10.06046],[-68.3961,10.06052],[-68.39617,10.06057],[-68.39635,10.06065],[-68.39657,10.06072],[-68.39662,10.06075],[-68.3967,10.06077],[-68.39675,10.06076],[-68.39678,10.06074],[-68.39685,10.06066],[-68.39695,10.06048],[-68.39709,10.06029],[-68.39717,10.06023],[-68.39725,10.06019],[-68.39732,10.06018],[-68.39741,10.06019],[-68.39751,10.06021],[-68.39758,10.06028],[-68.39781,10.06046],[-68.39789,10.06053],[-68.39804,10.06058],[-68.39813,10.06063],[-68.39818,10.06067],[-68.39822,10.06073],[-68.39826,10.0608],[-68.3983,10.06088],[-68.39835,10.06094],[-68.39845,10.06098],[-68.39857,10.061],[-68.39868,10.06101],[-68.39872,10.06101],[-68.39879,10.06099],[-68.39885,10.06095],[-68.39893,10.06087],[-68.39901,10.06082],[-68.3991,10.06081],[-68.39919,10.06083],[-68.39925,10.06082],[-68.3993,10.0608],[-68.39932,10.06075],[-68.39931,10.06064],[-68.39929,10.06055],[-68.39929,10.06046],[-68.39932,10.06035],[-68.39943,10.06015],[-68.39957,10.05995],[-68.39964,10.05992],[-68.39971,10.05991],[-68.39977,10.05997],[-68.3998,10.06003],[-68.39982,10.0601],[-68.39984,10.0602],[-68.39991,10.06048],[-68.39994,10.06059],[-68.39996,10.06068],[-68.39999,10.0608],[-68.40004,10.061],[-68.40004,10.06108],[-68.40004,10.06119],[-68.40006,10.06125],[-68.4001,10.06132],[-68.40015,10.06135],[-68.40023,10.06137],[-68.4004,10.06137],[-68.40052,10.06138],[-68.40059,10.06141],[-68.40065,10.06147],[-68.40068,10.06156],[-68.40067,10.06168],[-68.40064,10.06173],[-68.40058,10.06181],[-68.40053,10.06188],[-68.4005,10.06198],[-68.4005,10.06212],[-68.40053,10.06225],[-68.40057,10.0624],[-68.40064,10.0626],[-68.40068,10.06271],[-68.40071,10.06282],[-68.40069,10.06291],[-68.40065,10.06313],[-68.40059,10.06354],[-68.40052,10.06382],[-68.4005,10.06401],[-68.40052,10.06416],[-68.40056,10.0643],[-68.40059,10.06438],[-68.40064,10.06443],[-68.40069,10.06447],[-68.40077,10.0645],[-68.40091,10.06451],[-68.40112,10.06449],[-68.40127,10.06449],[-68.40139,10.0645],[-68.40153,10.06454],[-68.40161,10.06459],[-68.40168,10.06469],[-68.40176,10.06479],[-68.40184,10.06486],[-68.40195,10.06491],[-68.40206,10.06493],[-68.40219,10.06492],[-68.40229,10.06488],[-68.40238,10.06483],[-68.40252,10.06473],[-68.4027,10.0646],[-68.40281,10.06452],[-68.40303,10.0644],[-68.40317,10.06436],[-68.40328,10.06436],[-68.40338,10.06439],[-68.40343,10.06445],[-68.40346,10.0645],[-68.40347,10.06461],[-68.40344,10.06479],[-68.40339,10.06489],[-68.40333,10.06499],[-68.40328,10.06507],[-68.40325,10.06517],[-68.40326,10.06528],[-68.40328,10.06539],[-68.40334,10.06555],[-68.40341,10.06574],[-68.40345,10.06589],[-68.40346,10.066],[-68.40342,10.06608],[-68.40337,10.06619],[-68.40333,10.0663],[-68.40331,10.06638],[-68.40334,10.06659],[-68.40333,10.06671],[-68.4033,10.06681],[-68.40326,10.06693],[-68.40318,10.06702],[-68.40308,10.0671],[-68.40295,10.06718],[-68.4028,10.06723],[-68.40259,10.06727],[-68.40246,10.06727],[-68.40232,10.06722],[-68.40219,10.06714],[-68.40213,10.06707],[-68.40209,10.06701],[-68.40205,10.06694],[-68.40199,10.0669],[-68.40191,10.0669],[-68.40184,10.06692],[-68.40179,10.06695],[-68.40175,10.06702],[-68.40175,10.06709],[-68.40177,10.06719],[-68.40182,10.06733],[-68.4019,10.0675],[-68.40198,10.06765],[-68.40209,10.06779],[-68.40216,10.06786],[-68.4022,10.06792],[-68.40219,10.06801],[-68.40214,10.06809],[-68.40206,10.0682],[-68.40203,10.06827],[-68.40201,10.06835],[-68.40202,10.06844],[-68.40203,10.06852],[-68.40212,10.06867],[-68.40243,10.06935],[-68.40248,10.06944],[-68.40255,10.06952],[-68.40268,10.06962],[-68.40283,10.06971],[-68.40299,10.06979],[-68.40312,10.06983],[-68.40323,10.06983],[-68.40329,10.06981],[-68.40336,10.06975],[-68.40345,10.06967],[-68.40356,10.06961],[-68.4037,10.06959],[-68.40394,10.06961],[-68.40402,10.06962],[-68.40409,10.06967],[-68.40414,10.06976],[-68.40415,10.06984],[-68.40413,10.06993],[-68.40409,10.07],[-68.40407,10.07007],[-68.40407,10.07015],[-68.40408,10.07023],[-68.40413,10.07034],[-68.40422,10.07046],[-68.40431,10.07056],[-68.40436,10.07064],[-68.40441,10.07074],[-68.40444,10.07084],[-68.40443,10.07091],[-68.4044,10.07095],[-68.40434,10.07098],[-68.40426,10.07099],[-68.40415,10.07099],[-68.40398,10.07099],[-68.40382,10.07099],[-68.40367,10.071],[-68.40354,10.07104],[-68.40345,10.07112],[-68.40341,10.07122],[-68.40341,10.07131],[-68.40343,10.07142],[-68.40351,10.07158],[-68.40358,10.07171],[-68.40365,10.0718],[-68.40373,10.07187],[-68.40386,10.07193],[-68.40397,10.07197],[-68.40403,10.07201],[-68.40405,10.07208],[-68.40403,10.07213],[-68.40397,10.07219],[-68.40383,10.07225],[-68.40369,10.07231],[-68.40354,10.07233],[-68.40343,10.07233],[-68.40332,10.07228],[-68.40324,10.07219],[-68.40318,10.0721],[-68.40313,10.07206],[-68.40305,10.07205],[-68.40299,10.07209],[-68.40295,10.07214],[-68.40293,10.07225],[-68.40293,10.07237],[-68.40295,10.07253],[-68.40298,10.07268],[-68.40309,10.07298],[-68.40311,10.0731],[-68.40311,10.0732],[-68.40308,10.07325],[-68.40302,10.07329],[-68.4029,10.07332],[-68.40277,10.0733],[-68.40265,10.07323],[-68.40253,10.07314],[-68.40245,10.07308],[-68.40238,10.07307],[-68.4023,10.07308],[-68.40223,10.07313],[-68.4022,10.07321],[-68.40219,10.07331],[-68.40221,10.07348],[-68.4022,10.0737],[-68.40219,10.07391],[-68.4022,10.07406],[-68.40223,10.07421],[-68.40228,10.07429],[-68.40235,10.07436],[-68.40249,10.07445],[-68.40262,10.0745],[-68.40271,10.07456],[-68.40277,10.07461],[-68.40279,10.07469],[-68.40278,10.07477],[-68.40272,10.07487],[-68.40262,10.07501],[-68.40253,10.0751],[-68.40238,10.0752],[-68.40225,10.07527],[-68.40216,10.07533],[-68.40208,10.0754],[-68.40197,10.07551],[-68.40188,10.07561],[-68.40186,10.07566],[-68.40187,10.07574],[-68.4019,10.07579],[-68.40197,10.07584],[-68.40207,10.07585],[-68.40224,10.07585],[-68.40241,10.07583],[-68.40273,10.07576],[-68.40301,10.07574],[-68.40311,10.07574],[-68.40319,10.07575],[-68.40327,10.07579],[-68.40338,10.07588],[-68.40349,10.076],[-68.40354,10.07611],[-68.40361,10.07619],[-68.40372,10.07627],[-68.40387,10.07636],[-68.40396,10.07648],[-68.404,10.07657],[-68.40405,10.0767],[-68.40408,10.07681],[-68.40409,10.07697],[-68.40411,10.07707],[-68.40413,10.07715],[-68.40418,10.07722],[-68.40426,10.07728],[-68.40439,10.07734],[-68.40446,10.0774],[-68.40456,10.07747],[-68.40465,10.07755],[-68.4047,10.07759],[-68.40477,10.0776],[-68.40488,10.07759],[-68.40499,10.07755],[-68.40512,10.07748],[-68.40532,10.07733],[-68.40541,10.07728],[-68.40549,10.07727],[-68.40556,10.0773],[-68.40561,10.07735],[-68.40566,10.07743],[-68.40568,10.07753],[-68.4057,10.07764],[-68.40574,10.07774],[-68.4058,10.07782],[-68.40593,10.07792],[-68.40603,10.07798],[-68.40614,10.07804],[-68.40622,10.0781],[-68.4064,10.07822],[-68.40653,10.07832],[-68.40659,10.07841],[-68.40663,10.07849],[-68.40662,10.07858],[-68.4066,10.07862],[-68.40655,10.07868],[-68.40651,10.07872],[-68.40646,10.07879],[-68.40641,10.0789],[-68.40638,10.07901],[-68.40637,10.0791],[-68.40638,10.07919],[-68.4064,10.07927],[-68.4065,10.07948],[-68.40656,10.07962],[-68.4066,10.07973],[-68.40661,10.0798],[-68.40661,10.07992],[-68.40657,10.08002],[-68.4065,10.08011],[-68.40634,10.08024],[-68.40626,10.08034],[-68.40622,10.08044],[-68.40623,10.08052],[-68.40627,10.08058],[-68.40634,10.08065],[-68.4065,10.08075],[-68.40661,10.08079],[-68.40674,10.08082],[-68.40685,10.08081],[-68.40701,10.08082],[-68.40712,10.08086],[-68.40721,10.08095],[-68.40725,10.08102],[-68.40732,10.08115],[-68.40737,10.08132],[-68.40742,10.08148],[-68.40746,10.08166],[-68.40746,10.08176],[-68.40743,10.08182],[-68.40739,10.08187],[-68.40729,10.08194],[-68.40715,10.08203],[-68.40705,10.08207],[-68.40695,10.08208],[-68.40684,10.08212],[-68.40679,10.08216],[-68.40678,10.08222],[-68.40678,10.08231],[-68.40682,10.08242],[-68.4069,10.08252],[-68.40699,10.0826],[-68.4071,10.08268],[-68.40722,10.08274],[-68.40744,10.08288],[-68.40761,10.08303],[-68.4078,10.08324],[-68.40791,10.08339],[-68.40798,10.0835],[-68.40801,10.08359],[-68.40803,10.08369],[-68.40803,10.08378],[-68.40799,10.08393],[-68.40791,10.08406],[-68.40784,10.08412],[-68.40773,10.08416],[-68.4076,10.08419],[-68.40751,10.08425],[-68.40746,10.0843],[-68.40746,10.08435],[-68.40747,10.08444],[-68.40755,10.08462],[-68.40758,10.08475],[-68.40759,10.08483],[-68.40757,10.08491],[-68.40754,10.08503],[-68.40753,10.08514],[-68.40754,10.08522],[-68.40757,10.08528],[-68.40764,10.08537],[-68.40773,10.08548],[-68.40779,10.08556],[-68.4078,10.08563],[-68.40779,10.08569],[-68.40773,10.08575],[-68.40767,10.08578],[-68.4076,10.08577],[-68.40754,10.08574],[-68.40748,10.08569],[-68.40728,10.08555],[-68.40713,10.08545],[-68.40701,10.08539],[-68.40692,10.08538],[-68.40683,10.08541],[-68.40679,10.08546],[-68.40675,10.08555],[-68.40676,10.08566],[-68.40677,10.0858],[-68.40679,10.08589],[-68.4068,10.08597],[-68.4068,10.08603],[-68.40678,10.08609],[-68.40666,10.08624],[-68.40655,10.08633],[-68.4065,10.0864],[-68.40645,10.08646],[-68.4064,10.08654],[-68.40639,10.08663],[-68.40639,10.08674],[-68.40639,10.08683],[-68.40636,10.08689],[-68.40633,10.08695],[-68.40625,10.08701],[-68.40616,10.08706],[-68.40603,10.08709],[-68.40594,10.0871],[-68.40584,10.08707],[-68.40575,10.08703],[-68.40565,10.087],[-68.40556,10.08698],[-68.40547,10.087],[-68.40542,10.08702],[-68.40533,10.08707],[-68.4053,10.08713],[-68.40528,10.08719],[-68.40525,10.08729],[-68.40525,10.0874],[-68.40527,10.08751],[-68.40534,10.08764],[-68.40543,10.08773],[-68.40548,10.08781],[-68.40551,10.08793],[-68.40552,10.08803],[-68.40555,10.08816],[-68.40566,10.08837],[-68.4057,10.08843],[-68.40572,10.08852],[-68.4057,10.08859],[-68.40566,10.08867],[-68.40558,10.08872],[-68.40549,10.08876],[-68.4054,10.08879],[-68.40531,10.08881],[-68.40523,10.08884],[-68.40514,10.08892],[-68.40511,10.08905],[-68.40512,10.08918],[-68.40514,10.08929],[-68.40514,10.08937],[-68.4051,10.08944],[-68.405,10.08954],[-68.40491,10.0896],[-68.40478,10.08965],[-68.40463,10.08969],[-68.40448,10.08968],[-68.40437,10.08965],[-68.40425,10.08959],[-68.40411,10.08957],[-68.40402,10.08959],[-68.40393,10.08964],[-68.40387,10.0897],[-68.40383,10.08982],[-68.40381,10.08998],[-68.40377,10.09019],[-68.40368,10.09033],[-68.40353,10.09053],[-68.40336,10.09066],[-68.40308,10.09087],[-68.40284,10.09103],[-68.40249,10.09119],[-68.40138,10.09159],[-68.40112,10.0917],[-68.401,10.09175],[-68.40092,10.09181],[-68.40087,10.09189],[-68.40086,10.09197],[-68.40088,10.09204],[-68.40093,10.09209],[-68.401,10.09212],[-68.40112,10.09212],[-68.40122,10.09213],[-68.40132,10.09216],[-68.4014,10.09224],[-68.40143,10.09233],[-68.40141,10.09242],[-68.40136,10.09249],[-68.40129,10.09253],[-68.4012,10.09255],[-68.40115,10.09259],[-68.4011,10.09263],[-68.40102,10.09272],[-68.401,10.09282],[-68.40098,10.09292],[-68.401,10.09301],[-68.40102,10.09308],[-68.40103,10.09315],[-68.40106,10.09329],[-68.40109,10.0934],[-68.40116,10.09351],[-68.40122,10.09358],[-68.40133,10.0937],[-68.40144,10.0938],[-68.40155,10.09387],[-68.40166,10.09393],[-68.40184,10.09401],[-68.40197,10.0941],[-68.40207,10.09419],[-68.40212,10.09428],[-68.40217,10.09443],[-68.40219,10.09448],[-68.40225,10.09463],[-68.40233,10.09474],[-68.40237,10.0948],[-68.40237,10.09487],[-68.40233,10.09494],[-68.40228,10.09499],[-68.40216,10.09504],[-68.40194,10.09512],[-68.4018,10.09521],[-68.40173,10.09526],[-68.40168,10.09535],[-68.40165,10.09544],[-68.40162,10.09563],[-68.40161,10.09578],[-68.40164,10.09587],[-68.40171,10.09597],[-68.40174,10.09611],[-68.40173,10.0962],[-68.40168,10.09628],[-68.40159,10.09637],[-68.40139,10.09652],[-68.40126,10.09663],[-68.40115,10.09672],[-68.40103,10.09681],[-68.40094,10.09687],[-68.40087,10.09697],[-68.40085,10.09705],[-68.40084,10.09715],[-68.40085,10.09732],[-68.40088,10.09744],[-68.40089,10.0975],[-68.40089,10.09757],[-68.40084,10.09772],[-68.40076,10.09786],[-68.4007,10.09797],[-68.40067,10.0981],[-68.40068,10.0982],[-68.40071,10.09831],[-68.40078,10.09847],[-68.40084,10.09856],[-68.40095,10.09865],[-68.40108,10.09874],[-68.40119,10.09887],[-68.40125,10.09897],[-68.40126,10.09907],[-68.40125,10.09913],[-68.4012,10.09919],[-68.40113,10.09922],[-68.40095,10.09926],[-68.40085,10.09929],[-68.40077,10.09933],[-68.40073,10.09942],[-68.40073,10.09954],[-68.40075,10.09964],[-68.4008,10.09982],[-68.401,10.10024],[-68.40107,10.10034],[-68.40113,10.10043],[-68.40124,10.10052],[-68.40139,10.10062],[-68.40153,10.1007],[-68.4018,10.10085],[-68.40192,10.10089],[-68.40198,10.10093],[-68.40201,10.10097],[-68.40201,10.10102],[-68.40198,10.10108],[-68.40191,10.10113],[-68.40183,10.10119],[-68.40169,10.10125],[-68.40153,10.10127],[-68.40142,10.10128],[-68.40126,10.10127],[-68.40081,10.10122],[-68.40051,10.10122],[-68.40038,10.10123],[-68.4002,10.10128],[-68.39993,10.1014],[-68.39974,10.10145],[-68.39944,10.10147],[-68.39925,10.10146],[-68.39916,10.10147],[-68.39908,10.1015],[-68.39905,10.10152],[-68.39902,10.10159],[-68.39903,10.10168],[-68.3991,10.1018],[-68.39922,10.10193],[-68.39934,10.10204],[-68.39945,10.10216],[-68.39956,10.10228],[-68.39965,10.10242],[-68.39973,10.10262],[-68.39978,10.10273],[-68.39978,10.10286],[-68.39976,10.103],[-68.3997,10.1032],[-68.39956,10.10351],[-68.39951,10.10368],[-68.39952,10.10386],[-68.39972,10.10462],[-68.39981,10.1051],[-68.39987,10.10544],[-68.39988,10.10562],[-68.39987,10.10574],[-68.39983,10.10588],[-68.39977,10.10599],[-68.39975,10.10606],[-68.39974,10.10614],[-68.39976,10.10622],[-68.39982,10.10638],[-68.3999,10.10652],[-68.39992,10.10662],[-68.39991,10.1067],[-68.39988,10.1068],[-68.39982,10.1069],[-68.39975,10.10695],[-68.39963,10.10699],[-68.39955,10.10702],[-68.39949,10.10705],[-68.39946,10.10709],[-68.39945,10.10717],[-68.39946,10.10724],[-68.39949,10.10733],[-68.39956,10.10751],[-68.39962,10.10766],[-68.3997,10.1078],[-68.39973,10.10792],[-68.39975,10.10805],[-68.39974,10.10828],[-68.39973,10.10845],[-68.39971,10.10856],[-68.39966,10.10863],[-68.39962,10.10868],[-68.39955,10.10871],[-68.39946,10.10874],[-68.39933,10.10878],[-68.39928,10.10882],[-68.39924,10.10889],[-68.39922,10.10895],[-68.39923,10.10901],[-68.39926,10.10907],[-68.39934,10.10916],[-68.39942,10.10924],[-68.39948,10.10932],[-68.3995,10.1094],[-68.39949,10.1095],[-68.39947,10.10961],[-68.39944,10.1097],[-68.39936,10.10988],[-68.39933,10.10999],[-68.39929,10.11006],[-68.39923,10.11011],[-68.39916,10.11013],[-68.39911,10.11012],[-68.39908,10.11009],[-68.39901,10.11],[-68.39894,10.10987],[-68.39886,10.10979],[-68.3988,10.10975],[-68.39873,10.10976],[-68.39868,10.1098],[-68.39865,10.10986],[-68.39864,10.10994],[-68.39864,10.11004],[-68.39864,10.1101],[-68.39861,10.11018],[-68.39856,10.11024],[-68.39848,10.11031],[-68.39838,10.11036],[-68.39834,10.11041],[-68.39831,10.11048],[-68.39829,10.11059],[-68.39827,10.11079],[-68.39827,10.11088],[-68.39828,10.11095],[-68.39831,10.11103],[-68.39836,10.11108],[-68.39845,10.11113],[-68.39853,10.11114],[-68.39866,10.11113],[-68.39876,10.11112],[-68.39889,10.11113],[-68.39899,10.11115],[-68.39906,10.11121],[-68.39909,10.1113],[-68.3991,10.11143],[-68.39907,10.11156],[-68.39903,10.11162],[-68.39899,10.11166],[-68.39891,10.11173],[-68.39884,10.11181],[-68.39878,10.11192],[-68.39876,10.11202],[-68.39875,10.11213],[-68.39874,10.11234],[-68.39871,10.11278],[-68.3987,10.11289],[-68.39864,10.11299],[-68.39854,10.11306],[-68.39827,10.1132],[-68.39797,10.1133],[-68.39782,10.11337],[-68.39772,10.11348],[-68.39769,10.11358],[-68.3977,10.11366],[-68.39773,10.11375],[-68.3978,10.11384],[-68.39795,10.11395],[-68.39812,10.11406],[-68.39832,10.11421],[-68.39844,10.11432],[-68.39855,10.11448],[-68.39873,10.1147],[-68.39884,10.11484],[-68.3989,10.11492],[-68.39898,10.11504],[-68.39902,10.11513],[-68.39904,10.11521],[-68.39904,10.11532],[-68.39901,10.11543],[-68.39897,10.11551],[-68.39891,10.1156],[-68.39884,10.11571],[-68.39881,10.11581],[-68.3988,10.11591],[-68.39882,10.11598],[-68.39886,10.11606],[-68.39894,10.11618],[-68.399,10.11627],[-68.39904,10.11634],[-68.39905,10.11641],[-68.39904,10.1165],[-68.39901,10.11672],[-68.399,10.11691],[-68.39902,10.11708],[-68.39906,10.1173],[-68.39913,10.11761],[-68.39915,10.11775],[-68.39914,10.11784],[-68.39913,10.1179],[-68.39902,10.11822],[-68.39886,10.11872],[-68.39874,10.11903],[-68.39864,10.11918],[-68.39859,10.11928],[-68.39856,10.11937],[-68.39856,10.11948],[-68.39859,10.1196],[-68.39864,10.11973],[-68.3987,10.11988],[-68.39874,10.12006],[-68.39874,10.12016],[-68.39871,10.12031],[-68.39864,10.12045],[-68.39856,10.12052],[-68.39849,10.12052],[-68.39843,10.12049],[-68.39839,10.12044],[-68.39835,10.12035],[-68.3983,10.12026],[-68.39825,10.1202],[-68.3982,10.12015],[-68.39813,10.12013],[-68.39805,10.12014],[-68.39798,10.12019],[-68.39793,10.12025],[-68.39789,10.12033],[-68.39788,10.12044],[-68.39788,10.12056],[-68.39788,10.12065],[-68.39786,10.12071],[-68.39783,10.12083],[-68.39779,10.12104],[-68.39775,10.12118],[-68.39772,10.12124],[-68.39768,10.12128],[-68.39762,10.12132],[-68.39757,10.12134],[-68.39752,10.12135],[-68.39742,10.12135],[-68.39736,10.12136],[-68.39731,10.12137],[-68.39728,10.12139],[-68.39727,10.12144],[-68.39728,10.12147],[-68.3973,10.12151],[-68.3973,10.12155],[-68.3973,10.12159],[-68.3973,10.12163],[-68.39731,10.12168],[-68.39732,10.12172],[-68.39733,10.12176],[-68.39734,10.1218],[-68.39736,10.12195],[-68.39737,10.122],[-68.39741,10.12204],[-68.39746,10.12209],[-68.39751,10.12212],[-68.39754,10.12217],[-68.39756,10.12221],[-68.39758,10.12224],[-68.39761,10.12228],[-68.39766,10.12233],[-68.39769,10.12236],[-68.39772,10.1224],[-68.39775,10.12245],[-68.39776,10.12249],[-68.39775,10.12252],[-68.3977,10.1226],[-68.39764,10.12266],[-68.39759,10.12273],[-68.39758,10.12278],[-68.39755,10.12287],[-68.39755,10.12294],[-68.39756,10.12299],[-68.39758,10.12302],[-68.39761,10.12304],[-68.39764,10.12305],[-68.39768,10.12304],[-68.3977,10.12301],[-68.39774,10.12296],[-68.39778,10.12291],[-68.39782,10.12288],[-68.39786,10.12286],[-68.39791,10.12286],[-68.39795,10.12289],[-68.39797,10.1229],[-68.39804,10.12298],[-68.39806,10.12302],[-68.39807,10.12306],[-68.39807,10.12309],[-68.39805,10.12312],[-68.39805,10.12315],[-68.39806,10.12319],[-68.39808,10.12322],[-68.39811,10.12326],[-68.39814,10.12328],[-68.39817,10.12329],[-68.39822,10.1233],[-68.39829,10.12331],[-68.39835,10.12331],[-68.3984,10.12332],[-68.39844,10.12334],[-68.39847,10.12336],[-68.39848,10.1234],[-68.39851,10.12346],[-68.39853,10.1235],[-68.39857,10.12352],[-68.3986,10.12354],[-68.39868,10.12355],[-68.39876,10.12357],[-68.39883,10.12359],[-68.39888,10.12367],[-68.39892,10.12373],[-68.39896,10.12379],[-68.39904,10.12386],[-68.39912,10.12392],[-68.39919,10.12399],[-68.39923,10.12407],[-68.39931,10.1242],[-68.3994,10.1243],[-68.39949,10.12438],[-68.39965,10.12452],[-68.39974,10.12467],[-68.39978,10.12475],[-68.39987,10.125],[-68.39998,10.12533],[-68.40019,10.12574],[-68.40027,10.12586],[-68.40031,10.12593],[-68.40032,10.12596],[-68.40034,10.12604],[-68.40045,10.12645],[-68.40049,10.1266],[-68.40051,10.12674],[-68.40054,10.12697],[-68.40066,10.12702],[-68.40074,10.12704],[-68.40081,10.12709],[-68.40086,10.12714],[-68.40089,10.12719],[-68.40096,10.12728],[-68.40099,10.12732],[-68.40104,10.12735],[-68.40107,10.12735],[-68.40114,10.12735],[-68.40117,10.12738],[-68.40119,10.12741],[-68.4012,10.12744],[-68.40123,10.12757],[-68.40127,10.12773],[-68.40129,10.1278],[-68.40133,10.12786],[-68.40142,10.12793],[-68.40157,10.12801],[-68.40171,10.12809],[-68.40179,10.12814],[-68.40185,10.1282],[-68.40187,10.12825],[-68.40187,10.12831],[-68.40186,10.12837],[-68.40183,10.12843],[-68.40182,10.12848],[-68.40184,10.12856],[-68.40189,10.12864],[-68.40201,10.1288],[-68.40215,10.12898],[-68.4022,10.12906],[-68.40224,10.1291],[-68.40231,10.12913],[-68.40242,10.12915],[-68.40253,10.12917],[-68.4026,10.12919],[-68.40266,10.12924],[-68.40269,10.12929],[-68.40272,10.12939],[-68.40277,10.12954],[-68.40281,10.1296],[-68.40287,10.12965],[-68.40293,10.12967],[-68.403,10.12968],[-68.40307,10.1297],[-68.40316,10.12974],[-68.40333,10.12985],[-68.40338,10.12988],[-68.40346,10.12993],[-68.40355,10.12997],[-68.40361,10.12996],[-68.40368,10.12995],[-68.40379,10.12991],[-68.40388,10.12987],[-68.40395,10.12987],[-68.404,10.12987],[-68.40405,10.1299],[-68.40412,10.12998],[-68.40421,10.13013],[-68.40434,10.13033],[-68.40442,10.13046],[-68.40449,10.13062],[-68.40456,10.13078],[-68.40464,10.13093],[-68.40474,10.13102],[-68.40482,10.13108],[-68.4049,10.13111],[-68.40501,10.13119],[-68.40514,10.13128],[-68.40529,10.13142],[-68.40562,10.13178],[-68.40575,10.13192],[-68.40585,10.13203],[-68.40595,10.13211],[-68.40606,10.13215],[-68.40643,10.1322],[-68.40656,10.13223],[-68.40666,10.13225],[-68.40677,10.13233],[-68.40682,10.13242],[-68.40687,10.13262],[-68.40696,10.13296],[-68.40702,10.13312],[-68.40713,10.13333],[-68.4072,10.13342],[-68.40727,10.13351],[-68.40734,10.13361],[-68.40743,10.13369],[-68.40753,10.13377],[-68.40762,10.13384],[-68.40772,10.13391],[-68.4078,10.13399],[-68.40786,10.1341],[-68.40789,10.13421],[-68.40789,10.13432],[-68.40782,10.13453],[-68.4078,10.13463],[-68.4078,10.13475],[-68.40785,10.13485],[-68.40792,10.13493],[-68.40799,10.13502],[-68.40811,10.13521],[-68.40821,10.13529],[-68.40832,10.13538],[-68.40842,10.13543],[-68.40854,10.13547],[-68.4089,10.13566],[-68.40909,10.1358],[-68.40921,10.13585],[-68.40933,10.13589],[-68.40944,10.13595],[-68.40963,10.13606],[-68.40969,10.13616],[-68.4097,10.13627],[-68.4097,10.13637],[-68.40971,10.13648],[-68.40976,10.13658],[-68.40984,10.13667],[-68.40999,10.13673],[-68.41009,10.13679],[-68.41017,10.13687],[-68.41023,10.13696],[-68.41028,10.13707],[-68.4103,10.13719],[-68.41033,10.1373],[-68.41052,10.13765],[-68.41058,10.13774],[-68.41064,10.13783],[-68.41072,10.13792],[-68.41081,10.13799],[-68.41092,10.13805],[-68.41101,10.13811],[-68.41117,10.13824],[-68.41128,10.13835],[-68.4114,10.13842],[-68.41159,10.1385],[-68.41182,10.13857],[-68.41197,10.13864],[-68.41213,10.13873],[-68.41226,10.13882],[-68.41241,10.13891],[-68.41252,10.13895],[-68.41267,10.13898],[-68.41289,10.13899],[-68.41316,10.13902],[-68.41339,10.13906],[-68.4135,10.13912],[-68.41357,10.13918],[-68.41362,10.1393],[-68.41361,10.13938],[-68.41357,10.13948],[-68.41351,10.13958],[-68.41344,10.13974],[-68.41338,10.13993],[-68.41331,10.14028],[-68.41319,10.14073],[-68.41316,10.14092],[-68.41311,10.14103],[-68.41305,10.14116],[-68.41292,10.14136],[-68.41287,10.14146],[-68.41282,10.14154],[-68.41273,10.14179],[-68.41269,10.14191],[-68.41269,10.142],[-68.4127,10.1421],[-68.41274,10.14215],[-68.41279,10.1422],[-68.41285,10.14224],[-68.41291,10.14227],[-68.41298,10.14233],[-68.41301,10.14239],[-68.41305,10.14253],[-68.41327,10.14345],[-68.41337,10.14394],[-68.41354,10.1445],[-68.41362,10.14487],[-68.41364,10.14512],[-68.41363,10.14531],[-68.41356,10.14562],[-68.41347,10.14597],[-68.41342,10.14624],[-68.41339,10.14648],[-68.41336,10.14671],[-68.41338,10.14693],[-68.41338,10.14711],[-68.41343,10.14729],[-68.4135,10.14751],[-68.41377,10.14808],[-68.41399,10.14845],[-68.41416,10.1488],[-68.41442,10.14946],[-68.4145,10.14969],[-68.41456,10.14999],[-68.4146,10.15021],[-68.41461,10.15043],[-68.41461,10.1506],[-68.41457,10.15082],[-68.41441,10.15153],[-68.41436,10.15186],[-68.41435,10.15212],[-68.41436,10.15235],[-68.41439,10.15247],[-68.41443,10.15261],[-68.41452,10.15275],[-68.41468,10.15307],[-68.41474,10.15319],[-68.41479,10.15325],[-68.41485,10.15328],[-68.41492,10.1533],[-68.41501,10.1533],[-68.41512,10.15325],[-68.41526,10.15316],[-68.41536,10.1531],[-68.41549,10.15306],[-68.41561,10.15303],[-68.41572,10.15303],[-68.41578,10.15303],[-68.41593,10.15299],[-68.41603,10.15292],[-68.41612,10.15286],[-68.4162,10.15283],[-68.41629,10.15283],[-68.4164,10.15287],[-68.41651,10.15293],[-68.41701,10.15326],[-68.41743,10.15353],[-68.41775,10.15382],[-68.41795,10.15402],[-68.41807,10.15417],[-68.41829,10.15451],[-68.41881,10.15526],[-68.41896,10.15546],[-68.41904,10.15557],[-68.41926,10.15604],[-68.41942,10.15642],[-68.4199,10.15742],[-68.42021,10.15811],[-68.42034,10.15838],[-68.42042,10.15854],[-68.42048,10.15864],[-68.42054,10.15871],[-68.4206,10.15876],[-68.42071,10.15885],[-68.42158,10.1594],[-68.42175,10.15951],[-68.4218,10.15953],[-68.42203,10.15962],[-68.42227,10.15976],[-68.42244,10.15988],[-68.42257,10.15999],[-68.42281,10.16025],[-68.42298,10.16042],[-68.4231,10.16053],[-68.42343,10.16073],[-68.42351,10.16079],[-68.4236,10.16086],[-68.42369,10.16096],[-68.42374,10.16102],[-68.42381,10.16107],[-68.42399,10.16114],[-68.42411,10.16119],[-68.4242,10.16125],[-68.42438,10.16141],[-68.42482,10.1618],[-68.42499,10.16193],[-68.42515,10.16203],[-68.42521,10.16209],[-68.42523,10.16215],[-68.42526,10.16229],[-68.4253,10.16277],[-68.4253,10.16286],[-68.42527,10.16328],[-68.42526,10.16344],[-68.42526,10.16372],[-68.42529,10.16439],[-68.42534,10.1647],[-68.42537,10.16486],[-68.42539,10.16493],[-68.42541,10.165],[-68.42542,10.16508],[-68.4254,10.16516],[-68.42538,10.16522],[-68.42534,10.16528],[-68.42531,10.16534],[-68.4253,10.1654],[-68.42531,10.16545],[-68.42533,10.16552],[-68.42537,10.16561],[-68.42542,10.1657],[-68.42547,10.16586],[-68.4256,10.16634],[-68.42566,10.16665],[-68.42575,10.16707],[-68.42581,10.16734],[-68.4259,10.16761],[-68.42594,10.16774],[-68.42598,10.16782],[-68.42603,10.1679],[-68.42609,10.16805],[-68.42612,10.16815],[-68.42619,10.16829],[-68.42627,10.16847],[-68.42637,10.16871],[-68.42689,10.17002],[-68.42696,10.17017],[-68.42704,10.17032],[-68.42711,10.17044],[-68.42716,10.1705],[-68.42721,10.17059],[-68.42722,10.1707],[-68.42721,10.17078],[-68.42719,10.17088],[-68.42717,10.17097],[-68.42718,10.17107],[-68.42721,10.17124],[-68.42726,10.17141],[-68.42729,10.17156],[-68.4273,10.17176],[-68.4273,10.17182],[-68.42731,10.17191],[-68.42733,10.17197],[-68.42736,10.17202],[-68.42741,10.17212],[-68.4275,10.17231],[-68.42755,10.1724],[-68.42757,10.17244],[-68.42758,10.17248],[-68.42758,10.17251],[-68.42757,10.17253],[-68.42754,10.17256],[-68.42752,10.17257],[-68.4275,10.17258],[-68.42746,10.17257],[-68.4274,10.17255],[-68.42737,10.17255],[-68.42732,10.17255],[-68.42727,10.17257],[-68.42727,10.17261],[-68.42727,10.17264],[-68.4273,10.1727],[-68.4274,10.17286],[-68.42759,10.1731],[-68.42767,10.17317],[-68.42778,10.17324],[-68.42786,10.17329],[-68.42792,10.17334],[-68.42797,10.17341],[-68.42798,10.17346],[-68.42797,10.17356],[-68.42794,10.17365],[-68.42789,10.17371],[-68.42784,10.17374],[-68.42778,10.17379],[-68.42773,10.17386],[-68.42768,10.17395],[-68.42765,10.17408],[-68.42762,10.17418],[-68.42757,10.17426],[-68.4275,10.1743],[-68.42742,10.17431],[-68.42737,10.17432],[-68.42729,10.17433],[-68.42724,10.17436],[-68.42722,10.17441],[-68.4272,10.1745],[-68.42719,10.17464],[-68.42716,10.17474],[-68.42712,10.1748],[-68.42711,10.17487],[-68.42711,10.17492],[-68.42711,10.17495],[-68.42714,10.175],[-68.42718,10.17504],[-68.42722,10.17507],[-68.42725,10.17508],[-68.42728,10.17508],[-68.42732,10.17505],[-68.42734,10.17501],[-68.42736,10.17499],[-68.42738,10.17499],[-68.4274,10.17499],[-68.42742,10.17502],[-68.42744,10.17509],[-68.42745,10.17514],[-68.42745,10.17519],[-68.42747,10.17523],[-68.4275,10.17527],[-68.42753,10.17529],[-68.42756,10.1753],[-68.42758,10.17533],[-68.42758,10.17537],[-68.42757,10.17541],[-68.42755,10.17543],[-68.42751,10.17545],[-68.42738,10.17549],[-68.42733,10.17551],[-68.42727,10.17552],[-68.4272,10.17552],[-68.42715,10.17552],[-68.42709,10.17551],[-68.42705,10.17551],[-68.42701,10.17554],[-68.427,10.17556],[-68.427,10.17561],[-68.42702,10.17567],[-68.42703,10.17572],[-68.42707,10.17578],[-68.4271,10.17583],[-68.42712,10.1759],[-68.42714,10.17597],[-68.42716,10.17603],[-68.42718,10.17606],[-68.42721,10.17609],[-68.42731,10.17617],[-68.42737,10.17622],[-68.4274,10.17627],[-68.42743,10.17631],[-68.42746,10.17635],[-68.42748,10.1764],[-68.42748,10.17645],[-68.42747,10.17647],[-68.42746,10.17649],[-68.42745,10.17652],[-68.42745,10.17656],[-68.42747,10.17658],[-68.42749,10.1766],[-68.42754,10.17663],[-68.42759,10.17667],[-68.42763,10.17669],[-68.42772,10.17671],[-68.42784,10.17673],[-68.42795,10.17677],[-68.42804,10.17685],[-68.42811,10.17697],[-68.42814,10.17712],[-68.42815,10.17725],[-68.42817,10.17732],[-68.42821,10.17741],[-68.42827,10.1775],[-68.42834,10.17756],[-68.4284,10.17764],[-68.4284,10.17775],[-68.4284,10.17787],[-68.42839,10.17799],[-68.4284,10.17809],[-68.42843,10.17819],[-68.42847,10.17828],[-68.42852,10.17834],[-68.42858,10.17838],[-68.42861,10.1784],[-68.42865,10.17843],[-68.42865,10.17849],[-68.42864,10.17854],[-68.42861,10.17863],[-68.42856,10.17872],[-68.42852,10.17881],[-68.42849,10.17896],[-68.42848,10.17904],[-68.42845,10.17912],[-68.4284,10.1792],[-68.42835,10.17929],[-68.42834,10.17935],[-68.42832,10.17944],[-68.42834,10.17952],[-68.42834,10.1796],[-68.42832,10.17966],[-68.42828,10.17973],[-68.42821,10.17976],[-68.42811,10.17978],[-68.42799,10.17978],[-68.42789,10.17979],[-68.42781,10.17982],[-68.42774,10.17987],[-68.42771,10.17992],[-68.42765,10.17998],[-68.42763,10.18004],[-68.42762,10.18014],[-68.42761,10.18021],[-68.42758,10.18028],[-68.42753,10.18033],[-68.42747,10.18037],[-68.42733,10.18037],[-68.4272,10.18036],[-68.42709,10.18036],[-68.42698,10.18037],[-68.42685,10.18044],[-68.42665,10.18056],[-68.42641,10.18066],[-68.42597,10.18082],[-68.42579,10.18089],[-68.4257,10.18095],[-68.42565,10.18101],[-68.42561,10.18108],[-68.42559,10.1812],[-68.42557,10.18128],[-68.42554,10.18137],[-68.42547,10.18149],[-68.42527,10.18175],[-68.42498,10.18211],[-68.42486,10.18224],[-68.42481,10.18231],[-68.42476,10.18237],[-68.42463,10.18245],[-68.42452,10.18251],[-68.4244,10.18256],[-68.42433,10.18259],[-68.4242,10.18265],[-68.42406,10.18275],[-68.42392,10.18299],[-68.42388,10.18313],[-68.42384,10.18323],[-68.42383,10.18342],[-68.42383,10.18363],[-68.42386,10.18387],[-68.42389,10.184],[-68.42388,10.18415],[-68.42387,10.18425],[-68.42383,10.18435],[-68.42373,10.1845],[-68.42359,10.18465],[-68.4234,10.18488],[-68.42327,10.18507],[-68.42315,10.18529],[-68.4231,10.18541],[-68.42307,10.1855],[-68.42305,10.18564],[-68.42304,10.18576],[-68.42301,10.1859],[-68.42296,10.18603],[-68.42287,10.18617],[-68.42266,10.18637],[-68.42249,10.18652],[-68.42232,10.18667],[-68.42213,10.18678],[-68.42202,10.18685],[-68.42188,10.18689],[-68.42174,10.18693],[-68.42162,10.18693],[-68.42149,10.18691],[-68.42142,10.18689],[-68.42133,10.18683],[-68.42126,10.18677],[-68.42119,10.18671],[-68.42115,10.18668],[-68.42105,10.18662],[-68.42094,10.18659],[-68.42081,10.18655],[-68.42064,10.18653],[-68.42055,10.18654],[-68.42048,10.18657],[-68.42044,10.18661],[-68.42041,10.18666],[-68.42035,10.18676],[-68.42033,10.18681],[-68.42031,10.18686],[-68.4203,10.18692],[-68.42018,10.18718],[-68.42012,10.18728],[-68.42008,10.18745],[-68.42007,10.1875],[-68.42005,10.18756],[-68.41996,10.18771],[-68.41994,10.18776],[-68.41994,10.18788],[-68.41995,10.18796],[-68.41994,10.18802],[-68.41992,10.18808],[-68.4199,10.18813],[-68.41983,10.18823],[-68.41979,10.18827],[-68.41975,10.18831],[-68.4197,10.18835],[-68.41956,10.18845],[-68.41946,10.18851],[-68.4194,10.18853],[-68.41934,10.18853],[-68.41928,10.18852],[-68.41923,10.1885],[-68.41918,10.18848],[-68.41913,10.18845],[-68.41908,10.18841],[-68.41903,10.18838],[-68.41897,10.18839],[-68.41888,10.18846],[-68.41884,10.1885],[-68.41877,10.18858],[-68.41874,10.18863],[-68.41861,10.18881],[-68.41854,10.1889],[-68.41845,10.18898],[-68.41837,10.18907],[-68.41829,10.18915],[-68.41782,10.18953],[-68.4177,10.18963],[-68.41745,10.18983],[-68.4174,10.18985],[-68.41706,10.19009],[-68.41698,10.19015],[-68.41694,10.19022],[-68.41692,10.19031],[-68.41692,10.19039],[-68.41696,10.19055],[-68.41699,10.19074],[-68.41704,10.19095],[-68.41704,10.191],[-68.41703,10.19106],[-68.41699,10.19117],[-68.41697,10.19122],[-68.41696,10.19127],[-68.41698,10.19134],[-68.417,10.19146],[-68.41703,10.19157],[-68.41706,10.19162],[-68.41709,10.19166],[-68.41714,10.19169],[-68.41678,10.19229],[-68.41661,10.19255],[-68.4159,10.19255],[-68.4157,10.19273],[-68.41542,10.19282],[-68.41522,10.19318],[-68.41424,10.19385],[-68.41406,10.19406],[-68.41382,10.19421],[-68.4126,10.19562],[-68.41213,10.19528],[-68.41189,10.19528],[-68.41164,10.19548],[-68.41156,10.19569],[-68.41171,10.19601],[-68.41175,10.19615],[-68.41126,10.19643],[-68.41107,10.19668],[-68.41098,10.19725],[-68.41089,10.19744],[-68.41063,10.19771],[-68.41062,10.1981],[-68.41048,10.19819],[-68.41005,10.19836],[-68.40971,10.19861],[-68.4094,10.19881],[-68.40917,10.19952],[-68.40907,10.20016],[-68.40931,10.20085],[-68.40997,10.20148],[-68.41032,10.20214],[-68.41017,10.20246],[-68.41039,10.20286],[-68.41024,10.20315],[-68.40971,10.20378],[-68.4085,10.20474],[-68.40809,10.20472],[-68.40786,10.20478],[-68.40794,10.20525],[-68.40732,10.20586],[-68.40721,10.20643],[-68.40711,10.2074],[-68.40713,10.20985],[-68.40743,10.21184],[-68.40889,10.2131],[-68.41043,10.21435],[-68.41099,10.21456],[-68.41101,10.21576],[-68.41037,10.21709],[-68.40988,10.21806],[-68.40946,10.21811],[-68.40934,10.21814],[-68.40886,10.21834],[-68.40836,10.2186],[-68.40747,10.21894],[-68.40702,10.21916],[-68.40674,10.2193],[-68.40635,10.21945],[-68.40601,10.21952],[-68.40562,10.21953],[-68.40495,10.21949],[-68.40488,10.21982],[-68.40477,10.22005],[-68.40459,10.22021],[-68.40433,10.22037],[-68.40401,10.22046],[-68.40342,10.2206],[-68.40285,10.22067],[-68.40226,10.22067],[-68.40199,10.22069],[-68.40183,10.22073],[-68.40164,10.22088],[-68.40143,10.22109],[-68.4012,10.22126],[-68.40098,10.22135],[-68.40066,10.22142],[-68.40035,10.22145],[-68.39999,10.22142],[-68.39873,10.22137],[-68.398,10.22141],[-68.3977,10.22139],[-68.39731,10.2213],[-68.3969,10.22113],[-68.39658,10.221],[-68.39621,10.22096],[-68.3959,10.22094],[-68.39542,10.22082],[-68.39521,10.22077],[-68.39491,10.22066],[-68.3935,10.22073],[-68.39311,10.22078],[-68.39291,10.22084],[-68.39269,10.22098],[-68.39235,10.22122],[-68.39201,10.22148],[-68.39164,10.22173],[-68.39128,10.22195],[-68.39094,10.22212],[-68.39064,10.22222],[-68.38941,10.22258],[-68.38753,10.22313],[-68.38727,10.22324],[-68.3869,10.22353],[-68.38651,10.22392],[-68.38627,10.22418],[-68.38592,10.22456],[-68.38568,10.22474],[-68.38531,10.22501],[-68.38511,10.22515],[-68.38487,10.22523],[-68.3846,10.22527],[-68.38409,10.22531],[-68.38334,10.22523],[-68.38226,10.22511],[-68.37995,10.22483],[-68.37967,10.22454],[-68.37946,10.22425],[-68.37929,10.22397],[-68.37906,10.2235],[-68.37869,10.22271],[-68.37917,10.22205],[-68.37927,10.22181],[-68.37929,10.22167],[-68.3793,10.22145],[-68.3793,10.22117],[-68.37927,10.22085],[-68.37923,10.22036],[-68.37924,10.22004],[-68.37924,10.21983],[-68.37924,10.21968],[-68.37928,10.21951],[-68.3794,10.21931],[-68.3796,10.21901],[-68.37976,10.21867],[-68.37991,10.2182],[-68.38002,10.21785],[-68.37976,10.21757],[-68.37953,10.21735],[-68.37931,10.21711],[-68.37913,10.21688],[-68.37902,10.21666],[-68.37889,10.21638],[-68.37875,10.21616],[-68.37858,10.21598],[-68.37832,10.21571],[-68.37819,10.21556],[-68.37812,10.21547],[-68.37806,10.21539],[-68.378,10.21531],[-68.37795,10.21522],[-68.37785,10.21513],[-68.37772,10.21501],[-68.37755,10.21482],[-68.37741,10.21464],[-68.3773,10.21444],[-68.37695,10.21378],[-68.37688,10.21363],[-68.37655,10.21263],[-68.37642,10.21229],[-68.37607,10.21186],[-68.37588,10.2117],[-68.37576,10.21158],[-68.37557,10.21136],[-68.37522,10.21089],[-68.37504,10.21071],[-68.37487,10.21055],[-68.37479,10.21047],[-68.37472,10.21043],[-68.37465,10.21038],[-68.3746,10.21033],[-68.37455,10.21027],[-68.37451,10.2102],[-68.37449,10.21013],[-68.37449,10.21006],[-68.37453,10.20999],[-68.37454,10.20995],[-68.37455,10.2099],[-68.37454,10.20986],[-68.37452,10.20981],[-68.37448,10.20977],[-68.37444,10.20974],[-68.3744,10.20968],[-68.37438,10.20957],[-68.37436,10.20951],[-68.37437,10.20945],[-68.37439,10.2094],[-68.37444,10.20934],[-68.3745,10.20927],[-68.37432,10.20883],[-68.37428,10.2087],[-68.37427,10.20856],[-68.37424,10.20807],[-68.37426,10.20744],[-68.37453,10.20702],[-68.37466,10.20681],[-68.37483,10.20663],[-68.37505,10.20644],[-68.37504,10.20624],[-68.37503,10.20614],[-68.37504,10.20604],[-68.37505,10.20595],[-68.37505,10.20588],[-68.37503,10.20582],[-68.37501,10.20579],[-68.37497,10.20575],[-68.37493,10.20573],[-68.37489,10.20567],[-68.37482,10.20547],[-68.37473,10.20519],[-68.37463,10.20498],[-68.37458,10.20487],[-68.37453,10.20478],[-68.37449,10.20467],[-68.37448,10.2045],[-68.37448,10.20442],[-68.37449,10.20435],[-68.37453,10.20429],[-68.37459,10.20422],[-68.37468,10.20415],[-68.37472,10.2041],[-68.37475,10.20404],[-68.37478,10.20391],[-68.37478,10.20366],[-68.37477,10.20336],[-68.37476,10.2028],[-68.37499,10.20251],[-68.37494,10.20156],[-68.3749,10.2011],[-68.3749,10.20102],[-68.37491,10.20096],[-68.37495,10.20089],[-68.375,10.20081],[-68.37503,10.20075],[-68.37505,10.20068],[-68.3751,10.2006],[-68.37519,10.20049],[-68.37526,10.20042],[-68.37533,10.20037],[-68.37539,10.20033],[-68.37545,10.20029],[-68.37549,10.20027],[-68.37551,10.20022],[-68.37553,10.20015],[-68.37555,10.20011],[-68.3756,10.20002],[-68.37568,10.19983],[-68.37551,10.19927],[-68.37538,10.19885],[-68.37531,10.19863],[-68.37525,10.19843],[-68.37518,10.19806],[-68.37514,10.19766],[-68.37511,10.19746],[-68.37507,10.19732],[-68.37497,10.19716],[-68.37468,10.19672],[-68.37453,10.19651],[-68.37442,10.19635],[-68.37431,10.19615],[-68.37422,10.19592],[-68.374,10.19524],[-68.37389,10.19493],[-68.37386,10.19476],[-68.37383,10.19448],[-68.37383,10.19435],[-68.37383,10.19425],[-68.37385,10.19418],[-68.3739,10.19412],[-68.37399,10.19404],[-68.37405,10.19397],[-68.37409,10.19388],[-68.37409,10.19378],[-68.37406,10.19364],[-68.37402,10.19345],[-68.37399,10.19329],[-68.37394,10.19318],[-68.37389,10.19306],[-68.37377,10.19292],[-68.37362,10.19279],[-68.37346,10.19265],[-68.37321,10.19243],[-68.37299,10.1922],[-68.37272,10.19188],[-68.37259,10.19172],[-68.37249,10.1916],[-68.37228,10.19146],[-68.37198,10.19135],[-68.3717,10.19123],[-68.37138,10.19063],[-68.37132,10.19053],[-68.37127,10.19046],[-68.3712,10.1904],[-68.37112,10.19035],[-68.37104,10.1903],[-68.37097,10.19025],[-68.37087,10.19005],[-68.37075,10.18975],[-68.3707,10.1895],[-68.3706,10.18898],[-68.37056,10.18861],[-68.37052,10.18835],[-68.3705,10.18822],[-68.3705,10.18814],[-68.37052,10.188],[-68.37056,10.18774],[-68.37069,10.1871],[-68.37055,10.18701],[-68.37034,10.18681],[-68.37017,10.18659],[-68.36977,10.18598],[-68.36962,10.18574],[-68.36955,10.18563],[-68.36948,10.18533],[-68.36945,10.18512],[-68.36944,10.18484],[-68.36943,10.18466],[-68.36932,10.18446],[-68.36932,10.18423],[-68.36938,10.18404],[-68.36944,10.18393],[-68.36949,10.18386],[-68.36962,10.18375],[-68.36961,10.18361],[-68.36961,10.1835],[-68.36962,10.18339],[-68.36966,10.18321],[-68.36975,10.1828],[-68.36959,10.1824],[-68.36937,10.18188],[-68.36925,10.18159],[-68.36907,10.18122],[-68.36901,10.18109],[-68.36889,10.18095],[-68.36876,10.18083],[-68.36858,10.18075],[-68.36837,10.18068],[-68.3683,10.18063],[-68.36824,10.18054],[-68.36818,10.18042],[-68.36814,10.18032],[-68.36809,10.18023],[-68.36802,10.18015],[-68.36793,10.18006],[-68.3677,10.17981],[-68.36725,10.1793],[-68.36697,10.179],[-68.36692,10.17826],[-68.36678,10.17698],[-68.36664,10.17622],[-68.36639,10.17591],[-68.36623,10.17575],[-68.36617,10.17566],[-68.36614,10.17561],[-68.36612,10.17553],[-68.36612,10.17539],[-68.36611,10.17527],[-68.36609,10.17516],[-68.36601,10.17499],[-68.36595,10.17485],[-68.36589,10.17468],[-68.36587,10.1746],[-68.36586,10.17452],[-68.36588,10.17442],[-68.3659,10.17431],[-68.36599,10.17417],[-68.3661,10.17386],[-68.36611,10.17379],[-68.3661,10.17368],[-68.36607,10.17355],[-68.36602,10.17341],[-68.36596,10.1733],[-68.36569,10.17287],[-68.3656,10.17268],[-68.36555,10.17253],[-68.36552,10.17233],[-68.36553,10.17212],[-68.36438,10.17069],[-68.36309,10.17066],[-68.36244,10.17065],[-68.36193,10.17065],[-68.36126,10.17072],[-68.36094,10.16979],[-68.36083,10.16939],[-68.36079,10.16909],[-68.36074,10.16865],[-68.36067,10.16836],[-68.36041,10.16757],[-68.3602,10.1674],[-68.36007,10.16731],[-68.35994,10.16724],[-68.35976,10.16717],[-68.35962,10.1671],[-68.35951,10.16703],[-68.35945,10.167],[-68.35947,10.16653],[-68.35914,10.1664],[-68.35901,10.16633],[-68.35884,10.16626],[-68.35862,10.16612],[-68.35837,10.16597],[-68.35813,10.16579],[-68.35801,10.16571],[-68.35783,10.16561],[-68.3577,10.16552],[-68.35759,10.16545],[-68.35744,10.16529],[-68.35689,10.16455],[-68.35644,10.16406],[-68.35622,10.16376],[-68.35608,10.16355],[-68.35576,10.16291],[-68.356,10.162],[-68.35616,10.16141],[-68.3562,10.16116],[-68.3556,10.16102],[-68.35522,10.16092],[-68.35497,10.16083],[-68.35461,10.16066],[-68.35441,10.16059],[-68.35423,10.16056],[-68.35406,10.16056],[-68.35387,10.16057],[-68.35364,10.16065],[-68.35349,10.16075],[-68.35342,10.16087],[-68.35336,10.16098],[-68.35328,10.16107],[-68.35317,10.16116],[-68.35237,10.16161],[-68.35226,10.16143],[-68.35221,10.16127],[-68.35219,10.16111],[-68.35219,10.16099],[-68.3522,10.1608],[-68.35215,10.16062],[-68.3521,10.16051],[-68.35201,10.16038],[-68.35192,10.16024],[-68.35178,10.15994],[-68.35168,10.15964],[-68.35164,10.1594],[-68.35156,10.15882],[-68.35145,10.15867],[-68.35135,10.15855],[-68.35123,10.15848],[-68.35108,10.1584],[-68.35034,10.1581],[-68.35023,10.15756],[-68.35017,10.15742],[-68.35009,10.15727],[-68.34986,10.15685],[-68.35034,10.15626],[-68.35021,10.15599],[-68.35008,10.15575],[-68.35005,10.15564],[-68.35004,10.15552],[-68.35005,10.15544],[-68.35009,10.15528],[-68.35015,10.15507],[-68.35024,10.15481],[-68.35034,10.15454],[-68.35036,10.15436],[-68.35036,10.15422],[-68.34997,10.15284],[-68.34961,10.15293],[-68.34858,10.15326],[-68.34733,10.15345],[-68.34699,10.1535],[-68.34346,10.15374],[-68.33774,10.15424],[-68.3351,10.15462],[-68.33185,10.1555],[-68.32712,10.15694],[-68.32298,10.15816],[-68.31698,10.16021],[-68.30935,10.16278],[-68.30758,10.16317],[-68.30018,10.16423],[-68.29931,10.16436],[-68.29928,10.16422]]]}}]}